"episode_id","season_id","franchise_id","judge","judge_type"
"F10S01E01","F10S01","F10","RuPaul","Main"
"F10S01E01","F10S01","F10","Merle Ginsberg","Main"
"F10S01E01","F10S01","F10","Santino Rice","Main"
"F10S01E01","F10S01","F10","Bob Mackie","Guest"
"F10S01E01","F10S01","F10","Mike Ruiz","Guest"
"F10S01E02","F10S01","F10","RuPaul","Main"
"F10S01E02","F10S01","F10","Merle Ginsberg","Main"
"F10S01E02","F10S01","F10","Santino Rice","Main"
"F10S01E02","F10S01","F10","Frank Gatson","Guest"
"F10S01E02","F10S01","F10","Michelle Williams","Guest"
"F10S01E03","F10S01","F10","RuPaul","Main"
"F10S01E03","F10S01","F10","Merle Ginsberg","Main"
"F10S01E03","F10S01","F10","Santino Rice","Main"
"F10S01E04","F10S01","F10","RuPaul","Main"
"F10S01E04","F10S01","F10","Merle Ginsberg","Main"
"F10S01E04","F10S01","F10","Santino Rice","Main"
"F10S01E05","F10S01","F10","RuPaul","Main"
"F10S01E05","F10S01","F10","Merle Ginsberg","Main"
"F10S01E05","F10S01","F10","Santino Rice","Main"
"F10S01E06","F10S01","F10","RuPaul","Main"
"F10S01E06","F10S01","F10","Merle Ginsberg","Main"
"F10S01E06","F10S01","F10","Santino Rice","Main"
"F10S01E08","F10S01","F10","RuPaul","Main"
"F10S01E08","F10S01","F10","Merle Ginsberg","Main"
"F10S01E08","F10S01","F10","Santino Rice","Main"
"F10S02E01","F10S02","F10","RuPaul","Main"
"F10S02E01","F10S02","F10","Merle Ginsberg","Main"
"F10S02E01","F10S02","F10","Santino Rice","Main"
"F10S02E01","F10S02","F10","Mike Ruiz","Guest"
"F10S02E01","F10S02","F10","Kathy Griffin","Guest"
"F10S02E02","F10S02","F10","RuPaul","Main"
"F10S02E02","F10S02","F10","Merle Ginsberg","Main"
"F10S02E02","F10S02","F10","Santino Rice","Main"
"F10S02E02","F10S02","F10","Kim Coles","Guest"
"F10S02E02","F10S02","F10","Dita Von Teese","Guest"
"F10S02E03","F10S02","F10","RuPaul","Main"
"F10S02E03","F10S02","F10","Merle Ginsberg","Main"
"F10S02E03","F10S02","F10","Santino Rice","Main"
"F10S02E03","F10S02","F10","Kathy Najimy","Guest"
"F10S02E03","F10S02","F10","Tanya Tucker","Guest"
"F10S02E04","F10S02","F10","RuPaul","Main"
"F10S02E04","F10S02","F10","Merle Ginsberg","Main"
"F10S02E04","F10S02","F10","Santino Rice","Main"
"F10S02E04","F10S02","F10","Lisa Rinna","Guest"
"F10S02E04","F10S02","F10","Niecy Nash","Guest"
"F10S02E05","F10S02","F10","RuPaul","Main"
"F10S02E05","F10S02","F10","Merle Ginsberg","Main"
"F10S02E05","F10S02","F10","Santino Rice","Main"
"F10S02E05","F10S02","F10","Mathu Andersen","Guest"
"F10S02E05","F10S02","F10","Martha Wash","Guest"
"F10S02E06","F10S02","F10","RuPaul","Main"
"F10S02E06","F10S02","F10","Merle Ginsberg","Main"
"F10S02E06","F10S02","F10","Santino Rice","Main"
"F10S02E06","F10S02","F10","Henry Rollins","Guest"
"F10S02E06","F10S02","F10","Terri Nunn","Guest"
"F10S02E07","F10S02","F10","RuPaul","Main"
"F10S02E07","F10S02","F10","Merle Ginsberg","Main"
"F10S02E07","F10S02","F10","Santino Rice","Main"
"F10S02E07","F10S02","F10","Gigi Levangie","Guest"
"F10S02E07","F10S02","F10","Jackie Collins","Guest"
"F10S02E08","F10S02","F10","RuPaul","Main"
"F10S02E08","F10S02","F10","Merle Ginsberg","Main"
"F10S02E08","F10S02","F10","Santino Rice","Main"
"F10S02E08","F10S02","F10","Debbie Reynolds","Guest"
"F10S02E08","F10S02","F10","Cloris Leachman","Guest"
"F10S02E08","F10S02","F10","Toni Ko","Guest"
"F10S02E09","F10S02","F10","RuPaul","Main"
"F10S02E09","F10S02","F10","Merle Ginsberg","Main"
"F10S02E09","F10S02","F10","Santino Rice","Main"
"F10S02E09","F10S02","F10","Tatum O'Neal","Guest"
"F10S02E09","F10S02","F10","Marissa Jaret Winokur","Guest"
"F10S02E11","F10S02","F10","RuPaul","Main"
"F10S02E11","F10S02","F10","Merle Ginsberg","Main"
"F10S02E11","F10S02","F10","Santino Rice","Main"
"F10S03E02","F10S03","F10","RuPaul","Main"
"F10S03E02","F10S03","F10","Santino Rice","Main"
"F10S03E02","F10S03","F10","Michelle Visage","Main"
"F10S03E02","F10S03","F10","Billy B","Main"
"F10S03E02","F10S03","F10","Bruce Vilanch","Guest"
"F10S03E02","F10S03","F10","Mike Ruiz","Guest"
"F10S03E02","F10S03","F10","Vanessa Williams","Guest"
"F10S03E03","F10S03","F10","RuPaul","Main"
"F10S03E03","F10S03","F10","Santino Rice","Main"
"F10S03E03","F10S03","F10","Michelle Visage","Main"
"F10S03E03","F10S03","F10","Billy B","Main"
"F10S03E03","F10S03","F10","Lily Tomlin","Guest"
"F10S03E03","F10S03","F10","Alessandra Torresani","Guest"
"F10S03E04","F10S03","F10","RuPaul","Main"
"F10S03E04","F10S03","F10","Santino Rice","Main"
"F10S03E04","F10S03","F10","Michelle Visage","Main"
"F10S03E04","F10S03","F10","Billy B","Main"
"F10S03E04","F10S03","F10","Billy B.","Guest"
"F10S03E04","F10S03","F10","La Toya Jackson","Guest"
"F10S03E04","F10S03","F10","Susan Powter","Guest"
"F10S03E05","F10S03","F10","RuPaul","Main"
"F10S03E05","F10S03","F10","Santino Rice","Main"
"F10S03E05","F10S03","F10","Michelle Visage","Main"
"F10S03E05","F10S03","F10","Billy B","Main"
"F10S03E05","F10S03","F10","Billy B","Guest"
"F10S03E05","F10S03","F10","Chloë Sevigny","Guest"
"F10S03E05","F10S03","F10","Debbie Matenopoulos","Guest"
"F10S03E06","F10S03","F10","RuPaul","Main"
"F10S03E06","F10S03","F10","Santino Rice","Main"
"F10S03E06","F10S03","F10","Michelle Visage","Main"
"F10S03E06","F10S03","F10","Billy B","Main"
"F10S03E06","F10S03","F10","Aisha Tyler","Guest"
"F10S03E06","F10S03","F10","Amber Rose","Guest"
"F10S03E07","F10S03","F10","RuPaul","Main"
"F10S03E07","F10S03","F10","Santino Rice","Main"
"F10S03E07","F10S03","F10","Michelle Visage","Main"
"F10S03E07","F10S03","F10","Billy B","Main"
"F10S03E07","F10S03","F10","Billy B.","Guest"
"F10S03E07","F10S03","F10","Eliza Dushku","Guest"
"F10S03E07","F10S03","F10","Sara Rue","Guest"
"F10S03E08","F10S03","F10","RuPaul","Main"
"F10S03E08","F10S03","F10","Santino Rice","Main"
"F10S03E08","F10S03","F10","Michelle Visage","Main"
"F10S03E08","F10S03","F10","Billy B","Main"
"F10S03E08","F10S03","F10","Billy B.","Guest"
"F10S03E08","F10S03","F10","Rita Rudner","Guest"
"F10S03E08","F10S03","F10","Arden Myrin","Guest"
"F10S03E09","F10S03","F10","RuPaul","Main"
"F10S03E09","F10S03","F10","Santino Rice","Main"
"F10S03E09","F10S03","F10","Michelle Visage","Main"
"F10S03E09","F10S03","F10","Billy B","Main"
"F10S03E09","F10S03","F10","Cheryl Tiegs","Guest"
"F10S03E09","F10S03","F10","Johnny Weir","Guest"
"F10S03E10","F10S03","F10","RuPaul","Main"
"F10S03E10","F10S03","F10","Santino Rice","Main"
"F10S03E10","F10S03","F10","Michelle Visage","Main"
"F10S03E10","F10S03","F10","Billy B","Main"
"F10S03E10","F10S03","F10","Jeffrey Moran","Guest"
"F10S03E10","F10S03","F10","Jody Watley","Guest"
"F10S03E10","F10S03","F10","Carmen Electra","Guest"
"F10S03E11","F10S03","F10","RuPaul","Main"
"F10S03E11","F10S03","F10","Santino Rice","Main"
"F10S03E11","F10S03","F10","Michelle Visage","Main"
"F10S03E11","F10S03","F10","Billy B","Main"
"F10S03E11","F10S03","F10","Wayne Brady","Guest"
"F10S03E11","F10S03","F10","Fantasia Barrino","Guest"
"F10S03E12","F10S03","F10","RuPaul","Main"
"F10S03E12","F10S03","F10","Santino Rice","Main"
"F10S03E12","F10S03","F10","Michelle Visage","Main"
"F10S03E12","F10S03","F10","Billy B","Main"
"F10S03E12","F10S03","F10","Mike Ruiz","Guest"
"F10S03E12","F10S03","F10","Margaret Cho","Guest"
"F10S03E12","F10S03","F10","Sharon Osbourne","Guest"
"F10S03E13","F10S03","F10","RuPaul","Main"
"F10S03E13","F10S03","F10","Santino Rice","Main"
"F10S03E13","F10S03","F10","Michelle Visage","Main"
"F10S03E13","F10S03","F10","Billy B","Main"
"F10S03E13","F10S03","F10","Mike Ruiz","Guest"
"F10S03E13","F10S03","F10","La Toya Jackson","Guest"
"F10S03E13","F10S03","F10","Gigi Levangie Grazer","Guest"
"F10S03E15","F10S03","F10","RuPaul","Main"
"F10S03E15","F10S03","F10","Santino Rice","Main"
"F10S03E15","F10S03","F10","Michelle Visage","Main"
"F10S03E15","F10S03","F10","Billy B","Main"
"F10S04E01","F10S04","F10","RuPaul","Main"
"F10S04E01","F10S04","F10","Santino Rice","Main"
"F10S04E01","F10S04","F10","Michelle Visage","Main"
"F10S04E01","F10S04","F10","Billy B","Main"
"F10S04E01","F10S04","F10","Elvira","Guest"
"F10S04E01","F10S04","F10","Mistress of the Dark","Guest"
"F10S04E01","F10S04","F10","Mike Ruiz","Guest"
"F10S04E02","F10S04","F10","RuPaul","Main"
"F10S04E02","F10S04","F10","Santino Rice","Main"
"F10S04E02","F10S04","F10","Michelle Visage","Main"
"F10S04E02","F10S04","F10","Billy B","Main"
"F10S04E02","F10S04","F10","Rick Fox","Guest"
"F10S04E02","F10S04","F10","John Salley","Guest"
"F10S04E03","F10S04","F10","RuPaul","Main"
"F10S04E03","F10S04","F10","Santino Rice","Main"
"F10S04E03","F10S04","F10","Michelle Visage","Main"
"F10S04E03","F10S04","F10","Billy B","Main"
"F10S04E03","F10S04","F10","Amber Riley","Guest"
"F10S04E03","F10S04","F10","Natalie Cole","Guest"
"F10S04E04","F10S04","F10","RuPaul","Main"
"F10S04E04","F10S04","F10","Santino Rice","Main"
"F10S04E04","F10S04","F10","Michelle Visage","Main"
"F10S04E04","F10S04","F10","Billy B","Main"
"F10S04E04","F10S04","F10","Billy B","Guest"
"F10S04E04","F10S04","F10","Nicole Sullivan","Guest"
"F10S04E04","F10S04","F10","Max Mutchnick","Guest"
"F10S04E05","F10S04","F10","RuPaul","Main"
"F10S04E05","F10S04","F10","Santino Rice","Main"
"F10S04E05","F10S04","F10","Michelle Visage","Main"
"F10S04E05","F10S04","F10","Billy B","Main"
"F10S04E05","F10S04","F10","Loretta Devine","Guest"
"F10S04E05","F10S04","F10","Ross Mathews","Guest"
"F10S04E06","F10S04","F10","RuPaul","Main"
"F10S04E06","F10S04","F10","Santino Rice","Main"
"F10S04E06","F10S04","F10","Michelle Visage","Main"
"F10S04E06","F10S04","F10","Billy B","Main"
"F10S04E06","F10S04","F10","Billy B","Guest"
"F10S04E06","F10S04","F10","Kelly Osbourne","Guest"
"F10S04E06","F10S04","F10","Pauley Perrette","Guest"
"F10S04E07","F10S04","F10","RuPaul","Main"
"F10S04E07","F10S04","F10","Santino Rice","Main"
"F10S04E07","F10S04","F10","Michelle Visage","Main"
"F10S04E07","F10S04","F10","Billy B","Main"
"F10S04E07","F10S04","F10","Regina King","Guest"
"F10S04E07","F10S04","F10","Pam Tillis","Guest"
"F10S04E08","F10S04","F10","RuPaul","Main"
"F10S04E08","F10S04","F10","Santino Rice","Main"
"F10S04E08","F10S04","F10","Michelle Visage","Main"
"F10S04E08","F10S04","F10","Billy B","Main"
"F10S04E08","F10S04","F10","Lucian Piane","Guest"
"F10S04E08","F10S04","F10","Pamela Anderson","Guest"
"F10S04E08","F10S04","F10","Jennifer Tilly","Guest"
"F10S04E09","F10S04","F10","RuPaul","Main"
"F10S04E09","F10S04","F10","Santino Rice","Main"
"F10S04E09","F10S04","F10","Michelle Visage","Main"
"F10S04E09","F10S04","F10","Billy B","Main"
"F10S04E09","F10S04","F10","Dan Savage","Guest"
"F10S04E09","F10S04","F10","Jeffrey Moran","Guest"
"F10S04E10","F10S04","F10","RuPaul","Main"
"F10S04E10","F10S04","F10","Santino Rice","Main"
"F10S04E10","F10S04","F10","Michelle Visage","Main"
"F10S04E10","F10S04","F10","Billy B","Main"
"F10S04E10","F10S04","F10","Jesse Tyler Ferguson","Guest"
"F10S04E10","F10S04","F10","Jennifer Love Hewitt","Guest"
"F10S04E11","F10S04","F10","RuPaul","Main"
"F10S04E11","F10S04","F10","Santino Rice","Main"
"F10S04E11","F10S04","F10","Michelle Visage","Main"
"F10S04E11","F10S04","F10","Billy B","Main"
"F10S04E11","F10S04","F10","Rose McGowan","Guest"
"F10S04E11","F10S04","F10","Wynonna Judd","Guest"
"F10S04E13","F10S04","F10","RuPaul","Main"
"F10S04E13","F10S04","F10","Santino Rice","Main"
"F10S04E13","F10S04","F10","Michelle Visage","Main"
"F10S04E13","F10S04","F10","Billy B","Main"
"F10S05E01","F10S05","F10","RuPaul","Main"
"F10S05E01","F10S05","F10","Santino Rice","Main"
"F10S05E01","F10S05","F10","Michelle Visage","Main"
"F10S05E01","F10S05","F10","Camille Grammer","Guest"
"F10S05E01","F10S05","F10","Mike Ruiz","Guest"
"F10S05E02","F10S05","F10","RuPaul","Main"
"F10S05E02","F10S05","F10","Santino Rice","Main"
"F10S05E02","F10S05","F10","Michelle Visage","Main"
"F10S05E02","F10S05","F10","Kristen Johnston","Guest"
"F10S05E02","F10S05","F10","Juliette Lewis","Guest"
"F10S05E03","F10S05","F10","RuPaul","Main"
"F10S05E03","F10S05","F10","Santino Rice","Main"
"F10S05E03","F10S05","F10","Michelle Visage","Main"
"F10S05E03","F10S05","F10","Coco Austin","Guest"
"F10S05E03","F10S05","F10","Paulina Porizkova","Guest"
"F10S05E04","F10S05","F10","RuPaul","Main"
"F10S05E04","F10S05","F10","Santino Rice","Main"
"F10S05E04","F10S05","F10","Michelle Visage","Main"
"F10S05E04","F10S05","F10","Chaz Bono","Guest"
"F10S05E04","F10S05","F10","Travis Wall","Guest"
"F10S05E05","F10S05","F10","RuPaul","Main"
"F10S05E05","F10S05","F10","Santino Rice","Main"
"F10S05E05","F10S05","F10","Michelle Visage","Main"
"F10S05E05","F10S05","F10","Julie Brown","Guest"
"F10S05E05","F10S05","F10","Downtown Julie Brown","Guest"
"F10S05E06","F10S05","F10","RuPaul","Main"
"F10S05E06","F10S05","F10","Santino Rice","Main"
"F10S05E06","F10S05","F10","Michelle Visage","Main"
"F10S05E06","F10S05","F10","La Toya Jackson","Guest"
"F10S05E06","F10S05","F10","The Pointer Sisters","Guest"
"F10S05E07","F10S05","F10","RuPaul","Main"
"F10S05E07","F10S05","F10","Santino Rice","Main"
"F10S05E07","F10S05","F10","Michelle Visage","Main"
"F10S05E07","F10S05","F10","Leslie Jordan","Guest"
"F10S05E07","F10S05","F10","Jeffrey Moran","Guest"
"F10S05E08","F10S05","F10","RuPaul","Main"
"F10S05E08","F10S05","F10","Santino Rice","Main"
"F10S05E08","F10S05","F10","Michelle Visage","Main"
"F10S05E08","F10S05","F10","Aubrey O'Day","Guest"
"F10S05E08","F10S05","F10","Joan Van Ark","Guest"
"F10S05E09","F10S05","F10","RuPaul","Main"
"F10S05E09","F10S05","F10","Santino Rice","Main"
"F10S05E09","F10S05","F10","Michelle Visage","Main"
"F10S05E09","F10S05","F10","María Conchita Alonso","Guest"
"F10S05E09","F10S05","F10","Jamie-Lynn Sigler","Guest"
"F10S05E10","F10S05","F10","RuPaul","Main"
"F10S05E10","F10S05","F10","Santino Rice","Main"
"F10S05E10","F10S05","F10","Michelle Visage","Main"
"F10S05E10","F10S05","F10","Clinton Kelly","Guest"
"F10S05E10","F10S05","F10","George Kotsiopoulos","Guest"
"F10S05E11","F10S05","F10","RuPaul","Main"
"F10S05E11","F10S05","F10","Santino Rice","Main"
"F10S05E11","F10S05","F10","Michelle Visage","Main"
"F10S05E11","F10S05","F10","Marg Helgenberger","Guest"
"F10S05E11","F10S05","F10","Bob Mackie","Guest"
"F10S05E12","F10S05","F10","RuPaul","Main"
"F10S05E12","F10S05","F10","Santino Rice","Main"
"F10S05E12","F10S05","F10","Michelle Visage","Main"
"F10S06E01","F10S06","F10","RuPaul","Main"
"F10S06E01","F10S06","F10","Santino Rice","Main"
"F10S06E01","F10S06","F10","Michelle Visage","Main"
"F10S06E01","F10S06","F10","Adam Lambert","Guest"
"F10S06E01","F10S06","F10","Mike Ruiz","Guest"
"F10S06E02","F10S06","F10","RuPaul","Main"
"F10S06E02","F10S06","F10","Santino Rice","Main"
"F10S06E02","F10S06","F10","Michelle Visage","Main"
"F10S06E02","F10S06","F10","Khloe Kardashian","Guest"
"F10S06E03","F10S06","F10","RuPaul","Main"
"F10S06E03","F10S06","F10","Santino Rice","Main"
"F10S06E03","F10S06","F10","Michelle Visage","Main"
"F10S06E03","F10S06","F10","Lena Headey","Guest"
"F10S06E03","F10S06","F10","Linda Blair","Guest"
"F10S06E04","F10S06","F10","RuPaul","Main"
"F10S06E04","F10S06","F10","Santino Rice","Main"
"F10S06E04","F10S06","F10","Michelle Visage","Main"
"F10S06E04","F10S06","F10","Lucian Piane","Guest"
"F10S06E04","F10S06","F10","Sheryl Lee Ralph","Guest"
"F10S06E05","F10S06","F10","RuPaul","Main"
"F10S06E05","F10S06","F10","Santino Rice","Main"
"F10S06E05","F10S06","F10","Michelle Visage","Main"
"F10S06E05","F10S06","F10","Gillian Jacobs","Guest"
"F10S06E05","F10S06","F10","Heather McDonald","Guest"
"F10S06E06","F10S06","F10","RuPaul","Main"
"F10S06E06","F10S06","F10","Santino Rice","Main"
"F10S06E06","F10S06","F10","Michelle Visage","Main"
"F10S06E06","F10S06","F10","Eve","Guest"
"F10S06E06","F10S06","F10","Trina","Guest"
"F10S06E07","F10S06","F10","RuPaul","Main"
"F10S06E07","F10S06","F10","Santino Rice","Main"
"F10S06E07","F10S06","F10","Michelle Visage","Main"
"F10S06E07","F10S06","F10","Leah Remini","Guest"
"F10S06E07","F10S06","F10","Lainie Kazan","Guest"
"F10S06E08","F10S06","F10","RuPaul","Main"
"F10S06E08","F10S06","F10","Santino Rice","Main"
"F10S06E08","F10S06","F10","Michelle Visage","Main"
"F10S06E08","F10S06","F10","Bruce Vilanch","Guest"
"F10S06E08","F10S06","F10","Jaime Pressly","Guest"
"F10S06E09","F10S06","F10","RuPaul","Main"
"F10S06E09","F10S06","F10","Santino Rice","Main"
"F10S06E09","F10S06","F10","Michelle Visage","Main"
"F10S06E09","F10S06","F10","Chaz Bono","Guest"
"F10S06E09","F10S06","F10","Georgia Holt","Guest"
"F10S06E09","F10S06","F10","Paula Abdul","Guest"
"F10S06E10","F10S06","F10","RuPaul","Main"
"F10S06E10","F10S06","F10","Santino Rice","Main"
"F10S06E10","F10S06","F10","Michelle Visage","Main"
"F10S06E10","F10S06","F10","Neil Patrick Harris","Guest"
"F10S06E10","F10S06","F10","David Burtka","Guest"
"F10S06E11","F10S06","F10","RuPaul","Main"
"F10S06E11","F10S06","F10","Santino Rice","Main"
"F10S06E11","F10S06","F10","Michelle Visage","Main"
"F10S06E11","F10S06","F10","Bob Mackie","Guest"
"F10S06E11","F10S06","F10","Khloe Kardashian","Guest"
"F10S06E12","F10S06","F10","RuPaul","Main"
"F10S06E12","F10S06","F10","Santino Rice","Main"
"F10S06E12","F10S06","F10","Michelle Visage","Main"
"F10S07E01","F10S07","F10","RuPaul","Main"
"F10S07E01","F10S07","F10","Michelle Visage","Main"
"F10S07E01","F10S07","F10","Ross Mathews","Main"
"F10S07E01","F10S07","F10","Carson Kressley","Main"
"F10S07E01","F10S07","F10","Kathy Griffin","Guest"
"F10S07E02","F10S07","F10","RuPaul","Main"
"F10S07E02","F10S07","F10","Michelle Visage","Main"
"F10S07E02","F10S07","F10","Ross Mathews","Main"
"F10S07E02","F10S07","F10","Carson Kressley","Main"
"F10S07E02","F10S07","F10","Jordin Sparks","Guest"
"F10S07E02","F10S07","F10","Olivia Newton-John","Guest"
"F10S07E03","F10S07","F10","RuPaul","Main"
"F10S07E03","F10S07","F10","Michelle Visage","Main"
"F10S07E03","F10S07","F10","Ross Mathews","Main"
"F10S07E03","F10S07","F10","Carson Kressley","Main"
"F10S07E03","F10S07","F10","Mel B","Guest"
"F10S07E03","F10S07","F10","Kat Dennings","Guest"
"F10S07E04","F10S07","F10","RuPaul","Main"
"F10S07E04","F10S07","F10","Michelle Visage","Main"
"F10S07E04","F10S07","F10","Ross Mathews","Main"
"F10S07E04","F10S07","F10","Carson Kressley","Main"
"F10S07E04","F10S07","F10","Jessica Alba","Guest"
"F10S07E04","F10S07","F10","Lucian Piane","Guest"
"F10S07E05","F10S07","F10","RuPaul","Main"
"F10S07E05","F10S07","F10","Michelle Visage","Main"
"F10S07E05","F10S07","F10","Ross Mathews","Main"
"F10S07E05","F10S07","F10","Carson Kressley","Main"
"F10S07E05","F10S07","F10","Isaac Mizrahi","Guest"
"F10S07E06","F10S07","F10","RuPaul","Main"
"F10S07E06","F10S07","F10","Michelle Visage","Main"
"F10S07E06","F10S07","F10","Ross Mathews","Main"
"F10S07E06","F10S07","F10","Carson Kressley","Main"
"F10S07E06","F10S07","F10","Ariana Grande","Guest"
"F10S07E06","F10S07","F10","Merle Ginsberg","Guest"
"F10S07E07","F10S07","F10","RuPaul","Main"
"F10S07E07","F10S07","F10","Michelle Visage","Main"
"F10S07E07","F10S07","F10","Ross Mathews","Main"
"F10S07E07","F10S07","F10","Carson Kressley","Main"
"F10S07E07","F10S07","F10","Michael Urie","Guest"
"F10S07E07","F10S07","F10","Tamar Braxton","Guest"
"F10S07E08","F10S07","F10","RuPaul","Main"
"F10S07E08","F10S07","F10","Michelle Visage","Main"
"F10S07E08","F10S07","F10","Ross Mathews","Main"
"F10S07E08","F10S07","F10","Carson Kressley","Main"
"F10S07E08","F10S07","F10","LeAnn Rimes","Guest"
"F10S07E08","F10S07","F10","Nelsan Ellis","Guest"
"F10S07E09","F10S07","F10","RuPaul","Main"
"F10S07E09","F10S07","F10","Michelle Visage","Main"
"F10S07E09","F10S07","F10","Ross Mathews","Main"
"F10S07E09","F10S07","F10","Carson Kressley","Main"
"F10S07E09","F10S07","F10","Demi Lovato","Guest"
"F10S07E09","F10S07","F10","John Waters","Guest"
"F10S07E10","F10S07","F10","RuPaul","Main"
"F10S07E10","F10S07","F10","Michelle Visage","Main"
"F10S07E10","F10S07","F10","Ross Mathews","Main"
"F10S07E10","F10S07","F10","Carson Kressley","Main"
"F10S07E10","F10S07","F10","Alyssa Milano","Guest"
"F10S07E10","F10S07","F10","Rachael Harris","Guest"
"F10S07E11","F10S07","F10","RuPaul","Main"
"F10S07E11","F10S07","F10","Michelle Visage","Main"
"F10S07E11","F10S07","F10","Ross Mathews","Main"
"F10S07E11","F10S07","F10","Carson Kressley","Main"
"F10S07E11","F10S07","F10","Rebecca Romijn","Guest"
"F10S07E11","F10S07","F10","Santino Rice","Guest"
"F10S07E12","F10S07","F10","RuPaul","Main"
"F10S07E12","F10S07","F10","Michelle Visage","Main"
"F10S07E12","F10S07","F10","Ross Mathews","Main"
"F10S07E12","F10S07","F10","Carson Kressley","Main"
"F10S08E01","F10S08","F10","RuPaul","Main"
"F10S08E01","F10S08","F10","Michelle Visage","Main"
"F10S08E01","F10S08","F10","Ross Mathews","Main"
"F10S08E01","F10S08","F10","Carson Kressley","Main"
"F10S08E01","F10S08","F10","Nicole Richie","Guest"
"F10S08E02","F10S08","F10","RuPaul","Main"
"F10S08E02","F10S08","F10","Michelle Visage","Main"
"F10S08E02","F10S08","F10","Ross Mathews","Main"
"F10S08E02","F10S08","F10","Carson Kressley","Main"
"F10S08E02","F10S08","F10","Ester Dean","Guest"
"F10S08E02","F10S08","F10","Lucian Piane","Guest"
"F10S08E02","F10S08","F10","Jamal Sims","Guest"
"F10S08E03","F10S08","F10","RuPaul","Main"
"F10S08E03","F10S08","F10","Michelle Visage","Main"
"F10S08E03","F10S08","F10","Ross Mathews","Main"
"F10S08E03","F10S08","F10","Carson Kressley","Main"
"F10S08E03","F10S08","F10","Faith Evans","Guest"
"F10S08E03","F10S08","F10","Tasha Smith","Guest"
"F10S08E04","F10S08","F10","RuPaul","Main"
"F10S08E04","F10S08","F10","Michelle Visage","Main"
"F10S08E04","F10S08","F10","Ross Mathews","Main"
"F10S08E04","F10S08","F10","Carson Kressley","Main"
"F10S08E04","F10S08","F10","Debbie Harry","Guest"
"F10S08E04","F10S08","F10","Chris Stein","Guest"
"F10S08E04","F10S08","F10","Lucian Piane","Guest"
"F10S08E05","F10S08","F10","RuPaul","Main"
"F10S08E05","F10S08","F10","Michelle Visage","Main"
"F10S08E05","F10S08","F10","Ross Mathews","Main"
"F10S08E05","F10S08","F10","Carson Kressley","Main"
"F10S08E05","F10S08","F10","Gigi Hadid","Guest"
"F10S08E05","F10S08","F10","Chanel Iman","Guest"
"F10S08E06","F10S08","F10","RuPaul","Main"
"F10S08E06","F10S08","F10","Michelle Visage","Main"
"F10S08E06","F10S08","F10","Ross Mathews","Main"
"F10S08E06","F10S08","F10","Carson Kressley","Main"
"F10S08E06","F10S08","F10","Todrick Hall","Guest"
"F10S08E06","F10S08","F10","Marc Jacobs","Guest"
"F10S08E07","F10S08","F10","RuPaul","Main"
"F10S08E07","F10S08","F10","Michelle Visage","Main"
"F10S08E07","F10S08","F10","Ross Mathews","Main"
"F10S08E07","F10S08","F10","Carson Kressley","Main"
"F10S08E07","F10S08","F10","Thomas Roberts","Guest"
"F10S08E07","F10S08","F10","Vivica A. Fox","Guest"
"F10S08E08","F10S08","F10","RuPaul","Main"
"F10S08E08","F10S08","F10","Michelle Visage","Main"
"F10S08E08","F10S08","F10","Ross Mathews","Main"
"F10S08E08","F10S08","F10","Carson Kressley","Main"
"F10S08E08","F10S08","F10","Amy Sedaris","Guest"
"F10S08E08","F10S08","F10","David Sedaris","Guest"
"F10S08E09","F10S08","F10","RuPaul","Main"
"F10S08E09","F10S08","F10","Michelle Visage","Main"
"F10S08E09","F10S08","F10","Ross Mathews","Main"
"F10S08E09","F10S08","F10","Carson Kressley","Main"
"F10S09E01","F10S09","F10","RuPaul","Main"
"F10S09E01","F10S09","F10","Michelle Visage","Main"
"F10S09E01","F10S09","F10","Ross Mathews","Main"
"F10S09E01","F10S09","F10","Carson Kressley","Main"
"F10S09E01","F10S09","F10","Lady Gaga","Guest"
"F10S09E02","F10S09","F10","RuPaul","Main"
"F10S09E02","F10S09","F10","Michelle Visage","Main"
"F10S09E02","F10S09","F10","Ross Mathews","Main"
"F10S09E02","F10S09","F10","Carson Kressley","Main"
"F10S09E02","F10S09","F10","The B-52's","Guest"
"F10S09E03","F10S09","F10","RuPaul","Main"
"F10S09E03","F10S09","F10","Michelle Visage","Main"
"F10S09E03","F10S09","F10","Ross Mathews","Main"
"F10S09E03","F10S09","F10","Carson Kressley","Main"
"F10S09E03","F10S09","F10","Todrick Hall","Guest"
"F10S09E03","F10S09","F10","Cheyenne Jackson","Guest"
"F10S09E04","F10S09","F10","RuPaul","Main"
"F10S09E04","F10S09","F10","Michelle Visage","Main"
"F10S09E04","F10S09","F10","Ross Mathews","Main"
"F10S09E04","F10S09","F10","Carson Kressley","Main"
"F10S09E04","F10S09","F10","Jeffrey Bowyer-Chapman","Guest"
"F10S09E04","F10S09","F10","Naya Rivera","Guest"
"F10S09E05","F10S09","F10","RuPaul","Main"
"F10S09E05","F10S09","F10","Michelle Visage","Main"
"F10S09E05","F10S09","F10","Ross Mathews","Main"
"F10S09E05","F10S09","F10","Carson Kressley","Main"
"F10S09E05","F10S09","F10","Meghan Trainor","Guest"
"F10S09E05","F10S09","F10","Todrick Hall","Guest"
"F10S09E06","F10S09","F10","RuPaul","Main"
"F10S09E06","F10S09","F10","Michelle Visage","Main"
"F10S09E06","F10S09","F10","Ross Mathews","Main"
"F10S09E06","F10S09","F10","Carson Kressley","Main"
"F10S09E06","F10S09","F10","Candis Cayne","Guest"
"F10S09E06","F10S09","F10","Denis O'Hare","Guest"
"F10S09E07","F10S09","F10","RuPaul","Main"
"F10S09E07","F10S09","F10","Michelle Visage","Main"
"F10S09E07","F10S09","F10","Ross Mathews","Main"
"F10S09E07","F10S09","F10","Carson Kressley","Main"
"F10S09E07","F10S09","F10","Jennie Garth","Guest"
"F10S09E07","F10S09","F10","Tori Spelling","Guest"
"F10S09E08","F10S09","F10","RuPaul","Main"
"F10S09E08","F10S09","F10","Michelle Visage","Main"
"F10S09E08","F10S09","F10","Ross Mathews","Main"
"F10S09E08","F10S09","F10","Carson Kressley","Main"
"F10S09E08","F10S09","F10","Fortune Feimster","Guest"
"F10S09E08","F10S09","F10","Tamar Braxton","Guest"
"F10S09E09","F10S09","F10","RuPaul","Main"
"F10S09E09","F10S09","F10","Michelle Visage","Main"
"F10S09E09","F10S09","F10","Ross Mathews","Main"
"F10S09E09","F10S09","F10","Carson Kressley","Main"
"F10S09E09","F10S09","F10","Lisa Robertson","Guest"
"F10S09E09","F10S09","F10","Noah Galvin","Guest"
"F10S09E10","F10S09","F10","RuPaul","Main"
"F10S09E10","F10S09","F10","Michelle Visage","Main"
"F10S09E10","F10S09","F10","Ross Mathews","Main"
"F10S09E10","F10S09","F10","Carson Kressley","Main"
"F10S09E10","F10S09","F10","Kesha","Guest"
"F10S09E10","F10S09","F10","Zaldy","Guest"
"F10S09E11","F10S09","F10","RuPaul","Main"
"F10S09E11","F10S09","F10","Michelle Visage","Main"
"F10S09E11","F10S09","F10","Ross Mathews","Main"
"F10S09E11","F10S09","F10","Carson Kressley","Main"
"F10S09E11","F10S09","F10","Andie MacDowell","Guest"
"F10S09E11","F10S09","F10","Joan Smalls","Guest"
"F10S09E12","F10S09","F10","RuPaul","Main"
"F10S09E12","F10S09","F10","Michelle Visage","Main"
"F10S09E12","F10S09","F10","Ross Mathews","Main"
"F10S09E12","F10S09","F10","Carson Kressley","Main"
"F10S10E01","F10S10","F10","RuPaul","Main"
"F10S10E01","F10S10","F10","Michelle Visage","Main"
"F10S10E01","F10S10","F10","Ross Mathews","Main"
"F10S10E01","F10S10","F10","Carson Kressley","Main"
"F10S10E01","F10S10","F10","Christina Aguilera","Guest"
"F10S10E02","F10S10","F10","RuPaul","Main"
"F10S10E02","F10S10","F10","Michelle Visage","Main"
"F10S10E02","F10S10","F10","Ross Mathews","Main"
"F10S10E02","F10S10","F10","Carson Kressley","Main"
"F10S10E02","F10S10","F10","Halsey","Guest"
"F10S10E02","F10S10","F10","Padma Lakshmi","Guest"
"F10S10E03","F10S10","F10","RuPaul","Main"
"F10S10E03","F10S10","F10","Michelle Visage","Main"
"F10S10E03","F10S10","F10","Ross Mathews","Main"
"F10S10E03","F10S10","F10","Carson Kressley","Main"
"F10S10E03","F10S10","F10","Courtney Love","Guest"
"F10S10E03","F10S10","F10","Nico Tortorella","Guest"
"F10S10E04","F10S10","F10","RuPaul","Main"
"F10S10E04","F10S10","F10","Michelle Visage","Main"
"F10S10E04","F10S10","F10","Ross Mathews","Main"
"F10S10E04","F10S10","F10","Carson Kressley","Main"
"F10S10E04","F10S10","F10","Logan Browning","Guest"
"F10S10E04","F10S10","F10","Tisha Campbell Martin","Guest"
"F10S10E05","F10S10","F10","RuPaul","Main"
"F10S10E05","F10S10","F10","Michelle Visage","Main"
"F10S10E05","F10S10","F10","Ross Mathews","Main"
"F10S10E05","F10S10","F10","Carson Kressley","Main"
"F10S10E05","F10S10","F10","Carrie Preston","Guest"
"F10S10E05","F10S10","F10","Shania Twain","Guest"
"F10S10E06","F10S10","F10","RuPaul","Main"
"F10S10E06","F10S10","F10","Michelle Visage","Main"
"F10S10E06","F10S10","F10","Ross Mathews","Main"
"F10S10E06","F10S10","F10","Carson Kressley","Main"
"F10S10E06","F10S10","F10","Kumail Nanjiani","Guest"
"F10S10E06","F10S10","F10","Emily V. Gordon","Guest"
"F10S10E07","F10S10","F10","RuPaul","Main"
"F10S10E07","F10S10","F10","Michelle Visage","Main"
"F10S10E07","F10S10","F10","Ross Mathews","Main"
"F10S10E07","F10S10","F10","Carson Kressley","Main"
"F10S10E07","F10S10","F10","Audra McDonald","Guest"
"F10S10E07","F10S10","F10","Kate Upton","Guest"
"F10S10E08","F10S10","F10","RuPaul","Main"
"F10S10E08","F10S10","F10","Michelle Visage","Main"
"F10S10E08","F10S10","F10","Ross Mathews","Main"
"F10S10E08","F10S10","F10","Carson Kressley","Main"
"F10S10E08","F10S10","F10","Billy Eichner","Guest"
"F10S10E08","F10S10","F10","Andrew Rannells","Guest"
"F10S10E09","F10S10","F10","RuPaul","Main"
"F10S10E09","F10S10","F10","Michelle Visage","Main"
"F10S10E09","F10S10","F10","Ross Mathews","Main"
"F10S10E09","F10S10","F10","Carson Kressley","Main"
"F10S10E09","F10S10","F10","Abbi Jacobson","Guest"
"F10S10E09","F10S10","F10","Ilana Glazer","Guest"
"F10S10E10","F10S10","F10","RuPaul","Main"
"F10S10E10","F10S10","F10","Michelle Visage","Main"
"F10S10E10","F10S10","F10","Ross Mathews","Main"
"F10S10E10","F10S10","F10","Carson Kressley","Main"
"F10S10E10","F10S10","F10","Miles Heizer","Guest"
"F10S10E10","F10S10","F10","Lizzo","Guest"
"F10S10E11","F10S10","F10","RuPaul","Main"
"F10S10E11","F10S10","F10","Michelle Visage","Main"
"F10S10E11","F10S10","F10","Ross Mathews","Main"
"F10S10E11","F10S10","F10","Carson Kressley","Main"
"F10S10E11","F10S10","F10","Lena Dunham","Guest"
"F10S10E11","F10S10","F10","Ashanti","Guest"
"F10S10E12","F10S10","F10","RuPaul","Main"
"F10S10E12","F10S10","F10","Michelle Visage","Main"
"F10S10E12","F10S10","F10","Ross Mathews","Main"
"F10S10E12","F10S10","F10","Carson Kressley","Main"
"F10S10E12","F10S10","F10","Todrick Hall","Guest"
"F10S11E01","F10S11","F10","RuPaul","Main"
"F10S11E01","F10S11","F10","Michelle Visage","Main"
"F10S11E01","F10S11","F10","Ross Mathews","Main"
"F10S11E01","F10S11","F10","Carson Kressley","Main"
"F10S11E01","F10S11","F10","Miley Cyrus","Guest"
"F10S11E02","F10S11","F10","RuPaul","Main"
"F10S11E02","F10S11","F10","Michelle Visage","Main"
"F10S11E02","F10S11","F10","Ross Mathews","Main"
"F10S11E02","F10S11","F10","Carson Kressley","Main"
"F10S11E02","F10S11","F10","Sydelle Noel","Guest"
"F10S11E02","F10S11","F10","Bobby Moynihan","Guest"
"F10S11E03","F10S11","F10","RuPaul","Main"
"F10S11E03","F10S11","F10","Michelle Visage","Main"
"F10S11E03","F10S11","F10","Ross Mathews","Main"
"F10S11E03","F10S11","F10","Carson Kressley","Main"
"F10S11E03","F10S11","F10","Guillermo Díaz","Guest"
"F10S11E03","F10S11","F10","Troye Sivan","Guest"
"F10S11E04","F10S11","F10","RuPaul","Main"
"F10S11E04","F10S11","F10","Michelle Visage","Main"
"F10S11E04","F10S11","F10","Ross Mathews","Main"
"F10S11E04","F10S11","F10","Carson Kressley","Main"
"F10S11E04","F10S11","F10","Tiffany Pollard","Guest"
"F10S11E04","F10S11","F10","Joel McHale","Guest"
"F10S11E05","F10S11","F10","RuPaul","Main"
"F10S11E05","F10S11","F10","Michelle Visage","Main"
"F10S11E05","F10S11","F10","Ross Mathews","Main"
"F10S11E05","F10S11","F10","Carson Kressley","Main"
"F10S11E05","F10S11","F10","Cara Delevingne","Guest"
"F10S11E05","F10S11","F10","Elvira","Guest"
"F10S11E06","F10S11","F10","RuPaul","Main"
"F10S11E06","F10S11","F10","Michelle Visage","Main"
"F10S11E06","F10S11","F10","Ross Mathews","Main"
"F10S11E06","F10S11","F10","Carson Kressley","Main"
"F10S11E06","F10S11","F10","Travis Wall","Guest"
"F10S11E06","F10S11","F10","Mirai Nagasu","Guest"
"F10S11E06","F10S11","F10","Adam Rippon","Guest"
"F10S11E07","F10S11","F10","RuPaul","Main"
"F10S11E07","F10S11","F10","Michelle Visage","Main"
"F10S11E07","F10S11","F10","Ross Mathews","Main"
"F10S11E07","F10S11","F10","Carson Kressley","Main"
"F10S11E07","F10S11","F10","Kandi Burruss","Guest"
"F10S11E07","F10S11","F10","Amber Valletta","Guest"
"F10S11E08","F10S11","F10","RuPaul","Main"
"F10S11E08","F10S11","F10","Michelle Visage","Main"
"F10S11E08","F10S11","F10","Ross Mathews","Main"
"F10S11E08","F10S11","F10","Carson Kressley","Main"
"F10S11E08","F10S11","F10","Tony Hale","Guest"
"F10S11E08","F10S11","F10","Clea DuVall","Guest"
"F10S11E09","F10S11","F10","RuPaul","Main"
"F10S11E09","F10S11","F10","Michelle Visage","Main"
"F10S11E09","F10S11","F10","Ross Mathews","Main"
"F10S11E09","F10S11","F10","Carson Kressley","Main"
"F10S11E09","F10S11","F10","Fortune Feimster","Guest"
"F10S11E09","F10S11","F10","Cheyenne Jackson","Guest"
"F10S11E09","F10S11","F10","Natasha Lyonne","Guest"
"F10S11E10","F10S11","F10","RuPaul","Main"
"F10S11E10","F10S11","F10","Michelle Visage","Main"
"F10S11E10","F10S11","F10","Ross Mathews","Main"
"F10S11E10","F10S11","F10","Carson Kressley","Main"
"F10S11E10","F10S11","F10","Katherine Langford","Guest"
"F10S11E10","F10S11","F10","Gina Rodriguez","Guest"
"F10S11E11","F10S11","F10","RuPaul","Main"
"F10S11E11","F10S11","F10","Michelle Visage","Main"
"F10S11E11","F10S11","F10","Ross Mathews","Main"
"F10S11E11","F10S11","F10","Carson Kressley","Main"
"F10S11E11","F10S11","F10","Lena Waithe","Guest"
"F10S11E11","F10S11","F10","Wanda Sykes","Guest"
"F10S11E12","F10S11","F10","RuPaul","Main"
"F10S11E12","F10S11","F10","Michelle Visage","Main"
"F10S11E12","F10S11","F10","Ross Mathews","Main"
"F10S11E12","F10S11","F10","Carson Kressley","Main"
"F10S11E12","F10S11","F10","Todrick Hall","Guest"
"F10S12E01","F10S12","F10","RuPaul","Main"
"F10S12E01","F10S12","F10","Michelle Visage","Main"
"F10S12E01","F10S12","F10","Ross Mathews","Main"
"F10S12E01","F10S12","F10","Carson Kressley","Main"
"F10S12E01","F10S12","F10","Nicki Minaj","Guest"
"F10S12E02","F10S12","F10","RuPaul","Main"
"F10S12E02","F10S12","F10","Michelle Visage","Main"
"F10S12E02","F10S12","F10","Ross Mathews","Main"
"F10S12E02","F10S12","F10","Carson Kressley","Main"
"F10S12E02","F10S12","F10","Robyn","Guest"
"F10S12E02","F10S12","F10","Thandie Newton","Guest"
"F10S12E03","F10S12","F10","RuPaul","Main"
"F10S12E03","F10S12","F10","Michelle Visage","Main"
"F10S12E03","F10S12","F10","Ross Mathews","Main"
"F10S12E03","F10S12","F10","Carson Kressley","Main"
"F10S12E03","F10S12","F10","Olivia Munn","Guest"
"F10S12E04","F10S12","F10","RuPaul","Main"
"F10S12E04","F10S12","F10","Michelle Visage","Main"
"F10S12E04","F10S12","F10","Ross Mathews","Main"
"F10S12E04","F10S12","F10","Carson Kressley","Main"
"F10S12E04","F10S12","F10","Leslie Jones","Guest"
"F10S12E05","F10S12","F10","RuPaul","Main"
"F10S12E05","F10S12","F10","Michelle Visage","Main"
"F10S12E05","F10S12","F10","Ross Mathews","Main"
"F10S12E05","F10S12","F10","Carson Kressley","Main"
"F10S12E05","F10S12","F10","Normani","Guest"
"F10S12E06","F10S12","F10","RuPaul","Main"
"F10S12E06","F10S12","F10","Michelle Visage","Main"
"F10S12E06","F10S12","F10","Ross Mathews","Main"
"F10S12E06","F10S12","F10","Carson Kressley","Main"
"F10S12E06","F10S12","F10","Daniel Franzese","Guest"
"F10S12E06","F10S12","F10","Jonathan Bennett","Guest"
"F10S12E07","F10S12","F10","RuPaul","Main"
"F10S12E07","F10S12","F10","Michelle Visage","Main"
"F10S12E07","F10S12","F10","Ross Mathews","Main"
"F10S12E07","F10S12","F10","Carson Kressley","Main"
"F10S12E07","F10S12","F10","Alexandria Ocasio-Cortez","Guest"
"F10S12E07","F10S12","F10","Winnie Harlow","Guest"
"F10S12E08","F10S12","F10","RuPaul","Main"
"F10S12E08","F10S12","F10","Michelle Visage","Main"
"F10S12E08","F10S12","F10","Ross Mathews","Main"
"F10S12E08","F10S12","F10","Carson Kressley","Main"
"F10S12E08","F10S12","F10","Chaka Khan","Guest"
"F10S12E09","F10S12","F10","RuPaul","Main"
"F10S12E09","F10S12","F10","Michelle Visage","Main"
"F10S12E09","F10S12","F10","Ross Mathews","Main"
"F10S12E09","F10S12","F10","Carson Kressley","Main"
"F10S12E09","F10S12","F10","Jeff Goldblum","Guest"
"F10S12E09","F10S12","F10","Rachel Bloom","Guest"
"F10S12E10","F10S12","F10","RuPaul","Main"
"F10S12E10","F10S12","F10","Michelle Visage","Main"
"F10S12E10","F10S12","F10","Ross Mathews","Main"
"F10S12E10","F10S12","F10","Carson Kressley","Main"
"F10S12E10","F10S12","F10","Daisy Ridley","Guest"
"F10S12E11","F10S12","F10","RuPaul","Main"
"F10S12E11","F10S12","F10","Michelle Visage","Main"
"F10S12E11","F10S12","F10","Ross Mathews","Main"
"F10S12E11","F10S12","F10","Carson Kressley","Main"
"F10S12E11","F10S12","F10","Whoopi Goldberg","Guest"
"F10S12E12","F10S12","F10","RuPaul","Main"
"F10S12E12","F10S12","F10","Michelle Visage","Main"
"F10S12E12","F10S12","F10","Ross Mathews","Main"
"F10S12E12","F10S12","F10","Carson Kressley","Main"
"F10S12E12","F10S12","F10","Jamal Sims","Guest"
"F10S13E01","F10S13","F10","RuPaul","Main"
"F10S13E01","F10S13","F10","Michelle Visage","Main"
"F10S13E01","F10S13","F10","Ross Mathews","Main"
"F10S13E01","F10S13","F10","Carson Kressley","Main"
"F10S13E02","F10S13","F10","RuPaul","Main"
"F10S13E02","F10S13","F10","Michelle Visage","Main"
"F10S13E02","F10S13","F10","Ross Mathews","Main"
"F10S13E02","F10S13","F10","Carson Kressley","Main"
"F10S13E02","F10S13","F10","Jamal Sims","Guest"
"F10S13E03","F10S13","F10","RuPaul","Main"
"F10S13E03","F10S13","F10","Michelle Visage","Main"
"F10S13E03","F10S13","F10","Ross Mathews","Main"
"F10S13E03","F10S13","F10","Carson Kressley","Main"
"F10S13E03","F10S13","F10","Nicole Byer","Guest"
"F10S13E04","F10S13","F10","RuPaul","Main"
"F10S13E04","F10S13","F10","Michelle Visage","Main"
"F10S13E04","F10S13","F10","Ross Mathews","Main"
"F10S13E04","F10S13","F10","Carson Kressley","Main"
"F10S13E04","F10S13","F10","Loni Love","Guest"
"F10S13E05","F10S13","F10","RuPaul","Main"
"F10S13E05","F10S13","F10","Michelle Visage","Main"
"F10S13E05","F10S13","F10","Ross Mathews","Main"
"F10S13E05","F10S13","F10","Carson Kressley","Main"
"F10S13E05","F10S13","F10","Nicole Byer","Guest"
"F10S13E06","F10S13","F10","RuPaul","Main"
"F10S13E06","F10S13","F10","Michelle Visage","Main"
"F10S13E06","F10S13","F10","Ross Mathews","Main"
"F10S13E06","F10S13","F10","Carson Kressley","Main"
"F10S13E06","F10S13","F10","Loni Love","Guest"
"F10S13E07","F10S13","F10","RuPaul","Main"
"F10S13E07","F10S13","F10","Michelle Visage","Main"
"F10S13E07","F10S13","F10","Ross Mathews","Main"
"F10S13E07","F10S13","F10","Carson Kressley","Main"
"F10S13E07","F10S13","F10","Ts Madison","Guest"
"F10S13E08","F10S13","F10","RuPaul","Main"
"F10S13E08","F10S13","F10","Michelle Visage","Main"
"F10S13E08","F10S13","F10","Ross Mathews","Main"
"F10S13E08","F10S13","F10","Carson Kressley","Main"
"F10S13E08","F10S13","F10","Jamal Sims","Guest"
"F10S13E09","F10S13","F10","RuPaul","Main"
"F10S13E09","F10S13","F10","Michelle Visage","Main"
"F10S13E09","F10S13","F10","Ross Mathews","Main"
"F10S13E09","F10S13","F10","Carson Kressley","Main"
"F10S13E09","F10S13","F10","Ts Madison","Guest"
"F10S13E10","F10S13","F10","RuPaul","Main"
"F10S13E10","F10S13","F10","Michelle Visage","Main"
"F10S13E10","F10S13","F10","Ross Mathews","Main"
"F10S13E10","F10S13","F10","Carson Kressley","Main"
"F10S13E10","F10S13","F10","Loni Love","Guest"
"F10S13E11","F10S13","F10","RuPaul","Main"
"F10S13E11","F10S13","F10","Michelle Visage","Main"
"F10S13E11","F10S13","F10","Ross Mathews","Main"
"F10S13E11","F10S13","F10","Carson Kressley","Main"
"F10S13E12","F10S13","F10","RuPaul","Main"
"F10S13E12","F10S13","F10","Michelle Visage","Main"
"F10S13E12","F10S13","F10","Ross Mathews","Main"
"F10S13E12","F10S13","F10","Carson Kressley","Main"
"F10S13E12","F10S13","F10","Loni Love","Guest"
"F10S13E13","F10S13","F10","RuPaul","Main"
"F10S13E13","F10S13","F10","Michelle Visage","Main"
"F10S13E13","F10S13","F10","Ross Mathews","Main"
"F10S13E13","F10S13","F10","Carson Kressley","Main"
"F10S13E13","F10S13","F10","Cynthia Erivo","Guest"
"F10S13E14","F10S13","F10","RuPaul","Main"
"F10S13E14","F10S13","F10","Michelle Visage","Main"
"F10S13E14","F10S13","F10","Ross Mathews","Main"
"F10S13E14","F10S13","F10","Carson Kressley","Main"
"F10S14E01","F10S14","F10","RuPaul","Main"
"F10S14E01","F10S14","F10","Michelle Visage","Main"
"F10S14E01","F10S14","F10","Ross Mathews","Main"
"F10S14E01","F10S14","F10","Carson Kressley","Main"
"F10S14E01","F10S14","F10","Lizzo","Guest"
"F10S14E02","F10S14","F10","RuPaul","Main"
"F10S14E02","F10S14","F10","Michelle Visage","Main"
"F10S14E02","F10S14","F10","Ross Mathews","Main"
"F10S14E02","F10S14","F10","Carson Kressley","Main"
"F10S14E02","F10S14","F10","Alicia Keys","Guest"
"F10S14E03","F10S14","F10","RuPaul","Main"
"F10S14E03","F10S14","F10","Michelle Visage","Main"
"F10S14E03","F10S14","F10","Ross Mathews","Main"
"F10S14E03","F10S14","F10","Carson Kressley","Main"
"F10S14E03","F10S14","F10","Christine Chiu","Guest"
"F10S14E04","F10S14","F10","RuPaul","Main"
"F10S14E04","F10S14","F10","Michelle Visage","Main"
"F10S14E04","F10S14","F10","Ross Mathews","Main"
"F10S14E04","F10S14","F10","Carson Kressley","Main"
"F10S14E04","F10S14","F10","Loni Love","Guest"
"F10S14E05","F10S14","F10","RuPaul","Main"
"F10S14E05","F10S14","F10","Michelle Visage","Main"
"F10S14E05","F10S14","F10","Ross Mathews","Main"
"F10S14E05","F10S14","F10","Carson Kressley","Main"
"F10S14E05","F10S14","F10","Ava Max","Guest"
"F10S14E06","F10S14","F10","RuPaul","Main"
"F10S14E06","F10S14","F10","Michelle Visage","Main"
"F10S14E06","F10S14","F10","Ross Mathews","Main"
"F10S14E06","F10S14","F10","Carson Kressley","Main"
"F10S14E06","F10S14","F10","Taraji P. Henson","Guest"
"F10S14E07","F10S14","F10","RuPaul","Main"
"F10S14E07","F10S14","F10","Michelle Visage","Main"
"F10S14E07","F10S14","F10","Ross Mathews","Main"
"F10S14E07","F10S14","F10","Carson Kressley","Main"
"F10S14E07","F10S14","F10","Ts Madison","Guest"
"F10S14E08","F10S14","F10","RuPaul","Main"
"F10S14E08","F10S14","F10","Michelle Visage","Main"
"F10S14E08","F10S14","F10","Ross Mathews","Main"
"F10S14E08","F10S14","F10","Carson Kressley","Main"
"F10S14E08","F10S14","F10","Alec Mapa","Guest"
"F10S14E09","F10S14","F10","RuPaul","Main"
"F10S14E09","F10S14","F10","Michelle Visage","Main"
"F10S14E09","F10S14","F10","Ross Mathews","Main"
"F10S14E09","F10S14","F10","Carson Kressley","Main"
"F10S14E09","F10S14","F10","Nicole Byer","Guest"
"F10S14E10","F10S14","F10","RuPaul","Main"
"F10S14E10","F10S14","F10","Michelle Visage","Main"
"F10S14E10","F10S14","F10","Ross Mathews","Main"
"F10S14E10","F10S14","F10","Carson Kressley","Main"
"F10S14E10","F10S14","F10","Dove Cameron","Guest"
"F10S14E11","F10S14","F10","RuPaul","Main"
"F10S14E11","F10S14","F10","Michelle Visage","Main"
"F10S14E11","F10S14","F10","Ross Mathews","Main"
"F10S14E11","F10S14","F10","Carson Kressley","Main"
"F10S14E12","F10S14","F10","RuPaul","Main"
"F10S14E12","F10S14","F10","Michelle Visage","Main"
"F10S14E12","F10S14","F10","Ross Mathews","Main"
"F10S14E12","F10S14","F10","Carson Kressley","Main"
"F10S14E12","F10S14","F10","Andra Day","Guest"
"F10S14E13","F10S14","F10","RuPaul","Main"
"F10S14E13","F10S14","F10","Michelle Visage","Main"
"F10S14E13","F10S14","F10","Ross Mathews","Main"
"F10S14E13","F10S14","F10","Carson Kressley","Main"
"F10S14E13","F10S14","F10","Dulcé Sloan","Guest"
"F10S14E14","F10S14","F10","RuPaul","Main"
"F10S14E14","F10S14","F10","Michelle Visage","Main"
"F10S14E14","F10S14","F10","Ross Mathews","Main"
"F10S14E14","F10S14","F10","Carson Kressley","Main"
"F11S01E01","F11S01","F11","RuPaul","Main"
"F11S01E01","F11S01","F11","Michelle Visage","Main"
"F11S01E01","F11S01","F11","Santino Rice","Main"
"F11S01E01","F11S01","F11","Rachel Hunter","Guest"
"F11S01E01","F11S01","F11","Ross Mathews","Guest"
"F11S01E02","F11S01","F11","RuPaul","Main"
"F11S01E02","F11S01","F11","Michelle Visage","Main"
"F11S01E02","F11S01","F11","Santino Rice","Main"
"F11S01E02","F11S01","F11","Busy Philipps","Guest"
"F11S01E02","F11S01","F11","Vicki Lawrence","Guest"
"F11S01E03","F11S01","F11","RuPaul","Main"
"F11S01E03","F11S01","F11","Michelle Visage","Main"
"F11S01E03","F11S01","F11","Santino Rice","Main"
"F11S01E03","F11S01","F11","Rachel Dratch","Guest"
"F11S01E03","F11S01","F11","Janice Dickinson","Guest"
"F11S01E04","F11S01","F11","RuPaul","Main"
"F11S01E04","F11S01","F11","Michelle Visage","Main"
"F11S01E04","F11S01","F11","Santino Rice","Main"
"F11S01E04","F11S01","F11","Mary Wilson","Guest"
"F11S01E04","F11S01","F11","Rosie Perez","Guest"
"F11S01E05","F11S01","F11","RuPaul","Main"
"F11S01E05","F11S01","F11","Michelle Visage","Main"
"F11S01E05","F11S01","F11","Santino Rice","Main"
"F11S01E05","F11S01","F11","Wendi McLendon-Covey","Guest"
"F11S01E05","F11S01","F11","Elvira","Guest"
"F11S01E05","F11S01","F11","Mistress of the Dark","Guest"
"F11S01E06","F11S01","F11","RuPaul","Main"
"F11S01E06","F11S01","F11","Michelle Visage","Main"
"F11S01E06","F11S01","F11","Santino Rice","Main"
"F11S01E06","F11S01","F11","Beth Ditto","Guest"
"F11S01E06","F11S01","F11","Cheri Oteri","Guest"
"F11S02E01","F11S02","F11","RuPaul","Main"
"F11S02E01","F11S02","F11","Michelle Visage","Main"
"F11S02E01","F11S02","F11","Carson Kressley","Main"
"F11S02E01","F11S02","F11","Todrick Hall","Main"
"F11S02E01","F11S02","F11","Raven-Symoné","Guest"
"F11S02E02","F11S02","F11","RuPaul","Main"
"F11S02E02","F11S02","F11","Michelle Visage","Main"
"F11S02E02","F11S02","F11","Carson Kressley","Main"
"F11S02E02","F11S02","F11","Todrick Hall","Main"
"F11S02E02","F11S02","F11","Ross Mathews","Guest"
"F11S02E03","F11S02","F11","RuPaul","Main"
"F11S02E03","F11S02","F11","Michelle Visage","Main"
"F11S02E03","F11S02","F11","Carson Kressley","Main"
"F11S02E03","F11S02","F11","Todrick Hall","Main"
"F11S02E03","F11S02","F11","Jeremy Scott","Guest"
"F11S02E04","F11S02","F11","RuPaul","Main"
"F11S02E04","F11S02","F11","Michelle Visage","Main"
"F11S02E04","F11S02","F11","Carson Kressley","Main"
"F11S02E04","F11S02","F11","Todrick Hall","Main"
"F11S02E04","F11S02","F11","Nicole Scherzinger","Guest"
"F11S02E05","F11S02","F11","RuPaul","Main"
"F11S02E05","F11S02","F11","Michelle Visage","Main"
"F11S02E05","F11S02","F11","Carson Kressley","Main"
"F11S02E05","F11S02","F11","Todrick Hall","Main"
"F11S02E05","F11S02","F11","Ross Matthews","Guest"
"F11S02E06","F11S02","F11","RuPaul","Main"
"F11S02E06","F11S02","F11","Michelle Visage","Main"
"F11S02E06","F11S02","F11","Carson Kressley","Main"
"F11S02E06","F11S02","F11","Todrick Hall","Main"
"F11S02E06","F11S02","F11","Graham Norton","Guest"
"F11S02E07","F11S02","F11","RuPaul","Main"
"F11S02E07","F11S02","F11","Michelle Visage","Main"
"F11S02E07","F11S02","F11","Carson Kressley","Main"
"F11S02E07","F11S02","F11","Todrick Hall","Main"
"F11S02E07","F11S02","F11","Aubrey Plaza","Guest"
"F11S02E08","F11S02","F11","RuPaul","Main"
"F11S02E08","F11S02","F11","Michelle Visage","Main"
"F11S02E08","F11S02","F11","Carson Kressley","Main"
"F11S02E08","F11S02","F11","Todrick Hall","Main"
"F11S03E01","F11S03","F11","RuPaul","Main"
"F11S03E01","F11S03","F11","Michelle Visage","Main"
"F11S03E01","F11S03","F11","Carson Kressley","Main"
"F11S03E01","F11S03","F11","Ross Mathews","Main"
"F11S03E01","F11S03","F11","Vanessa Hudgens","Guest"
"F11S03E02","F11S03","F11","RuPaul","Main"
"F11S03E02","F11S03","F11","Michelle Visage","Main"
"F11S03E02","F11S03","F11","Carson Kressley","Main"
"F11S03E02","F11S03","F11","Ross Mathews","Main"
"F11S03E02","F11S03","F11","Todrick Hall","Guest"
"F11S03E02","F11S03","F11","Vanessa Williams","Guest"
"F11S03E03","F11S03","F11","RuPaul","Main"
"F11S03E03","F11S03","F11","Michelle Visage","Main"
"F11S03E03","F11S03","F11","Carson Kressley","Main"
"F11S03E03","F11S03","F11","Ross Mathews","Main"
"F11S03E03","F11S03","F11","Constance Zimmer","Guest"
"F11S03E03","F11S03","F11","Jeffrey Bowyer-Chapman","Guest"
"F11S03E04","F11S03","F11","RuPaul","Main"
"F11S03E04","F11S03","F11","Michelle Visage","Main"
"F11S03E04","F11S03","F11","Carson Kressley","Main"
"F11S03E04","F11S03","F11","Ross Mathews","Main"
"F11S03E04","F11S03","F11","Kristin Chenoweth","Guest"
"F11S03E04","F11S03","F11","Nicole Byer","Guest"
"F11S03E05","F11S03","F11","RuPaul","Main"
"F11S03E05","F11S03","F11","Michelle Visage","Main"
"F11S03E05","F11S03","F11","Carson Kressley","Main"
"F11S03E05","F11S03","F11","Ross Mathews","Main"
"F11S03E05","F11S03","F11","Tituss Burgess","Guest"
"F11S03E05","F11S03","F11","Shay Mitchell","Guest"
"F11S03E06","F11S03","F11","RuPaul","Main"
"F11S03E06","F11S03","F11","Michelle Visage","Main"
"F11S03E06","F11S03","F11","Carson Kressley","Main"
"F11S03E06","F11S03","F11","Ross Mathews","Main"
"F11S03E06","F11S03","F11","Adam Lambert","Guest"
"F11S03E06","F11S03","F11","Emma Bunton","Guest"
"F11S03E07","F11S03","F11","RuPaul","Main"
"F11S03E07","F11S03","F11","Michelle Visage","Main"
"F11S03E07","F11S03","F11","Carson Kressley","Main"
"F11S03E07","F11S03","F11","Ross Mathews","Main"
"F11S03E07","F11S03","F11","Chris Colfer","Guest"
"F11S03E07","F11S03","F11","Garcelle Beauvais","Guest"
"F11S03E08","F11S03","F11","RuPaul","Main"
"F11S03E08","F11S03","F11","Michelle Visage","Main"
"F11S03E08","F11S03","F11","Carson Kressley","Main"
"F11S03E08","F11S03","F11","Ross Mathews","Main"
"F11S04E01","F11S04","F11","RuPaul","Main"
"F11S04E01","F11S04","F11","Michelle Visage","Main"
"F11S04E01","F11S04","F11","Carson Kressley","Main"
"F11S04E01","F11S04","F11","Ross Mathews","Main"
"F11S04E01","F11S04","F11","Jenifer Lewis","Guest"
"F11S04E02","F11S04","F11","RuPaul","Main"
"F11S04E02","F11S04","F11","Michelle Visage","Main"
"F11S04E02","F11S04","F11","Carson Kressley","Main"
"F11S04E02","F11S04","F11","Ross Mathews","Main"
"F11S04E02","F11S04","F11","Kacey Musgraves","Guest"
"F11S04E02","F11S04","F11","Ciara","Guest"
"F11S04E03","F11S04","F11","RuPaul","Main"
"F11S04E03","F11S04","F11","Michelle Visage","Main"
"F11S04E03","F11S04","F11","Carson Kressley","Main"
"F11S04E03","F11S04","F11","Ross Mathews","Main"
"F11S04E03","F11S04","F11","Gus Kenworthy","Guest"
"F11S04E03","F11S04","F11","Keiynan Lonsdale","Guest"
"F11S04E04","F11S04","F11","RuPaul","Main"
"F11S04E04","F11S04","F11","Michelle Visage","Main"
"F11S04E04","F11S04","F11","Carson Kressley","Main"
"F11S04E04","F11S04","F11","Ross Mathews","Main"
"F11S04E04","F11S04","F11","Zoe Kravitz","Guest"
"F11S04E04","F11S04","F11","Erica Ash","Guest"
"F11S04E05","F11S04","F11","RuPaul","Main"
"F11S04E05","F11S04","F11","Michelle Visage","Main"
"F11S04E05","F11S04","F11","Carson Kressley","Main"
"F11S04E05","F11S04","F11","Ross Mathews","Main"
"F11S04E05","F11S04","F11","Cecily Strong","Guest"
"F11S04E05","F11S04","F11","Yvette Nicole Brown","Guest"
"F11S04E06","F11S04","F11","RuPaul","Main"
"F11S04E06","F11S04","F11","Michelle Visage","Main"
"F11S04E06","F11S04","F11","Carson Kressley","Main"
"F11S04E06","F11S04","F11","Ross Mathews","Main"
"F11S04E07","F11S04","F11","RuPaul","Main"
"F11S04E07","F11S04","F11","Michelle Visage","Main"
"F11S04E07","F11S04","F11","Carson Kressley","Main"
"F11S04E07","F11S04","F11","Ross Mathews","Main"
"F11S04E07","F11S04","F11","Rita Ora","Guest"
"F11S04E07","F11S04","F11","Susanne Bartsch","Guest"
"F11S04E08","F11S04","F11","RuPaul","Main"
"F11S04E08","F11S04","F11","Michelle Visage","Main"
"F11S04E08","F11S04","F11","Carson Kressley","Main"
"F11S04E08","F11S04","F11","Ross Mathews","Main"
"F11S04E08","F11S04","F11","Frances Bean Cobain","Guest"
"F11S04E08","F11S04","F11","Ellen Pompeo","Guest"
"F11S04E09","F11S04","F11","RuPaul","Main"
"F11S04E09","F11S04","F11","Michelle Visage","Main"
"F11S04E09","F11S04","F11","Carson Kressley","Main"
"F11S04E09","F11S04","F11","Ross Mathews","Main"
"F11S04E09","F11S04","F11","Jason Wu","Guest"
"F11S04E09","F11S04","F11","Felicity Huffman","Guest"
"F11S04E10","F11S04","F11","RuPaul","Main"
"F11S04E10","F11S04","F11","Michelle Visage","Main"
"F11S04E10","F11S04","F11","Carson Kressley","Main"
"F11S04E10","F11S04","F11","Ross Mathews","Main"
"F11S04E10","F11S04","F11","Todrick Hall","Guest"
"F11S05E01","F11S05","F11","RuPaul","Main"
"F11S05E01","F11S05","F11","Michelle Visage","Main"
"F11S05E01","F11S05","F11","Carson Kressley","Main"
"F11S05E01","F11S05","F11","Ross Mathews","Main"
"F11S05E01","F11S05","F11","Ricky Martin","Guest"
"F11S05E02","F11S05","F11","RuPaul","Main"
"F11S05E02","F11S05","F11","Michelle Visage","Main"
"F11S05E02","F11S05","F11","Carson Kressley","Main"
"F11S05E02","F11S05","F11","Ross Mathews","Main"
"F11S05E02","F11S05","F11","Madison Beer","Guest"
"F11S05E02","F11S05","F11","Tessa Thompson","Guest"
"F11S05E03","F11S05","F11","RuPaul","Main"
"F11S05E03","F11S05","F11","Michelle Visage","Main"
"F11S05E03","F11S05","F11","Carson Kressley","Main"
"F11S05E03","F11S05","F11","Ross Mathews","Main"
"F11S05E03","F11S05","F11","Nicole Byer","Guest"
"F11S05E03","F11S05","F11","Martyn Lawrence Bullard","Guest"
"F11S05E04","F11S05","F11","RuPaul","Main"
"F11S05E04","F11S05","F11","Michelle Visage","Main"
"F11S05E04","F11S05","F11","Carson Kressley","Main"
"F11S05E04","F11S05","F11","Ross Mathews","Main"
"F11S05E04","F11S05","F11","Sarah Hyland","Guest"
"F11S05E05","F11S05","F11","RuPaul","Main"
"F11S05E05","F11S05","F11","Michelle Visage","Main"
"F11S05E05","F11S05","F11","Carson Kressley","Main"
"F11S05E05","F11S05","F11","Ross Mathews","Main"
"F11S05E05","F11S05","F11","Jeffrey Bowyer-Chapman","Guest"
"F11S05E05","F11S05","F11","Tommy Dorfman","Guest"
"F11S05E06","F11S05","F11","RuPaul","Main"
"F11S05E06","F11S05","F11","Michelle Visage","Main"
"F11S05E06","F11S05","F11","Carson Kressley","Main"
"F11S05E06","F11S05","F11","Ross Mathews","Main"
"F11S05E06","F11S05","F11","Bebe Rexha","Guest"
"F11S05E07","F11S05","F11","RuPaul","Main"
"F11S05E07","F11S05","F11","Michelle Visage","Main"
"F11S05E07","F11S05","F11","Carson Kressley","Main"
"F11S05E07","F11S05","F11","Ross Mathews","Main"
"F11S05E07","F11S05","F11","Jane Krakowski","Guest"
"F11S05E07","F11S05","F11","Sam Richardson","Guest"
"F11S05E08","F11S05","F11","RuPaul","Main"
"F11S05E08","F11S05","F11","Michelle Visage","Main"
"F11S05E08","F11S05","F11","Carson Kressley","Main"
"F11S05E08","F11S05","F11","Ross Mathews","Main"
"F11S05E08","F11S05","F11","Todrick Hall","Guest"
"F11S06E01","F11S06","F11","RuPaul","Main"
"F11S06E01","F11S06","F11","Michelle Visage","Main"
"F11S06E01","F11S06","F11","Carson Kressley","Main"
"F11S06E01","F11S06","F11","Ross Mathews","Main"
"F11S06E02","F11S06","F11","RuPaul","Main"
"F11S06E02","F11S06","F11","Michelle Visage","Main"
"F11S06E02","F11S06","F11","Carson Kressley","Main"
"F11S06E02","F11S06","F11","Ross Mathews","Main"
"F11S06E02","F11S06","F11","Big Freedia","Guest"
"F11S06E03","F11S06","F11","RuPaul","Main"
"F11S06E03","F11S06","F11","Michelle Visage","Main"
"F11S06E03","F11S06","F11","Carson Kressley","Main"
"F11S06E03","F11S06","F11","Ross Mathews","Main"
"F11S06E03","F11S06","F11","Tia Mowry","Guest"
"F11S06E04","F11S06","F11","RuPaul","Main"
"F11S06E04","F11S06","F11","Michelle Visage","Main"
"F11S06E04","F11S06","F11","Carson Kressley","Main"
"F11S06E04","F11S06","F11","Ross Mathews","Main"
"F11S06E04","F11S06","F11","Jamal Sims","Guest"
"F11S06E05","F11S06","F11","RuPaul","Main"
"F11S06E05","F11S06","F11","Michelle Visage","Main"
"F11S06E05","F11S06","F11","Carson Kressley","Main"
"F11S06E05","F11S06","F11","Ross Mathews","Main"
"F11S06E05","F11S06","F11","Aisha Tyler","Guest"
"F11S06E06","F11S06","F11","RuPaul","Main"
"F11S06E06","F11S06","F11","Michelle Visage","Main"
"F11S06E06","F11S06","F11","Carson Kressley","Main"
"F11S06E06","F11S06","F11","Ross Mathews","Main"
"F11S06E06","F11S06","F11","Emma Roberts","Guest"
"F11S06E07","F11S06","F11","RuPaul","Main"
"F11S06E07","F11S06","F11","Michelle Visage","Main"
"F11S06E07","F11S06","F11","Carson Kressley","Main"
"F11S06E07","F11S06","F11","Ross Mathews","Main"
"F11S06E07","F11S06","F11","Zaldy","Guest"
"F11S06E08","F11S06","F11","RuPaul","Main"
"F11S06E08","F11S06","F11","Michelle Visage","Main"
"F11S06E08","F11S06","F11","Carson Kressley","Main"
"F11S06E08","F11S06","F11","Ross Mathews","Main"
"F11S06E08","F11S06","F11","Tina Knowles","Guest"
"F11S06E09","F11S06","F11","RuPaul","Main"
"F11S06E09","F11S06","F11","Michelle Visage","Main"
"F11S06E09","F11S06","F11","Carson Kressley","Main"
"F11S06E09","F11S06","F11","Ross Mathews","Main"
"F11S06E09","F11S06","F11","Charli XCX","Guest"
"F11S06E11","F11S06","F11","RuPaul","Main"
"F11S06E11","F11S06","F11","Michelle Visage","Main"
"F11S06E11","F11S06","F11","Carson Kressley","Main"
"F11S06E11","F11S06","F11","Ross Mathews","Main"
"F11S06E11","F11S06","F11","Justin Simien","Guest"
"F11S06E12","F11S06","F11","RuPaul","Main"
"F11S06E12","F11S06","F11","Michelle Visage","Main"
"F11S06E12","F11S06","F11","Carson Kressley","Main"
"F11S06E12","F11S06","F11","Ross Mathews","Main"
"F13S01E01","F13S01","F13","Art Arya","Main"
"F13S01E01","F13S01","F13","Pangina Heals","Main"
"F13S01E01","F13S01","F13","Madame Mod","Guest"
"F13S01E01","F13S01","F13","Madeaw & Pa-Tue","Guest"
"F13S01E02","F13S01","F13","Art Arya","Main"
"F13S01E02","F13S01","F13","Pangina Heals","Main"
"F13S01E02","F13S01","F13","Marsha Vadhanapanich","Guest"
"F13S01E02","F13S01","F13","Jai Sira","Guest"
"F13S01E03","F13S01","F13","Art Arya","Main"
"F13S01E03","F13S01","F13","Pangina Heals","Main"
"F13S01E03","F13S01","F13","Mae Baan Mee Nuad","Guest"
"F13S01E03","F13S01","F13","Prapakas","Guest"
"F13S01E03","F13S01","F13","Cris Horwang","Guest"
"F13S01E04","F13S01","F13","Art Arya","Main"
"F13S01E04","F13S01","F13","Pangina Heals","Main"
"F13S01E04","F13S01","F13","Ananda Everingham","Guest"
"F13S01E04","F13S01","F13","Sinjai Plengpanich","Guest"
"F13S01E04","F13S01","F13","Pattriya Na Nakorn","Guest"
"F13S01E05","F13S01","F13","Art Arya","Main"
"F13S01E05","F13S01","F13","Pangina Heals","Main"
"F13S01E05","F13S01","F13","Metinee Kingpayom","Guest"
"F13S01E05","F13S01","F13","Polpat Asavaprapha","Guest"
"F13S01E06","F13S01","F13","Art Arya","Main"
"F13S01E06","F13S01","F13","Pangina Heals","Main"
"F13S01E06","F13S01","F13","Pavarisa Chumvigrant","Guest"
"F13S01E06","F13S01","F13","VP of Marketing ""Line Mobile""","Guest"
"F13S01E06","F13S01","F13","DTAC TriNet Co.","Guest"
"F13S01E06","F13S01","F13","Ltd.","Guest"
"F13S01E07","F13S01","F13","Art Arya","Main"
"F13S01E07","F13S01","F13","Pangina Heals","Main"
"F13S01E07","F13S01","F13","Ploy Chermarn","Guest"
"F13S01E07","F13S01","F13","Utt Uttsada","Guest"
"F13S01E07","F13S01","F13","Chom","Guest"
"F13S02E01","F13S02","F13","Art Arya","Main"
"F13S02E01","F13S02","F13","Pangina Heals","Main"
"F13S02E01","F13S02","F13","Yai Amat Nimitpark","Guest"
"F13S02E01","F13S02","F13","Pitt Karchai","Guest"
"F13S02E01","F13S02","F13","Tae Piyarat Kaljareuk","Guest"
"F13S02E02","F13S02","F13","Art Arya","Main"
"F13S02E02","F13S02","F13","Pangina Heals","Main"
"F13S02E02","F13S02","F13","Nut Prakopsantisook","Guest"
"F13S02E02","F13S02","F13","Sonya Couling","Guest"
"F13S02E03","F13S02","F13","Art Arya","Main"
"F13S02E03","F13S02","F13","Pangina Heals","Main"
"F13S02E03","F13S02","F13","Vatanika","Guest"
"F13S02E03","F13S02","F13","Sakuntala Thianphairot","Guest"
"F13S02E04","F13S02","F13","Art Arya","Main"
"F13S02E04","F13S02","F13","Pangina Heals","Main"
"F13S02E04","F13S02","F13","Bobby","Guest"
"F13S02E04","F13S02","F13","Mam Surivipa","Guest"
"F13S02E05","F13S02","F13","Art Arya","Main"
"F13S02E05","F13S02","F13","Pangina Heals","Main"
"F13S02E05","F13S02","F13","Cindy Bishop","Guest"
"F13S02E05","F13S02","F13","Pae Arak","Guest"
"F13S02E06","F13S02","F13","Art Arya","Main"
"F13S02E06","F13S02","F13","Pangina Heals","Main"
"F13S02E06","F13S02","F13","Maria Lynn Ehren","Guest"
"F13S02E06","F13S02","F13","John Winyu","Guest"
"F13S02E06","F13S02","F13","Moo Asava","Guest"
"F13S02E07","F13S02","F13","Art Arya","Main"
"F13S02E07","F13S02","F13","Pangina Heals","Main"
"F13S02E07","F13S02","F13","Chef Fang Nattapong","Guest"
"F13S02E07","F13S02","F13","Madame Mod","Guest"
"F13S02E07","F13S02","F13","James Rusameekae Fagerlund","Guest"
"F13S02E07","F13S02","F13","Tae Piyarat Kaljareuk","Guest"
"F13S02E08","F13S02","F13","Art Arya","Main"
"F13S02E08","F13S02","F13","Pangina Heals","Main"
"F13S02E08","F13S02","F13","Hungry","Guest"
"F13S02E08","F13S02","F13","Metinee Kingpayom","Guest"
"F13S02E08","F13S02","F13","""Pancake"" Khemanit Jamikorn.","Guest"
"F13S02E09","F13S02","F13","Art Arya","Main"
"F13S02E09","F13S02","F13","Pangina Heals","Main"
"F13S02E09","F13S02","F13","Apaporn Nakornsawan","Guest"
"F13S02E09","F13S02","F13","Jennifer Kim","Guest"
"F13S02E09","F13S02","F13","Sombat ""Tue"" Tirasaroj","Guest"
"F13S02E10","F13S02","F13","Art Arya","Main"
"F13S02E10","F13S02","F13","Pangina Heals","Main"
"F13S02E10","F13S02","F13","New & Jiew","Guest"
"F13S02E10","F13S02","F13","New Atiwat","Guest"
"F13S02E10","F13S02","F13","Petch Paopetch","Guest"
"F13S02E11","F13S02","F13","Art Arya","Main"
"F13S02E11","F13S02","F13","Pangina Heals","Main"
"F13S02E11","F13S02","F13","Debbie Bazoo","Guest"
"F13S02E11","F13S02","F13","Gene Kasidit","Guest"
"F13S02E11","F13S02","F13","Jai Sira","Guest"
"F13S02E13","F13S02","F13","Art Arya","Main"
"F13S02E13","F13S02","F13","Pangina Heals","Main"
"F14S01E01","F14S01","F14","RuPaul","Main"
"F14S01E01","F14S01","F14","Michelle Visage","Main"
"F14S01E01","F14S01","F14","Alan Carr","Main"
"F14S01E01","F14S01","F14","Graham Norton","Main"
"F14S01E01","F14S01","F14","Andrew Garfield","Guest"
"F14S01E02","F14S01","F14","RuPaul","Main"
"F14S01E02","F14S01","F14","Michelle Visage","Main"
"F14S01E02","F14S01","F14","Alan Carr","Main"
"F14S01E02","F14S01","F14","Graham Norton","Main"
"F14S01E02","F14S01","F14","Maisie Williams","Guest"
"F14S01E03","F14S01","F14","RuPaul","Main"
"F14S01E03","F14S01","F14","Michelle Visage","Main"
"F14S01E03","F14S01","F14","Alan Carr","Main"
"F14S01E03","F14S01","F14","Graham Norton","Main"
"F14S01E03","F14S01","F14","Twiggy","Guest"
"F14S01E04","F14S01","F14","RuPaul","Main"
"F14S01E04","F14S01","F14","Michelle Visage","Main"
"F14S01E04","F14S01","F14","Alan Carr","Main"
"F14S01E04","F14S01","F14","Graham Norton","Main"
"F14S01E04","F14S01","F14","Geri Horner","Guest"
"F14S01E05","F14S01","F14","RuPaul","Main"
"F14S01E05","F14S01","F14","Michelle Visage","Main"
"F14S01E05","F14S01","F14","Alan Carr","Main"
"F14S01E05","F14S01","F14","Graham Norton","Main"
"F14S01E05","F14S01","F14","Jade Thirlwall","Guest"
"F14S01E06","F14S01","F14","RuPaul","Main"
"F14S01E06","F14S01","F14","Michelle Visage","Main"
"F14S01E06","F14S01","F14","Alan Carr","Main"
"F14S01E06","F14S01","F14","Graham Norton","Main"
"F14S01E06","F14S01","F14","Cheryl","Guest"
"F14S01E07","F14S01","F14","RuPaul","Main"
"F14S01E07","F14S01","F14","Michelle Visage","Main"
"F14S01E07","F14S01","F14","Alan Carr","Main"
"F14S01E07","F14S01","F14","Graham Norton","Main"
"F14S01E07","F14S01","F14","Michaela Coel","Guest"
"F14S01E08","F14S01","F14","RuPaul","Main"
"F14S01E08","F14S01","F14","Michelle Visage","Main"
"F14S01E08","F14S01","F14","Alan Carr","Main"
"F14S01E08","F14S01","F14","Graham Norton","Main"
"F14S02E01","F14S02","F14","RuPaul","Main"
"F14S02E01","F14S02","F14","Michelle Visage","Main"
"F14S02E01","F14S02","F14","Alan Carr","Main"
"F14S02E01","F14S02","F14","Graham Norton","Main"
"F14S02E01","F14S02","F14","Elizabeth Hurley","Guest"
"F14S02E02","F14S02","F14","RuPaul","Main"
"F14S02E02","F14S02","F14","Michelle Visage","Main"
"F14S02E02","F14S02","F14","Alan Carr","Main"
"F14S02E02","F14S02","F14","Graham Norton","Main"
"F14S02E02","F14S02","F14","Sheridan Smith","Guest"
"F14S02E03","F14S02","F14","RuPaul","Main"
"F14S02E03","F14S02","F14","Michelle Visage","Main"
"F14S02E03","F14S02","F14","Alan Carr","Main"
"F14S02E03","F14S02","F14","Graham Norton","Main"
"F14S02E03","F14S02","F14","Jourdan Dunn","Guest"
"F14S02E04","F14S02","F14","RuPaul","Main"
"F14S02E04","F14S02","F14","Michelle Visage","Main"
"F14S02E04","F14S02","F14","Alan Carr","Main"
"F14S02E04","F14S02","F14","Graham Norton","Main"
"F14S02E04","F14S02","F14","Lorraine Kelly","Guest"
"F14S02E05","F14S02","F14","RuPaul","Main"
"F14S02E05","F14S02","F14","Michelle Visage","Main"
"F14S02E05","F14S02","F14","Alan Carr","Main"
"F14S02E05","F14S02","F14","Graham Norton","Main"
"F14S02E05","F14S02","F14","MNEK","Guest"
"F14S02E06","F14S02","F14","RuPaul","Main"
"F14S02E06","F14S02","F14","Michelle Visage","Main"
"F14S02E06","F14S02","F14","Alan Carr","Main"
"F14S02E06","F14S02","F14","Graham Norton","Main"
"F14S02E06","F14S02","F14","Jessie Ware","Guest"
"F14S02E07","F14S02","F14","RuPaul","Main"
"F14S02E07","F14S02","F14","Michelle Visage","Main"
"F14S02E07","F14S02","F14","Alan Carr","Main"
"F14S02E07","F14S02","F14","Graham Norton","Main"
"F14S02E07","F14S02","F14","Maya Jama","Guest"
"F14S02E08","F14S02","F14","RuPaul","Main"
"F14S02E08","F14S02","F14","Michelle Visage","Main"
"F14S02E08","F14S02","F14","Alan Carr","Main"
"F14S02E08","F14S02","F14","Graham Norton","Main"
"F14S02E08","F14S02","F14","Dawn French","Guest"
"F14S02E09","F14S02","F14","RuPaul","Main"
"F14S02E09","F14S02","F14","Michelle Visage","Main"
"F14S02E09","F14S02","F14","Alan Carr","Main"
"F14S02E09","F14S02","F14","Graham Norton","Main"
"F14S02E10","F14S02","F14","RuPaul","Main"
"F14S02E10","F14S02","F14","Michelle Visage","Main"
"F14S02E10","F14S02","F14","Alan Carr","Main"
"F14S02E10","F14S02","F14","Graham Norton","Main"
"F14S03E01","F14S03","F14","RuPaul","Main"
"F14S03E01","F14S03","F14","Michelle Visage","Main"
"F14S03E01","F14S03","F14","Alan Carr","Main"
"F14S03E01","F14S03","F14","Graham Norton","Main"
"F14S03E01","F14S03","F14","Matt Lucas","Guest"
"F14S03E02","F14S03","F14","RuPaul","Main"
"F14S03E02","F14S03","F14","Michelle Visage","Main"
"F14S03E02","F14S03","F14","Alan Carr","Main"
"F14S03E02","F14S03","F14","Graham Norton","Main"
"F14S03E02","F14S03","F14","Oti Mabuse","Guest"
"F14S03E03","F14S03","F14","RuPaul","Main"
"F14S03E03","F14S03","F14","Michelle Visage","Main"
"F14S03E03","F14S03","F14","Alan Carr","Main"
"F14S03E03","F14S03","F14","Graham Norton","Main"
"F14S03E03","F14S03","F14","Nicola Coughlan","Guest"
"F14S03E04","F14S03","F14","RuPaul","Main"
"F14S03E04","F14S03","F14","Michelle Visage","Main"
"F14S03E04","F14S03","F14","Alan Carr","Main"
"F14S03E04","F14S03","F14","Graham Norton","Main"
"F14S03E04","F14S03","F14","Emma Bunton","Guest"
"F14S03E05","F14S03","F14","RuPaul","Main"
"F14S03E05","F14S03","F14","Michelle Visage","Main"
"F14S03E05","F14S03","F14","Alan Carr","Main"
"F14S03E05","F14S03","F14","Graham Norton","Main"
"F14S03E05","F14S03","F14","Leigh-Anne Pinnock","Guest"
"F14S03E06","F14S03","F14","RuPaul","Main"
"F14S03E06","F14S03","F14","Michelle Visage","Main"
"F14S03E06","F14S03","F14","Alan Carr","Main"
"F14S03E06","F14S03","F14","Graham Norton","Main"
"F14S03E06","F14S03","F14","Lulu","Guest"
"F14S03E07","F14S03","F14","RuPaul","Main"
"F14S03E07","F14S03","F14","Michelle Visage","Main"
"F14S03E07","F14S03","F14","Alan Carr","Main"
"F14S03E07","F14S03","F14","Graham Norton","Main"
"F14S03E07","F14S03","F14","Alesha Dixon","Guest"
"F14S03E08","F14S03","F14","RuPaul","Main"
"F14S03E08","F14S03","F14","Michelle Visage","Main"
"F14S03E08","F14S03","F14","Alan Carr","Main"
"F14S03E08","F14S03","F14","Graham Norton","Main"
"F14S03E08","F14S03","F14","Russell Tovey","Guest"
"F14S03E09","F14S03","F14","RuPaul","Main"
"F14S03E09","F14S03","F14","Michelle Visage","Main"
"F14S03E09","F14S03","F14","Alan Carr","Main"
"F14S03E09","F14S03","F14","Graham Norton","Main"
"F14S03E09","F14S03","F14","Kathy Burke","Guest"
"F14S03E10","F14S03","F14","RuPaul","Main"
"F14S03E10","F14S03","F14","Michelle Visage","Main"
"F14S03E10","F14S03","F14","Alan Carr","Main"
"F14S03E10","F14S03","F14","Graham Norton","Main"
"F15S01E01","F15S01","F15","Brooke Lynn Hytes","Main"
"F15S01E01","F15S01","F15","Jeffrey Bowyer-Chapman","Main"
"F15S01E01","F15S01","F15","Stacey McKenzie","Main"
"F15S01E02","F15S01","F15","Brooke Lynn Hytes","Main"
"F15S01E02","F15S01","F15","Jeffrey Bowyer-Chapman","Main"
"F15S01E02","F15S01","F15","Stacey McKenzie","Main"
"F15S01E03","F15S01","F15","Brooke Lynn Hytes","Main"
"F15S01E03","F15S01","F15","Jeffrey Bowyer-Chapman","Main"
"F15S01E03","F15S01","F15","Stacey McKenzie","Main"
"F15S01E04","F15S01","F15","Brooke Lynn Hytes","Main"
"F15S01E04","F15S01","F15","Jeffrey Bowyer-Chapman","Main"
"F15S01E04","F15S01","F15","Stacey McKenzie","Main"
"F15S01E05","F15S01","F15","Brooke Lynn Hytes","Main"
"F15S01E05","F15S01","F15","Jeffrey Bowyer-Chapman","Main"
"F15S01E05","F15S01","F15","Stacey McKenzie","Main"
"F15S01E06","F15S01","F15","Brooke Lynn Hytes","Main"
"F15S01E06","F15S01","F15","Jeffrey Bowyer-Chapman","Main"
"F15S01E06","F15S01","F15","Stacey McKenzie","Main"
"F15S01E07","F15S01","F15","Brooke Lynn Hytes","Main"
"F15S01E07","F15S01","F15","Jeffrey Bowyer-Chapman","Main"
"F15S01E07","F15S01","F15","Stacey McKenzie","Main"
"F15S01E08","F15S01","F15","Brooke Lynn Hytes","Main"
"F15S01E08","F15S01","F15","Jeffrey Bowyer-Chapman","Main"
"F15S01E08","F15S01","F15","Stacey McKenzie","Main"
"F15S01E09","F15S01","F15","Brooke Lynn Hytes","Main"
"F15S01E09","F15S01","F15","Jeffrey Bowyer-Chapman","Main"
"F15S01E09","F15S01","F15","Stacey McKenzie","Main"
"F15S01E10","F15S01","F15","Brooke Lynn Hytes","Main"
"F15S01E10","F15S01","F15","Jeffrey Bowyer-Chapman","Main"
"F15S01E10","F15S01","F15","Stacey McKenzie","Main"
"F15S02E01","F15S02","F15","Brooke Lynn Hytes","Main"
"F15S02E01","F15S02","F15","Traci Melchor","Main"
"F15S02E01","F15S02","F15","Amanda Brugel","Main"
"F15S02E01","F15S02","F15","Brad Goreski","Main"
"F15S02E01","F15S02","F15","Caitlin Cronenberg","Guest"
"F15S02E02","F15S02","F15","Brooke Lynn Hytes","Main"
"F15S02E02","F15S02","F15","Traci Melchor","Main"
"F15S02E02","F15S02","F15","Amanda Brugel","Main"
"F15S02E02","F15S02","F15","Brad Goreski","Main"
"F15S02E02","F15S02","F15","Hollywood Jade","Guest"
"F15S02E03","F15S02","F15","Brooke Lynn Hytes","Main"
"F15S02E03","F15S02","F15","Traci Melchor","Main"
"F15S02E03","F15S02","F15","Amanda Brugel","Main"
"F15S02E03","F15S02","F15","Brad Goreski","Main"
"F15S02E03","F15S02","F15","Fefe Dobson","Guest"
"F15S02E04","F15S02","F15","Brooke Lynn Hytes","Main"
"F15S02E04","F15S02","F15","Traci Melchor","Main"
"F15S02E04","F15S02","F15","Amanda Brugel","Main"
"F15S02E04","F15S02","F15","Brad Goreski","Main"
"F15S02E04","F15S02","F15","Connor Jessup","Guest"
"F15S02E05","F15S02","F15","Brooke Lynn Hytes","Main"
"F15S02E05","F15S02","F15","Traci Melchor","Main"
"F15S02E05","F15S02","F15","Amanda Brugel","Main"
"F15S02E05","F15S02","F15","Brad Goreski","Main"
"F15S02E05","F15S02","F15","Bif Naked","Guest"
"F15S02E06","F15S02","F15","Brooke Lynn Hytes","Main"
"F15S02E06","F15S02","F15","Traci Melchor","Main"
"F15S02E06","F15S02","F15","Amanda Brugel","Main"
"F15S02E06","F15S02","F15","Brad Goreski","Main"
"F15S02E06","F15S02","F15","Gigi Gorgeous","Guest"
"F15S02E07","F15S02","F15","Brooke Lynn Hytes","Main"
"F15S02E07","F15S02","F15","Traci Melchor","Main"
"F15S02E07","F15S02","F15","Amanda Brugel","Main"
"F15S02E07","F15S02","F15","Brad Goreski","Main"
"F15S02E07","F15S02","F15","Emma Hunter","Guest"
"F15S02E08","F15S02","F15","Brooke Lynn Hytes","Main"
"F15S02E08","F15S02","F15","Traci Melchor","Main"
"F15S02E08","F15S02","F15","Amanda Brugel","Main"
"F15S02E08","F15S02","F15","Brad Goreski","Main"
"F15S02E08","F15S02","F15","Mitsou","Guest"
"F15S02E09","F15S02","F15","Brooke Lynn Hytes","Main"
"F15S02E09","F15S02","F15","Traci Melchor","Main"
"F15S02E09","F15S02","F15","Amanda Brugel","Main"
"F15S02E09","F15S02","F15","Brad Goreski","Main"
"F15S02E10","F15S02","F15","Brooke Lynn Hytes","Main"
"F15S02E10","F15S02","F15","Traci Melchor","Main"
"F15S02E10","F15S02","F15","Amanda Brugel","Main"
"F15S02E10","F15S02","F15","Brad Goreski","Main"
"F16S01E01","F16S01","F16","Fred van Leer","Main"
"F16S01E01","F16S01","F16","Nikkie Plessen","Main"
"F16S01E02","F16S01","F16","Fred van Leer","Main"
"F16S01E02","F16S01","F16","Nikkie Plessen","Main"
"F16S01E02","F16S01","F16","Nikkie de Jager","Guest"
"F16S01E03","F16S01","F16","Fred van Leer","Main"
"F16S01E03","F16S01","F16","Nikkie Plessen","Main"
"F16S01E03","F16S01","F16","Rick Paul van Mulligen","Guest"
"F16S01E04","F16S01","F16","Fred van Leer","Main"
"F16S01E04","F16S01","F16","Nikkie Plessen","Main"
"F16S01E04","F16S01","F16","Amber Vineyard","Guest"
"F16S01E05","F16S01","F16","Fred van Leer","Main"
"F16S01E05","F16S01","F16","Nikkie Plessen","Main"
"F16S01E05","F16S01","F16","Carlo Boszhard","Guest"
"F16S01E05","F16S01","F16","Ruth Jacott","Guest"
"F16S01E06","F16S01","F16","Fred van Leer","Main"
"F16S01E06","F16S01","F16","Nikkie Plessen","Main"
"F16S01E06","F16S01","F16","Ryanne van Dorst","Guest"
"F16S01E06","F16S01","F16","Loiza Lamers","Guest"
"F16S01E07","F16S01","F16","Fred van Leer","Main"
"F16S01E07","F16S01","F16","Nikkie Plessen","Main"
"F16S01E07","F16S01","F16","Edsilia Rombley","Guest"
"F16S01E08","F16S01","F16","Fred van Leer","Main"
"F16S01E08","F16S01","F16","Nikkie Plessen","Main"
"F16S01E08","F16S01","F16","Nikkie de Jager","Guest"
"F16S02E01","F16S02","F16","Fred van Leer","Main"
"F16S02E01","F16S02","F16","Marieke Samallo","Main"
"F16S02E01","F16S02","F16","Elise Schaap","Guest"
"F16S02E02","F16S02","F16","Fred van Leer","Main"
"F16S02E02","F16S02","F16","Marieke Samallo","Main"
"F16S02E02","F16S02","F16","Soundos El Ahmadi","Guest"
"F16S02E03","F16S02","F16","Fred van Leer","Main"
"F16S02E03","F16S02","F16","Marieke Samallo","Main"
"F16S02E03","F16S02","F16","Buddy Vedder","Guest"
"F16S02E04","F16S02","F16","Fred van Leer","Main"
"F16S02E04","F16S02","F16","Marieke Samallo","Main"
"F16S02E04","F16S02","F16","Freek Bartels","Guest"
"F16S02E05","F16S02","F16","Fred van Leer","Main"
"F16S02E05","F16S02","F16","Marieke Samallo","Main"
"F16S02E05","F16S02","F16","Alex Klaasen","Guest"
"F16S02E06","F16S02","F16","Fred van Leer","Main"
"F16S02E06","F16S02","F16","Marieke Samallo","Main"
"F16S02E06","F16S02","F16","Merol","Guest"
"F16S02E07","F16S02","F16","Fred van Leer","Main"
"F16S02E07","F16S02","F16","Marieke Samallo","Main"
"F16S02E07","F16S02","F16","Glennis Grace","Guest"
"F16S02E07","F16S02","F16","Tina de Bruin","Guest"
"F16S02E08","F16S02","F16","Fred van Leer","Main"
"F16S02E08","F16S02","F16","Marieke Samallo","Main"
"F16S02E08","F16S02","F16","Envy Peru","Guest"
"F17S01E01","F17S01","F17","RuPaul","Main"
"F17S01E01","F17S01","F17","Michelle Visage","Main"
"F17S01E01","F17S01","F17","Rhys Nicholson","Main"
"F17S01E02","F17S01","F17","RuPaul","Main"
"F17S01E02","F17S01","F17","Michelle Visage","Main"
"F17S01E02","F17S01","F17","Rhys Nicholson","Main"
"F17S01E03","F17S01","F17","RuPaul","Main"
"F17S01E03","F17S01","F17","Michelle Visage","Main"
"F17S01E03","F17S01","F17","Rhys Nicholson","Main"
"F17S01E04","F17S01","F17","RuPaul","Main"
"F17S01E04","F17S01","F17","Michelle Visage","Main"
"F17S01E04","F17S01","F17","Rhys Nicholson","Main"
"F17S01E04","F17S01","F17","Elz Carrad","Guest"
"F17S01E05","F17S01","F17","RuPaul","Main"
"F17S01E05","F17S01","F17","Michelle Visage","Main"
"F17S01E05","F17S01","F17","Rhys Nicholson","Main"
"F17S01E05","F17S01","F17","Rena Owen","Guest"
"F17S01E06","F17S01","F17","RuPaul","Main"
"F17S01E06","F17S01","F17","Michelle Visage","Main"
"F17S01E06","F17S01","F17","Rhys Nicholson","Main"
"F17S01E07","F17S01","F17","RuPaul","Main"
"F17S01E07","F17S01","F17","Michelle Visage","Main"
"F17S01E07","F17S01","F17","Rhys Nicholson","Main"
"F17S01E08","F17S01","F17","RuPaul","Main"
"F17S01E08","F17S01","F17","Michelle Visage","Main"
"F17S01E08","F17S01","F17","Rhys Nicholson","Main"
"F18S01E01","F18S01","F18","Supremme de Luxe","Main"
"F18S01E01","F18S01","F18","Ana Locking","Main"
"F18S01E01","F18S01","F18","Javier Ambrossi","Main"
"F18S01E01","F18S01","F18","Javier Calvo","Main"
"F18S01E01","F18S01","F18","Jon Kortajarena","Guest"
"F18S01E02","F18S01","F18","Supremme de Luxe","Main"
"F18S01E02","F18S01","F18","Ana Locking","Main"
"F18S01E02","F18S01","F18","Javier Ambrossi","Main"
"F18S01E02","F18S01","F18","Javier Calvo","Main"
"F18S01E02","F18S01","F18","Paca La Piraña","Guest"
"F18S01E03","F18S01","F18","Supremme de Luxe","Main"
"F18S01E03","F18S01","F18","Ana Locking","Main"
"F18S01E03","F18S01","F18","Javier Ambrossi","Main"
"F18S01E03","F18S01","F18","Javier Calvo","Main"
"F18S01E03","F18S01","F18","Carlos Areces","Guest"
"F18S01E04","F18S01","F18","Supremme de Luxe","Main"
"F18S01E04","F18S01","F18","Ana Locking","Main"
"F18S01E04","F18S01","F18","Javier Ambrossi","Main"
"F18S01E04","F18S01","F18","Javier Calvo","Main"
"F18S01E04","F18S01","F18","Bad Gyal","Guest"
"F18S01E05","F18S01","F18","Supremme de Luxe","Main"
"F18S01E05","F18S01","F18","Ana Locking","Main"
"F18S01E05","F18S01","F18","Javier Ambrossi","Main"
"F18S01E05","F18S01","F18","Javier Calvo","Main"
"F18S01E05","F18S01","F18","Alaska","Guest"
"F18S01E06","F18S01","F18","Supremme de Luxe","Main"
"F18S01E06","F18S01","F18","Ana Locking","Main"
"F18S01E06","F18S01","F18","Javier Ambrossi","Main"
"F18S01E06","F18S01","F18","Javier Calvo","Main"
"F18S01E06","F18S01","F18","Susi Caramelo","Guest"
"F18S01E07","F18S01","F18","Supremme de Luxe","Main"
"F18S01E07","F18S01","F18","Ana Locking","Main"
"F18S01E07","F18S01","F18","Javier Ambrossi","Main"
"F18S01E07","F18S01","F18","Javier Calvo","Main"
"F18S01E07","F18S01","F18","Envy Peru","Guest"
"F18S01E09","F18S01","F18","Supremme de Luxe","Main"
"F18S01E09","F18S01","F18","Ana Locking","Main"
"F18S01E09","F18S01","F18","Javier Ambrossi","Main"
"F18S01E09","F18S01","F18","Javier Calvo","Main"
"F18S02E01","F18S02","F18","Supremme de Luxe","Main"
"F18S02E01","F18S02","F18","Ana Locking","Main"
"F18S02E01","F18S02","F18","Javier Ambrossi","Main"
"F18S02E01","F18S02","F18","Javier Calvo","Main"
"F18S02E01","F18S02","F18","Gloria Trevi","Guest"
"F18S02E02","F18S02","F18","Supremme de Luxe","Main"
"F18S02E02","F18S02","F18","Ana Locking","Main"
"F18S02E02","F18S02","F18","Javier Ambrossi","Main"
"F18S02E02","F18S02","F18","Javier Calvo","Main"
"F18S02E02","F18S02","F18","La Zowi","Guest"
"F18S02E03","F18S02","F18","Supremme de Luxe","Main"
"F18S02E03","F18S02","F18","Ana Locking","Main"
"F18S02E03","F18S02","F18","Javier Ambrossi","Main"
"F18S02E03","F18S02","F18","Javier Calvo","Main"
"F18S02E03","F18S02","F18","Eduardo Casanova","Guest"
"F18S02E04","F18S02","F18","Supremme de Luxe","Main"
"F18S02E04","F18S02","F18","Ana Locking","Main"
"F18S02E04","F18S02","F18","Javier Ambrossi","Main"
"F18S02E04","F18S02","F18","Javier Calvo","Main"
"F18S02E04","F18S02","F18","La Prohibida","Guest"
"F18S02E05","F18S02","F18","Supremme de Luxe","Main"
"F18S02E05","F18S02","F18","Ana Locking","Main"
"F18S02E05","F18S02","F18","Javier Ambrossi","Main"
"F18S02E05","F18S02","F18","Javier Calvo","Main"
"F18S02E05","F18S02","F18","María León","Guest"
"F18S02E06","F18S02","F18","Supremme de Luxe","Main"
"F18S02E06","F18S02","F18","Ana Locking","Main"
"F18S02E06","F18S02","F18","Javier Ambrossi","Main"
"F18S02E06","F18S02","F18","Javier Calvo","Main"
"F18S02E06","F18S02","F18","Choriza May","Guest"
"F18S02E07","F18S02","F18","Supremme de Luxe","Main"
"F18S02E07","F18S02","F18","Ana Locking","Main"
"F18S02E07","F18S02","F18","Javier Ambrossi","Main"
"F18S02E07","F18S02","F18","Javier Calvo","Main"
"F18S02E07","F18S02","F18","Ruth Lorenzo","Guest"
"F18S02E08","F18S02","F18","Supremme de Luxe","Main"
"F18S02E08","F18S02","F18","Ana Locking","Main"
"F18S02E08","F18S02","F18","Javier Ambrossi","Main"
"F18S02E08","F18S02","F18","Javier Calvo","Main"
"F18S02E08","F18S02","F18","Anabel Alonso","Guest"
"F18S02E09","F18S02","F18","Supremme de Luxe","Main"
"F18S02E09","F18S02","F18","Ana Locking","Main"
"F18S02E09","F18S02","F18","Javier Ambrossi","Main"
"F18S02E09","F18S02","F18","Javier Calvo","Main"
"F18S02E09","F18S02","F18","Alexis Mateo","Guest"
"F18S02E11","F18S02","F18","Supremme de Luxe","Main"
"F18S02E11","F18S02","F18","Ana Locking","Main"
"F18S02E11","F18S02","F18","Javier Ambrossi","Main"
"F18S02E11","F18S02","F18","Javier Calvo","Main"
"F19S01E01","F19S01","F19","Cristina D'Avena","Guest"
"F19S01E02","F19S01","F19","Fabio Mollo","Guest"
"F19S01E03","F19S01","F19","Vladimir Luxuria","Guest"
"F19S01E03","F19S01","F19","Nick Cerioni","Guest"
"F19S01E04","F19S01","F19","Donatella Rettore","Guest"
"F19S01E04","F19S01","F19","Giancarlo Commare","Guest"
"F19S01E05","F19S01","F19","Coco Rebecca Edogamhe","Guest"
"F19S01E05","F19S01","F19","Enzo Miccio","Guest"
"F19S01E06","F19S01","F19","Ambra Angiolini","Guest"
"F20S01E01","F20S01","F20","Melanie C","Guest"
"F20S01E02","F20S01","F20","Daisy May Cooper","Guest"
"F20S01E03","F20S01","F20","Jonathan Bailey","Guest"
"F20S01E04","F20S01","F20","Clara Amfo","Guest"
"F20S01E04","F20S01","F20","Michelle Keegan","Guest"
"F20S01E05","F20S01","F20","Jade Thirlwall","Guest"
