"lip_sync_id","episode_id","season_id","franchise_id","contestant","song_id","song","artist","outcome"
"LS100","F10S01E01","F10S01","F10","Akashia","S100","Supermodel (You Better Work)","RuPaul","Victoria ""Porkchop"" Parker"
"LS100","F10S01E01","F10S01","F10","Victoria ""Porkchop"" Parker","S100","Supermodel (You Better Work)","RuPaul","Victoria ""Porkchop"" Parker"
"LS101","F10S01E02","F10S01","F10","Akashia","S101","We Break the Dawn","Michelle Williams","Tammie Brown"
"LS101","F10S01E02","F10S01","F10","Tammie Brown","S101","We Break the Dawn","Michelle Williams","Tammie Brown"
"LS102","F10S01E03","F10S01","F10","Akashia","S102","The Greatest Love of All","Whitney Houston","Akashia"
"LS102","F10S01E03","F10S01","F10","Shannel","S102","The Greatest Love of All","Whitney Houston","Akashia"
"LS103","F10S01E04","F10S01","F10","Jade","S103","Would I Lie to You?","Eurythmics","Jade"
"LS103","F10S01E04","F10S01","F10","Rebecca Glasscock","S103","Would I Lie to You?","Eurythmics","Jade"
"LS104","F10S01E05","F10S01","F10","BeBe Zahara Benet","S104","Stronger","Britney Spears","Ongina"
"LS104","F10S01E05","F10S01","F10","Ongina","S104","Stronger","Britney Spears","Ongina"
"LS105","F10S01E06","F10S01","F10","Rebecca Glasscock","S105","Shackles (Praise You)","Mary Mary","Shannel"
"LS105","F10S01E06","F10S01","F10","Shannel","S105","Shackles (Praise You)","Mary Mary","Shannel"
"LS106","F10S01E08","F10S01","F10","BeBe Zahara Benet","S106","Cover Girl (Put the Bass in Your Walk)","RuPaul","Nina Flowers"
"LS106","F10S01E08","F10S01","F10","Nina Flowers","S106","Cover Girl (Put the Bass in Your Walk)","RuPaul","Nina Flowers"
"LS107","F10S02E01","F10S02","F10","Sahara Davenport","S106","Cover Girl (Put the Bass in Your Walk)","RuPaul","Shangela Laquifa Wadley"
"LS107","F10S02E01","F10S02","F10","Shangela Laquifa Wadley","S106","Cover Girl (Put the Bass in Your Walk)","RuPaul","Shangela Laquifa Wadley"
"LS116","F10S02E11","F10S02","F10","Raven","S115","Jealous of My Boogie (Gomi and RasJek Edit)","RuPaul","Raven"
"LS116","F10S02E11","F10S02","F10","Tyra Sanchez","S115","Jealous of My Boogie (Gomi and RasJek Edit)","RuPaul","Raven"
"LS108","F10S02E02","F10S02","F10","Nicole Paige Brooks","S107","My Lovin' (You're Never Gonna Get It)","En Vogue","Nicole Paige Brooks"
"LS108","F10S02E02","F10S02","F10","Raven","S107","My Lovin' (You're Never Gonna Get It)","En Vogue","Nicole Paige Brooks"
"LS109","F10S02E03","F10S02","F10","Mystique Summers Madison","S108","I Hear You Knocking","Wynonna Judd","Mystique Summers Madison"
"LS109","F10S02E03","F10S02","F10","Raven","S108","I Hear You Knocking","Wynonna Judd","Mystique Summers Madison"
"LS110","F10S02E04","F10S02","F10","Morgan McMichaels","S109","Two of Hearts","Stacey Q","Sonique"
"LS110","F10S02E04","F10S02","F10","Sonique","S109","Two of Hearts","Stacey Q","Sonique"
"LS111","F10S02E05","F10S02","F10","Morgan McMichaels","S110","Carry On","Martha Wash","Morgan McMichaels"
"LS111","F10S02E05","F10S02","F10","Sahara Davenport","S110","Carry On","Martha Wash","Morgan McMichaels"
"LS112","F10S02E06","F10S02","F10","Jujubee","S111","Black Velvet","Alannah Myles","Sahara Davenport"
"LS112","F10S02E06","F10S02","F10","Sahara Davenport","S111","Black Velvet","Alannah Myles","Sahara Davenport"
"LS113","F10S02E07","F10S02","F10","Jessica Wild","S112","He's the Greatest Dancer","Sister Sledge","Jessica Wild"
"LS113","F10S02E07","F10S02","F10","Tatianna","S112","He's the Greatest Dancer","Sister Sledge","Jessica Wild"
"LS114","F10S02E08","F10S02","F10","Jujubee","S113","Shake Your Love","Debbie Gibson","Pandora Boxx"
"LS114","F10S02E08","F10S02","F10","Pandora Boxx","S113","Shake Your Love","Debbie Gibson","Pandora Boxx"
"LS115","F10S02E09","F10S02","F10","Jujubee","S114","Something He Can Feel","Aretha Franklin","Tatianna"
"LS115","F10S02E09","F10S02","F10","Tatianna","S114","Something He Can Feel","Aretha Franklin","Tatianna"
"LS125","F10S03E10","F10S03","F10","Carmen Carrera","S124","Believe","Cher","Carmen Carrera"
"LS125","F10S03E10","F10S03","F10","Shangela","S124","Believe","Cher","Carmen Carrera"
"LS126","F10S03E11","F10S03","F10","Alexis Mateo","S125","Even Angels","Fantasia","Shangela"
"LS126","F10S03E11","F10S03","F10","Shangela","S125","Even Angels","Fantasia","Shangela"
"LS127","F10S03E12","F10S03","F10","Carmen Carrera","S126","Straight Up","Paula Abdul","Carmen Carrera"
"LS127","F10S03E12","F10S03","F10","Raja","S126","Straight Up","Paula Abdul","Carmen Carrera"
"LS128","F10S03E13","F10S03","F10","Alexis Mateo","S127","I Think About You","Patti LaBelle","Yara Sofia"
"LS128","F10S03E13","F10S03","F10","Yara Sofia","S127","I Think About You","Patti LaBelle","Yara Sofia"
"LS129","F10S03E15","F10S03","F10","Manila Luzon","S128","Champion (DJ BunJoe's Olympic Mix)","RuPaul","Manila Luzon"
"LS129","F10S03E15","F10S03","F10","Raja","S128","Champion (DJ BunJoe's Olympic Mix)","RuPaul","Manila Luzon"
"LS117","F10S03E02","F10S03","F10","Shangela","S116","The Right Stuff","Vanessa Williams","Venus D-Lite"
"LS117","F10S03E02","F10S03","F10","Venus D-Lite","S116","The Right Stuff","Vanessa Williams","Venus D-Lite"
"LS118","F10S03E03","F10S03","F10","Delta Work","S117","Bad Romance","Lady Gaga","Phoenix"
"LS118","F10S03E03","F10S03","F10","Phoenix","S117","Bad Romance","Lady Gaga","Phoenix"
"LS119","F10S03E04","F10S03","F10","India Ferrah","S118","Don't Leave Me This Way","Thelma Houston","Mimi Imfurst"
"LS119","F10S03E04","F10S03","F10","Mimi Imfurst","S118","Don't Leave Me This Way","Thelma Houston","Mimi Imfurst"
"LS120","F10S03E05","F10S03","F10","India Ferrah","S119","Meeting in the Ladies Room","Klymaxx","India Ferrah"
"LS120","F10S03E05","F10S03","F10","Stacy Layne Matthews","S119","Meeting in the Ladies Room","Klymaxx","India Ferrah"
"LS121","F10S03E06","F10S03","F10","Delta Work","S120","Looking for a New Love","Jody Watley","Mariah"
"LS121","F10S03E06","F10S03","F10","Mariah","S120","Looking for a New Love","Jody Watley","Mariah"
"LS122","F10S03E07","F10S03","F10","Alexis Mateo","S121","Knock on Wood","Amii Stewart","Stacy Layne Matthews"
"LS122","F10S03E07","F10S03","F10","Stacy Layne Matthews","S121","Knock on Wood","Amii Stewart","Stacy Layne Matthews"
"LS123","F10S03E08","F10S03","F10","Delta Work","S122","MacArthur Park","Donna Summer","Delta Work"
"LS123","F10S03E08","F10S03","F10","Manila Luzon","S122","MacArthur Park","Donna Summer","Delta Work"
"LS124","F10S03E09","F10S03","F10","Carmen Carrera","S123","Mickey (Spanish version)","Toni Basil","None"
"LS124","F10S03E09","F10S03","F10","Yara Sofia","S123","Mickey (Spanish version)","Toni Basil","None"
"LS130","F10S04E01","F10S04","F10","Alisa Summers","S129","Toxic","Britney Spears","Alisa Summers"
"LS130","F10S04E01","F10S04","F10","Jiggly Caliente","S129","Toxic","Britney Spears","Alisa Summers"
"LS139","F10S04E10","F10S04","F10","Kenya Michaels","S138","(You Make Me Feel Like) A Natural Woman","Aretha Franklin","Kenya Michaels"
"LS139","F10S04E10","F10S04","F10","Latrice Royale","S138","(You Make Me Feel Like) A Natural Woman","Aretha Franklin","Kenya Michaels"
"LS140","F10S04E11","F10S04","F10","Chad Michaels","S139","No One Else on Earth","Wynonna Judd","Latrice Royale"
"LS140","F10S04E11","F10S04","F10","Latrice Royale","S139","No One Else on Earth","Wynonna Judd","Latrice Royale"
"LS141","F10S04E13","F10S04","F10","Chad Michaels","S140","Glamazon","RuPaul","None"
"LS141","F10S04E13","F10S04","F10","Phi Phi O'Hara","S140","Glamazon","RuPaul","None"
"LS141","F10S04E13","F10S04","F10","Sharon Needles","S140","Glamazon","RuPaul","None"
"LS131","F10S04E02","F10S04","F10","Lashauwn Beyond","S130","Bad Girls","Donna Summer","Lashauwn Beyond"
"LS131","F10S04E02","F10S04","F10","The Princess","S130","Bad Girls","Donna Summer","Lashauwn Beyond"
"LS132","F10S04E03","F10S04","F10","DiDa Ritz","S131","This Will Be","Natalie Cole","The Princess"
"LS132","F10S04E03","F10S04","F10","The Princess","S131","This Will Be","Natalie Cole","The Princess"
"LS133","F10S04E04","F10S04","F10","Madame LaQueer","S132","Trouble","Pink","Madame LaQueer"
"LS133","F10S04E04","F10S04","F10","Milan","S132","Trouble","Pink","Madame LaQueer"
"LS134","F10S04E05","F10S04","F10","Kenya Michaels","S133","Vogue","Madonna","Kenya Michaels"
"LS134","F10S04E05","F10S04","F10","Milan","S133","Vogue","Madonna","Kenya Michaels"
"LS135","F10S04E06","F10S04","F10","Jiggly Caliente","S134","Born This Way","Lady Gaga","Milan"
"LS135","F10S04E06","F10S04","F10","Milan","S134","Born This Way","Lady Gaga","Milan"
"LS136","F10S04E07","F10S04","F10","Jiggly Caliente","S135","Mi Vida Loca (My Crazy Life)","Pam Tillis","Jiggly Caliente"
"LS136","F10S04E07","F10S04","F10","Willam","S135","Mi Vida Loca (My Crazy Life)","Pam Tillis","Jiggly Caliente"
"LS137","F10S04E08","F10S04","F10","Phi Phi O'Hara","S136","It's Raining Men... The Sequel","Martha Wash ft. RuPaul","None"
"LS137","F10S04E08","F10S04","F10","Sharon Needles","S136","It's Raining Men... The Sequel","Martha Wash ft. RuPaul","None"
"LS138","F10S04E09","F10S04","F10","DiDa Ritz","S137","I've Got to Use My Imagination","Gladys Knight & The Pips","DiDa Ritz"
"LS138","F10S04E09","F10S04","F10","Latrice Royale","S137","I've Got to Use My Imagination","Gladys Knight & The Pips","DiDa Ritz"
"LS148","F10S05E01","F10S05","F10","Penny Tration","S147","Party in the U.S.A.","Miley Cyrus","Penny Tration"
"LS148","F10S05E01","F10S05","F10","Serena ChaCha","S147","Party in the U.S.A.","Miley Cyrus","Penny Tration"
"LS157","F10S05E10","F10S05","F10","Coco Montrese","S156","(It Takes) Two to Make It Right","Seduction","Coco Montrese"
"LS157","F10S05E10","F10S05","F10","Detox","S156","(It Takes) Two to Make It Right","Seduction","Coco Montrese"
"LS158","F10S05E11","F10S05","F10","Detox","S157","Malambo No. 1","Yma Sumac","Detox"
"LS158","F10S05E11","F10S05","F10","Jinkx Monsoon","S157","Malambo No. 1","Yma Sumac","Detox"
"LS159","F10S05E12","F10S05","F10","Alaska","S158","The Beginning","RuPaul","None"
"LS159","F10S05E12","F10S05","F10","Jinkx Monsoon","S158","The Beginning","RuPaul","None"
"LS159","F10S05E12","F10S05","F10","Roxxxy Andrews","S158","The Beginning","RuPaul","None"
"LS149","F10S05E02","F10S05","F10","Monica Beverly Hillz","S148","Only Girl (In the World)","Rihanna","Serena ChaCha"
"LS149","F10S05E02","F10S05","F10","Serena ChaCha","S148","Only Girl (In the World)","Rihanna","Serena ChaCha"
"LS150","F10S05E03","F10S05","F10","Coco Montrese","S149","When I Grow Up","The Pussycat Dolls","Monica Beverly Hillz"
"LS150","F10S05E03","F10S05","F10","Monica Beverly Hillz","S149","When I Grow Up","The Pussycat Dolls","Monica Beverly Hillz"
"LS151","F10S05E04","F10S05","F10","Honey Mahogany","S150","Oops!... I Did It Again","Britney Spears","Honey Mahogany, Vivienne Pinay"
"LS151","F10S05E04","F10S05","F10","Vivienne Pinay","S150","Oops!... I Did It Again","Britney Spears","Honey Mahogany, Vivienne Pinay"
"LS152","F10S05E05","F10S05","F10","Detox","S151","Take Me Home","Cher","Lineysha Sparx"
"LS152","F10S05E05","F10S05","F10","Lineysha Sparx","S151","Take Me Home","Cher","Lineysha Sparx"
"LS153","F10S05E06","F10S05","F10","Coco Montrese","S152","I'm So Excited","The Pointer Sisters","Jade Jolie"
"LS153","F10S05E06","F10S05","F10","Jade Jolie","S152","I'm So Excited","The Pointer Sisters","Jade Jolie"
"LS154","F10S05E07","F10S05","F10","Alyssa Edwards","S153","Whip My Hair","Willow Smith","None"
"LS154","F10S05E07","F10S05","F10","Roxxxy Andrews","S153","Whip My Hair","Willow Smith","None"
"LS155","F10S05E08","F10S05","F10","Alyssa Edwards","S154","Ain't Nothin' Goin' On but the Rent","Gwen Guthrie","Ivy Winters"
"LS155","F10S05E08","F10S05","F10","Ivy Winters","S154","Ain't Nothin' Goin' On but the Rent","Gwen Guthrie","Ivy Winters"
"LS156","F10S05E09","F10S05","F10","Alyssa Edwards","S155","Cold Hearted","Paula Abdul","Alyssa Edwards"
"LS156","F10S05E09","F10S05","F10","Coco Montrese","S155","Cold Hearted","Paula Abdul","Alyssa Edwards"
"LS160","F10S06E01","F10S06","F10","Kelly Mantle","S159","Express Yourself","Madonna","Kelly Mantle"
"LS160","F10S06E01","F10S06","F10","Vivacious","S159","Express Yourself","Madonna","Kelly Mantle"
"LS169","F10S06E10","F10S06","F10","Adore Delano","S168","Think","Aretha Franklin","Joslyn Fox"
"LS169","F10S06E10","F10S06","F10","Joslyn Fox","S168","Think","Aretha Franklin","Joslyn Fox"
"LS170","F10S06E11","F10S06","F10","BenDeLaCreme","S169","Stronger (What Doesn't Kill You)","Kelly Clarkson","BenDeLaCreme"
"LS170","F10S06E11","F10S06","F10","Darienne Lake","S169","Stronger (What Doesn't Kill You)","Kelly Clarkson","BenDeLaCreme"
"LS171","F10S06E12","F10S06","F10","Adore Delano","S170","Sissy That Walk","RuPaul","Darienne Lake"
"LS171","F10S06E12","F10S06","F10","Darienne Lake","S170","Sissy That Walk","RuPaul","Darienne Lake"
"LS171","F10S06E12","F10S06","F10","Bianca Del Rio","S170","Sissy That Walk","RuPaul","Darienne Lake"
"LS171","F10S06E12","F10S06","F10","Courtney Act","S170","Sissy That Walk","RuPaul","Darienne Lake"
"LS161","F10S06E02","F10S06","F10","Darienne Lake","S160","Turn the Beat Around","Vicki Sue Robinson","Magnolia Crawford"
"LS161","F10S06E02","F10S06","F10","Magnolia Crawford","S160","Turn the Beat Around","Vicki Sue Robinson","Magnolia Crawford"
"LS162","F10S06E03","F10S06","F10","April Carrión","S161","Shake It Up","Selena Gomez","Vivacious"
"LS162","F10S06E03","F10S06","F10","Vivacious","S161","Shake It Up","Selena Gomez","Vivacious"
"LS163","F10S06E04","F10S06","F10","April Carrión","S162","I'm Every Woman","Chaka Khan","April Carrión"
"LS163","F10S06E04","F10S06","F10","Trinity K. Bonet","S162","I'm Every Woman","Chaka Khan","April Carrión"
"LS164","F10S06E05","F10S06","F10","Gia Gunn","S163","Head to Toe","Lisa Lisa & Cult Jam","Gia Gunn"
"LS164","F10S06E05","F10S06","F10","Laganja Estranja","S163","Head to Toe","Lisa Lisa & Cult Jam","Gia Gunn"
"LS165","F10S06E06","F10S06","F10","Milk","S164","Whatta Man","Salt-n-Pepa, En Vogue","Milk"
"LS165","F10S06E06","F10S06","F10","Trinity K. Bonet","S164","Whatta Man","Salt-n-Pepa, En Vogue","Milk"
"LS166","F10S06E07","F10S06","F10","BenDeLaCreme","S165","Point of No Return","Exposé","None"
"LS166","F10S06E07","F10S06","F10","Darienne Lake","S165","Point of No Return","Exposé","None"
"LS167","F10S06E08","F10S06","F10","Joslyn Fox","S166","Stupid Girls","Pink","Laganja Estranja"
"LS167","F10S06E08","F10S06","F10","Laganja Estranja","S166","Stupid Girls","Pink","Laganja Estranja"
"LS168","F10S06E09","F10S06","F10","Adore Delano","S167","Vibeology","Paula Abdul","Trinity K. Bonet"
"LS168","F10S06E09","F10S06","F10","Trinity K. Bonet","S167","Vibeology","Paula Abdul","Trinity K. Bonet"
"LS172","F10S07E01","F10S07","F10","Kandy Ho","S171","Geronimo","RuPaul ft. Lucian Piane","Tempest DuJour"
"LS172","F10S07E01","F10S07","F10","Tempest DuJour","S171","Geronimo","RuPaul ft. Lucian Piane","Tempest DuJour"
"LS181","F10S07E10","F10S07","F10","Ginger Minj","S180","Show Me Love","Robin S.","Trixie Mattel"
"LS181","F10S07E10","F10S07","F10","Trixie Mattel","S180","Show Me Love","Robin S.","Trixie Mattel"
"LS182","F10S07E11","F10S07","F10","Katya","S181","Roar","Katy Perry","Katya"
"LS182","F10S07E11","F10S07","F10","Kennedy Davenport","S181","Roar","Katy Perry","Katya"
"LS183","F10S07E12","F10S07","F10","Ginger Minj","S182","Born Naked","RuPaul ft. Clairy Browne","Kennedy Davenport"
"LS183","F10S07E12","F10S07","F10","Kennedy Davenport","S182","Born Naked","RuPaul ft. Clairy Browne","Kennedy Davenport"
"LS183","F10S07E12","F10S07","F10","Pearl","S182","Born Naked","RuPaul ft. Clairy Browne","Kennedy Davenport"
"LS183","F10S07E12","F10S07","F10","Violet Chachki","S182","Born Naked","RuPaul ft. Clairy Browne","Kennedy Davenport"
"LS173","F10S07E02","F10S07","F10","Katya","S172","Twist of Fate","Olivia Newton-John","Sasha Belle"
"LS173","F10S07E02","F10S07","F10","Sasha Belle","S172","Twist of Fate","Olivia Newton-John","Sasha Belle"
"LS174","F10S07E03","F10S07","F10","Jasmine Masters","S173","I Was Gonna Cancel","Kylie Minogue","Jasmine Masters"
"LS174","F10S07E03","F10S07","F10","Kennedy Davenport","S173","I Was Gonna Cancel","Kylie Minogue","Jasmine Masters"
"LS175","F10S07E04","F10S07","F10","Pearl","S174","Dreaming","Blondie","Trixie Mattel"
"LS175","F10S07E04","F10S07","F10","Trixie Mattel","S174","Dreaming","Blondie","Trixie Mattel"
"LS176","F10S07E05","F10S07","F10","Kandy Ho","S175","Lovergirl","Teena Marie","Mrs. Kasha Davis"
"LS176","F10S07E05","F10S07","F10","Mrs. Kasha Davis","S175","Lovergirl","Teena Marie","Mrs. Kasha Davis"
"LS177","F10S07E06","F10S07","F10","Jaidynn Diore Fierce","S176","Break Free","Ariana Grande ft. Zedd","Kandy Ho"
"LS177","F10S07E06","F10S07","F10","Kandy Ho","S176","Break Free","Ariana Grande ft. Zedd","Kandy Ho"
"LS178","F10S07E07","F10S07","F10","Jaidynn Diore Fierce","S177","No More Lies","Michel'le","Max"
"LS178","F10S07E07","F10S07","F10","Max","S177","No More Lies","Michel'le","Max"
"LS179","F10S07E08","F10S07","F10","Ginger Minj(with Sasha Belle)","S178","I Think We're Alone Now","Tiffany","Jaidynn Diore Fierce"
"LS179","F10S07E08","F10S07","F10","Jaidynn Diore Fierce(with Tempest DuJour)","S178","I Think We're Alone Now","Tiffany","Jaidynn Diore Fierce"
"LS180","F10S07E09","F10S07","F10","Miss Fame","S179","Really Don't Care","Demi Lovato ft. Cher Lloyd","Miss Fame"
"LS180","F10S07E09","F10S07","F10","Pearl","S179","Really Don't Care","Demi Lovato ft. Cher Lloyd","Miss Fame"
"LS184","F10S08E01","F10S08","F10","Laila McQueen","S183","Applause","Lady Gaga","Naysha Lopez"
"LS184","F10S08E01","F10S08","F10","Naysha Lopez","S183","Applause","Lady Gaga","Naysha Lopez"
"LS185","F10S08E02","F10S08","F10","Dax ExclamationPoint","S184","I Will Survive","Gloria Gaynor","Dax ExclamationPoint, Laila McQueen"
"LS185","F10S08E02","F10S08","F10","Laila McQueen","S184","I Will Survive","Gloria Gaynor","Dax ExclamationPoint, Laila McQueen"
"LS186","F10S08E03","F10S08","F10","Cynthia Lee Fontaine","S185","Mesmerized (Freemasons Radio Edit)","Faith Evans","Cynthia Lee Fontaine"
"LS186","F10S08E03","F10S08","F10","Robbie Turner","S185","Mesmerized (Freemasons Radio Edit)","Faith Evans","Cynthia Lee Fontaine"
"LS187","F10S08E04","F10S08","F10","Chi Chi DeVayne","S186","Call Me","Blondie","Naysha Lopez"
"LS187","F10S08E04","F10S08","F10","Naysha Lopez","S186","Call Me","Blondie","Naysha Lopez"
"LS188","F10S08E05","F10S08","F10","Acid Betty","S187","Causing a Commotion","Madonna","Acid Betty"
"LS188","F10S08E05","F10S08","F10","Naomi Smalls","S187","Causing a Commotion","Madonna","Acid Betty"
"LS189","F10S08E06","F10S08","F10","Derrick Barry","S188","I Love It","Icona Pop ft. Charli XCX","Robbie Turner"
"LS189","F10S08E06","F10S08","F10","Robbie Turner","S188","I Love It","Icona Pop ft. Charli XCX","Robbie Turner"
"LS190","F10S08E07","F10S08","F10","Chi Chi DeVayne","S189","And I Am Telling You I'm Not Going","Jennifer Holliday","Thorgy Thor"
"LS190","F10S08E07","F10S08","F10","Thorgy Thor","S189","And I Am Telling You I'm Not Going","Jennifer Holliday","Thorgy Thor"
"LS191","F10S08E08","F10S08","F10","Bob the Drag Queen","S190","You Make Me Feel (Mighty Real)","Sylvester","Derrick Barry"
"LS191","F10S08E08","F10S08","F10","Derrick Barry","S190","You Make Me Feel (Mighty Real)","Sylvester","Derrick Barry"
"LS192","F10S08E09","F10S08","F10","Bob the Drag Queen","S191","The Realness","RuPaul","Chi Chi DeVayne"
"LS192","F10S08E09","F10S08","F10","Chi Chi DeVayne","S191","The Realness","RuPaul","Chi Chi DeVayne"
"LS192","F10S08E09","F10S08","F10","Kim Chi","S191","The Realness","RuPaul","Chi Chi DeVayne"
"LS192","F10S08E09","F10S08","F10","Naomi Smalls","S191","The Realness","RuPaul","Chi Chi DeVayne"
"LS209","F10S09E10","F10S09","F10","Nina Bo'Nina Brown","S208","Cool for the Summer","Demi Lovato","Nina Bo'Nina Brown"
"LS209","F10S09E10","F10S09","F10","Shea Couleé","S208","Cool for the Summer","Demi Lovato","Nina Bo'Nina Brown"
"LS210","F10S09E11","F10S09","F10","Alexis Michelle","S209","Macho Man","Village People","Alexis Michelle"
"LS210","F10S09E11","F10S09","F10","Peppermint","S209","Macho Man","Village People","Alexis Michelle"
"LS211","F10S09E12","F10S09","F10","Peppermint","S210","U Wear It Well","RuPaul","None"
"LS211","F10S09E12","F10S09","F10","Sasha Velour","S210","U Wear It Well","RuPaul","None"
"LS211","F10S09E12","F10S09","F10","Shea Couleé","S210","U Wear It Well","RuPaul","None"
"LS211","F10S09E12","F10S09","F10","Trinity Taylor","S210","U Wear It Well","RuPaul","None"
"LS212","F10S09E14","F10S09","F10","Peppermint","S211","It's Not Right but It's Okay (Thunderpuss Remix)","Whitney Houston","Peppermint"
"LS212","F10S09E14","F10S09","F10","Sasha Velour","S211","It's Not Right but It's Okay (Thunderpuss Remix)","Whitney Houston","Peppermint"
"LS213","F10S09E14","F10S09","F10","Peppermint","S104","Stronger","Britney Spears","Trinity Taylor"
"LS213","F10S09E14","F10S09","F10","Trinity Taylor","S104","Stronger","Britney Spears","Trinity Taylor"
"LS214","F10S09E14","F10S09","F10","Sasha Velour","S212","So Emotional","Whitney Houston","Shea Couleé"
"LS214","F10S09E14","F10S09","F10","Shea Couleé","S212","So Emotional","Whitney Houston","Shea Couleé"
"LS201","F10S09E02","F10S09","F10","Jaymes Mansfield","S200","Love Shack","The B-52's","Jaymes Mansfield"
"LS201","F10S09E02","F10S09","F10","Kimora Blac","S200","Love Shack","The B-52's","Jaymes Mansfield"
"LS202","F10S09E03","F10S09","F10","Aja","S201","Holding Out for a Hero","Bonnie Tyler","Kimora Blac"
"LS202","F10S09E03","F10S09","F10","Kimora Blac","S201","Holding Out for a Hero","Bonnie Tyler","Kimora Blac"
"LS203","F10S09E04","F10S09","F10","Charlie Hides","S202","I Wanna Go","Britney Spears","Charlie Hides"
"LS203","F10S09E04","F10S09","F10","Trinity Taylor","S202","I Wanna Go","Britney Spears","Charlie Hides"
"LS204","F10S09E05","F10S09","F10","Cynthia Lee Fontaine","S203","Woman Up","Meghan Trainor","None"
"LS204","F10S09E05","F10S09","F10","Farrah Moan","S203","Woman Up","Meghan Trainor","None"
"LS205","F10S09E06","F10S09","F10","Cynthia Lee Fontaine","S204","Music","Madonna","Cynthia Lee Fontaine"
"LS205","F10S09E06","F10S09","F10","Peppermint","S204","Music","Madonna","Cynthia Lee Fontaine"
"LS206","F10S09E07","F10S09","F10","Aja","S205","Finally","CeCe Peniston","Aja"
"LS206","F10S09E07","F10S09","F10","Nina Bo'Nina Brown","S205","Finally","CeCe Peniston","Aja"
"LS207","F10S09E08","F10S09","F10","Alexis Michelle","S206","Baby I'm Burnin'","Dolly Parton","Farrah Moan"
"LS207","F10S09E08","F10S09","F10","Farrah Moan","S206","Baby I'm Burnin'","Dolly Parton","Farrah Moan"
"LS208","F10S09E09","F10S09","F10","Nina Bo'Nina Brown","S207","Greedy","Ariana Grande","Valentina"
"LS208","F10S09E09","F10S09","F10","Valentina","S207","Greedy","Ariana Grande","Valentina"
"LS228","F10S10E01","F10S10","F10","Kalorie Karbdashian Williams","S224","Ain't No Other Man","Christina Aguilera","Vanessa Vanjie Mateo"
"LS228","F10S10E01","F10S10","F10","Vanessa Vanjie Mateo","S224","Ain't No Other Man","Christina Aguilera","Vanessa Vanjie Mateo"
"LS239","F10S10E10","F10S10","F10","Kameron Michaels","S235","Good as Hell","Lizzo","Monét X Change"
"LS239","F10S10E10","F10S10","F10","Monét X Change","S235","Good as Hell","Lizzo","Monét X Change"
"LS240","F10S10E11","F10S10","F10","Kameron Michaels","S236","Nasty Girl","Vanity 6","Miz Cracker"
"LS240","F10S10E11","F10S10","F10","Miz Cracker","S236","Nasty Girl","Vanity 6","Miz Cracker"
"LS241","F10S10E12","F10S10","F10","Aquaria","S237","Call Me Mother","RuPaul","None"
"LS241","F10S10E12","F10S10","F10","Asia O'Hara","S237","Call Me Mother","RuPaul","None"
"LS241","F10S10E12","F10S10","F10","Eureka","S237","Call Me Mother","RuPaul","None"
"LS241","F10S10E12","F10S10","F10","Kameron Michaels","S237","Call Me Mother","RuPaul","None"
"LS242","F10S10E14","F10S10","F10","Aquaria","S238","If","Janet Jackson","None"
"LS242","F10S10E14","F10S10","F10","Eureka","S238","If","Janet Jackson","None"
"LS243","F10S10E14","F10S10","F10","Aquaria","S239","Bang Bang","Jessie J, Ariana Grande, Nicki Minaj","Eureka, Kameron Michaels"
"LS243","F10S10E14","F10S10","F10","Eureka","S239","Bang Bang","Jessie J, Ariana Grande, Nicki Minaj","Eureka, Kameron Michaels"
"LS243","F10S10E14","F10S10","F10","Kameron Michaels","S239","Bang Bang","Jessie J, Ariana Grande, Nicki Minaj","Eureka, Kameron Michaels"
"LS244","F10S10E14","F10S10","F10","Asia O'Hara","S143","Nasty","Janet Jackson","Asia O’Hara"
"LS244","F10S10E14","F10S10","F10","Kameron Michaels","S143","Nasty","Janet Jackson","Asia O’Hara"
"LS230","F10S10E02","F10S10","F10","Eureka","S226","Best of My Love","The Emotions","Kalorie Karbdashian Williams"
"LS230","F10S10E02","F10S10","F10","Kalorie Karbdashian Williams","S226","Best of My Love","The Emotions","Kalorie Karbdashian Williams"
"LS232","F10S10E03","F10S10","F10","Mayhem Miller","S228","Celebrity Skin","Hole","Yuhua Hamasaki"
"LS232","F10S10E03","F10S10","F10","Yuhua Hamasaki","S228","Celebrity Skin","Hole","Yuhua Hamasaki"
"LS233","F10S10E04","F10S10","F10","Dusty Ray Bottoms","S229","Pound the Alarm","Nicki Minaj","Dusty Ray Bottoms"
"LS233","F10S10E04","F10S10","F10","Monét X Change","S229","Pound the Alarm","Nicki Minaj","Dusty Ray Bottoms"
"LS234","F10S10E05","F10S10","F10","Mayhem Miller","S230","Man! I Feel Like a Woman!","Shania Twain","Mayhem Miller"
"LS234","F10S10E05","F10S10","F10","Monét X Change","S230","Man! I Feel Like a Woman!","Shania Twain","Mayhem Miller"
"LS235","F10S10E06","F10S10","F10","Blair St. Clair","S231","I'm Coming Out","Diana Ross","Blair St. Clair"
"LS235","F10S10E06","F10S10","F10","The Vixen","S231","I'm Coming Out","Diana Ross","Blair St. Clair"
"LS236","F10S10E07","F10S10","F10","Monique Heart","S232","Cut to the Feeling","Carly Rae Jepsen","Monique Heart"
"LS236","F10S10E07","F10S10","F10","The Vixen","S232","Cut to the Feeling","Carly Rae Jepsen","Monique Heart"
"LS237","F10S10E08","F10S10","F10","Asia O'Hara","S233","Groove Is in the Heart","Deee-Lite","The Vixen"
"LS237","F10S10E08","F10S10","F10","The Vixen","S233","Groove Is in the Heart","Deee-Lite","The Vixen"
"LS238","F10S10E09","F10S10","F10","Eureka","S234","New Attitude","Patti LaBelle","None"
"LS238","F10S10E09","F10S10","F10","Kameron Michaels","S234","New Attitude","Patti LaBelle","None"
"LS264","F10S11E01","F10S11","F10","Kahanna Montrese","S258","The Best of Both Worlds","Hannah Montana","Soju"
"LS264","F10S11E01","F10S11","F10","Soju","S258","The Best of Both Worlds","Hannah Montana","Soju"
"LS277","F10S11E10","F10S11","F10","Shuga Cain","S271","No More Drama","Mary J. Blige","Shuga Cain"
"LS277","F10S11E10","F10S11","F10","Vanessa Vanjie Mateo","S271","No More Drama","Mary J. Blige","Shuga Cain"
"LS278","F10S11E11","F10S11","F10","Nina West","S272","No Scrubs","TLC","Nina West"
"LS278","F10S11E11","F10S11","F10","Silky Nutmeg Ganache","S272","No Scrubs","TLC","Nina West"
"LS279","F10S11E12","F10S11","F10","Brooke Lynn Hytes","S273","Pride (A Deeper Love)","Aretha Franklin","Vanessa Vanjie Mateo"
"LS279","F10S11E12","F10S11","F10","Vanessa Vanjie Mateo","S273","Pride (A Deeper Love)","Aretha Franklin","Vanessa Vanjie Mateo"
"LS280","F10S11E14","F10S11","F10","A'keria C. Davenport","S274","SOS","Rihanna","A'keria C. Davenport"
"LS280","F10S11E14","F10S11","F10","Yvie Oddly","S274","SOS","Rihanna","A'keria C. Davenport"
"LS281","F10S11E14","F10S11","F10","Brooke Lynn Hytes","S275","Bootylicious","Destiny's Child","Silky Nutmeg Ganache"
"LS281","F10S11E14","F10S11","F10","Silky Nutmeg Ganache","S275","Bootylicious","Destiny's Child","Silky Nutmeg Ganache"
"LS282","F10S11E14","F10S11","F10","Brooke Lynn Hytes","S276","The Edge of Glory","Lady Gaga","Brooke Lynn Hytes"
"LS282","F10S11E14","F10S11","F10","Yvie Oddly","S276","The Edge of Glory","Lady Gaga","Brooke Lynn Hytes"
"LS266","F10S11E02","F10S11","F10","Kahanna Montrese","S260","Work Bitch","Britney Spears","Kahanna Montrese"
"LS266","F10S11E02","F10S11","F10","Mercedes Iman Diamond","S260","Work Bitch","Britney Spears","Kahanna Montrese"
"LS268","F10S11E03","F10S11","F10","A'keria C. Davenport","S262","Waiting for Tonight (Hex Hector Mix)","Jennifer Lopez","Honey Davenport"
"LS268","F10S11E03","F10S11","F10","Honey Davenport","S262","Waiting for Tonight (Hex Hector Mix)","Jennifer Lopez","Honey Davenport"
"LS268","F10S11E03","F10S11","F10","Plastique Tiaravs. Ra'Jah O'Hara","S262","Waiting for Tonight (Hex Hector Mix)","Jennifer Lopez","Honey Davenport"
"LS268","F10S11E03","F10S11","F10","Scarlet Envy","S262","Waiting for Tonight (Hex Hector Mix)","Jennifer Lopez","Honey Davenport"
"LS268","F10S11E03","F10S11","F10","Shuga Cain","S262","Waiting for Tonight (Hex Hector Mix)","Jennifer Lopez","Honey Davenport"
"LS270","F10S11E04","F10S11","F10","Mercedes Iman Diamond","S264","Living in America","James Brown","Mercedes Iman Diamond"
"LS270","F10S11E04","F10S11","F10","Ra'Jah O'Hara","S264","Living in America","James Brown","Mercedes Iman Diamond"
"LS272","F10S11E05","F10S11","F10","Ariel Versace","S266","I'm Your Baby Tonight","Whitney Houston","Ariel Versace"
"LS272","F10S11E05","F10S11","F10","Shuga Cain","S266","I'm Your Baby Tonight","Whitney Houston","Ariel Versace"
"LS273","F10S11E06","F10S11","F10","Ra'Jah O'Hara","S267","Last Dance","Donna Summer","Scarlet Envy"
"LS273","F10S11E06","F10S11","F10","Scarlet Envy","S267","Last Dance","Donna Summer","Scarlet Envy"
"LS274","F10S11E07","F10S11","F10","A'keria C. Davenport","S268","Strut","Sheena Easton","Ra'Jah O'Hara"
"LS274","F10S11E07","F10S11","F10","Ra'Jah O'Hara","S268","Strut","Sheena Easton","Ra'Jah O'Hara"
"LS275","F10S11E08","F10S11","F10","Brooke Lynn Hytes","S269","Sorry Not Sorry","Demi Lovato","None"
"LS275","F10S11E08","F10S11","F10","Yvie Oddly","S269","Sorry Not Sorry","Demi Lovato","None"
"LS276","F10S11E09","F10S11","F10","Plastique Tiara","S270","Hood Boy","Fantasia","Plastique Tiara"
"LS276","F10S11E09","F10S11","F10","Vanessa Vanjie Mateo","S270","Hood Boy","Fantasia","Plastique Tiara"
"LS291","F10S12E01","F10S12","F10","Gigi Goode","S284","Starships","Nicki Minaj","Widow Von'Du"
"LS291","F10S12E01","F10S12","F10","Widow Von'Du","S284","Starships","Nicki Minaj","Widow Von'Du"
"LS300","F10S12E10","F10S12","F10","Heidi N Closet","S293","Kill the Lights","Alex Newell, DJ Cassidy ft. Nile Rodgers","None"
"LS300","F10S12E10","F10S12","F10","Jackie Cox","S293","Kill the Lights","Alex Newell, DJ Cassidy ft. Nile Rodgers","None"
"LS301","F10S12E11","F10S12","F10","Heidi N Closet","S294","1999","Prince","Heidi N Closet"
"LS301","F10S12E11","F10S12","F10","Jaida Essence Hall","S294","1999","Prince","Heidi N Closet"
"LS302","F10S12E12","F10S12","F10","Crystal Methyd","S295","On the Floor","Jennifer Lopez ft. Pitbull","Jackie Cox"
"LS302","F10S12E12","F10S12","F10","Jackie Cox","S295","On the Floor","Jennifer Lopez ft. Pitbull","Jackie Cox"
"LS303","F10S12E14","F10S12","F10","Crystal Methyd","S296","I'm Like a Bird","Nelly Furtado","None"
"LS304","F10S12E14","F10S12","F10","Crystal Methyd","S297","Bring Back My Girls","RuPaul","None"
"LS304","F10S12E14","F10S12","F10","Gigi Goode","S297","Bring Back My Girls","RuPaul","None"
"LS304","F10S12E14","F10S12","F10","Jaida Essence Hall","S297","Bring Back My Girls","RuPaul","None"
"LS305","F10S12E14","F10S12","F10","Crystal Methyd","S298","Survivor","Destiny's Child","Crystal Methyd, Gigi Goode"
"LS305","F10S12E14","F10S12","F10","Gigi Goode","S298","Survivor","Destiny's Child","Crystal Methyd, Gigi Goode"
"LS305","F10S12E14","F10S12","F10","Jaida Essence Hall","S298","Survivor","Destiny's Child","Crystal Methyd, Gigi Goode"
"LS306","F10S12E14","F10S12","F10","Gigi Goode","S299","Take On Me","A-ha","None"
"LS307","F10S12E14","F10S12","F10","Jaida Essence Hall","S300","Get Up","Ciara ft. Chamillionaire","None"
"LS292","F10S12E02","F10S12","F10","Jaida Essence Hall","S285","Call Your Girlfriend","Robyn","Jaida Essence Hall"
"LS292","F10S12E02","F10S12","F10","Sherry Pie","S285","Call Your Girlfriend","Robyn","Jaida Essence Hall"
"LS293","F10S12E03","F10S12","F10","Dahlia Sin","S286","Problem","Ariana Grande ft. Iggy Azalea","Dahlia Sin"
"LS293","F10S12E03","F10S12","F10","Nicky Doll","S286","Problem","Ariana Grande ft. Iggy Azalea","Dahlia Sin"
"LS294","F10S12E04","F10S12","F10","Brita","S287","S&M","Rihanna","Rock M. Sakura"
"LS294","F10S12E04","F10S12","F10","Rock M. Sakura","S287","S&M","Rihanna","Rock M. Sakura"
"LS295","F10S12E05","F10S12","F10","Heidi N Closet","S288","Heart to Break","Kim Petras","Nicky Doll"
"LS295","F10S12E05","F10S12","F10","Nicky Doll","S288","Heart to Break","Kim Petras","Nicky Doll"
"LS296","F10S12E06","F10S12","F10","Aiden Zhane","S289","Let It Go","Caissie Levy","Aiden Zhane"
"LS296","F10S12E06","F10S12","F10","Brita","S289","Let It Go","Caissie Levy","Aiden Zhane"
"LS297","F10S12E07","F10S12","F10","Brita","S290","Burning Up","Madonna","Brita"
"LS297","F10S12E07","F10S12","F10","Heidi N Closet","S290","Burning Up","Madonna","Brita"
"LS298","F10S12E08","F10S12","F10","Jan","S291","This Is My Night","Chaka Khan","Jan"
"LS298","F10S12E08","F10S12","F10","Widow Von'Du","S291","This Is My Night","Chaka Khan","Jan"
"LS299","F10S12E09","F10S12","F10","Jackie Cox","S292","Firework","Katy Perry","Widow Von'Du"
"LS299","F10S12E09","F10S12","F10","Widow Von'Du","S292","Firework","Katy Perry","Widow Von'Du"
"LS334","F10S13E01","F10S13","F10","Denali","S149","When I Grow Up","The Pussycat Dolls","LaLa Ri"
"LS334","F10S13E01","F10S13","F10","LaLa Ri","S149","When I Grow Up","The Pussycat Dolls","LaLa Ri"
"LS335","F10S13E01","F10S13","F10","Elliott with 2 Ts","S323","Lady Marmalade","Christina Aguilera, Lil' Kim, Mýa, P!nk","Tina Burner"
"LS335","F10S13E01","F10S13","F10","Kahmora Hall","S323","Lady Marmalade","Christina Aguilera, Lil' Kim, Mýa, P!nk","Tina Burner"
"LS335","F10S13E01","F10S13","F10","Tina Burner","S323","Lady Marmalade","Christina Aguilera, Lil' Kim, Mýa, P!nk","Tina Burner"
"LS336","F10S13E01","F10S13","F10","Gottmik","S324","Rumors","Lindsay Lohan","Gottmik"
"LS336","F10S13E01","F10S13","F10","Utica Queen","S324","Rumors","Lindsay Lohan","Gottmik"
"LS337","F10S13E01","F10S13","F10","Joey Jay","S325","Call Me Maybe","Carly Rae Jepsen","Kandy Muse"
"LS337","F10S13E01","F10S13","F10","Kandy Muse","S325","Call Me Maybe","Carly Rae Jepsen","Kandy Muse"
"LS338","F10S13E01","F10S13","F10","Olivia Lux","S326","Ex's & Oh's","Elle King","Olivia Lux"
"LS338","F10S13E01","F10S13","F10","Rosé","S326","Ex's & Oh's","Elle King","Olivia Lux"
"LS339","F10S13E01","F10S13","F10","Symone","S327","The Pleasure Principle","Janet Jackson","Symone"
"LS339","F10S13E01","F10S13","F10","Tamisha Iman","S327","The Pleasure Principle","Janet Jackson","Symone"
"LS357","F10S13E10","F10S13","F10","Denali","S105","Shackles (Praise You)","Mary Mary","Denali"
"LS357","F10S13E10","F10S13","F10","Olivia Lux","S105","Shackles (Praise You)","Mary Mary","Denali"
"LS359","F10S13E11","F10S13","F10","Tina Burner","S346","My Humps","Black Eyed Peas","Tina Burner"
"LS359","F10S13E11","F10S13","F10","Utica Queen","S346","My Humps","Black Eyed Peas","Tina Burner"
"LS360","F10S13E12","F10S13","F10","Symone","S347","No Tears Left to Cry","Ariana Grande","Utica Queen"
"LS360","F10S13E12","F10S13","F10","Utica Queen","S347","No Tears Left to Cry","Ariana Grande","Utica Queen"
"LS361","F10S13E13","F10S13","F10","Kandy Muse","S348","Strong Enough","Cher","Olivia Lux"
"LS361","F10S13E13","F10S13","F10","Olivia Lux","S348","Strong Enough","Cher","Olivia Lux"
"LS362","F10S13E14","F10S13","F10","Gottmik","S349","I Learned from the Best (HQ2 Radio Mix)","Whitney Houston","None"
"LS362","F10S13E14","F10S13","F10","Kandy Muse","S349","I Learned from the Best (HQ2 Radio Mix)","Whitney Houston","None"
"LS362","F10S13E14","F10S13","F10","Rosé","S349","I Learned from the Best (HQ2 Radio Mix)","Whitney Houston","None"
"LS362","F10S13E14","F10S13","F10","Symone","S349","I Learned from the Best (HQ2 Radio Mix)","Whitney Houston","None"
"LS363","F10S13E15","F10S13","F10","Denali","S350","How You Like That","BLACKPINK","None"
"LS364","F10S13E15","F10S13","F10","Denali(NCTE)","S351","Be My Lover","La Bouche","Denali"
"LS364","F10S13E15","F10S13","F10","LaLa Ri(NBJC)","S351","Be My Lover","La Bouche","Denali"
"LS365","F10S13E15","F10S13","F10","Elliott with 2 Ts","S352","Hideaway","Kiesza","None"
"LS366","F10S13E15","F10S13","F10","Joey Jay","S353","I Want You Back","NSYNC","None"
"LS367","F10S13E15","F10S13","F10","Kahmora Hall","S354","Something He Can Feel","En Vogue","None"
"LS368","F10S13E15","F10S13","F10","LaLa Ri","S355","Bad Bitch Tip","LaLa Ri ft. Ocean Kelly","None"
"LS369","F10S13E15","F10S13","F10","Olivia Lux","S356","I'm Goin' Down","Mary J. Blige","None"
"LS370","F10S13E15","F10S13","F10","Tamisha Iman","S357","Arrogant","Tamisha Iman","None"
"LS371","F10S13E15","F10S13","F10","Tina Burner","S358","Turn It & Burn It","Tina Burner","None"
"LS372","F10S13E15","F10S13","F10","Utica Queen","S359","You Should Be Sad","Halsey","None"
"LS373","F10S13E16","F10S13","F10","Gottmik","S360","Gimme More","Britney Spears","Gottmik"
"LS373","F10S13E16","F10S13","F10","Symone","S360","Gimme More","Britney Spears","Gottmik"
"LS374","F10S13E16","F10S13","F10","Kandy Muse","S260","Work Bitch","Britney Spears","Rosé"
"LS374","F10S13E16","F10S13","F10","Rosé","S260","Work Bitch","Britney Spears","Rosé"
"LS375","F10S13E16","F10S13","F10","Kandy Muse","S361","Till the World Ends","Britney Spears","Kandy Muse"
"LS375","F10S13E16","F10S13","F10","Symone","S361","Till the World Ends","Britney Spears","Kandy Muse"
"LS340","F10S13E02","F10S13","F10","Olivia Lux","S328","Break My Heart","Dua Lipa","Symone"
"LS340","F10S13E02","F10S13","F10","Symone","S328","Break My Heart","Dua Lipa","Symone"
"LS342","F10S13E03","F10S13","F10","Denali","S330","If U Seek Amy","Britney Spears","Denali"
"LS342","F10S13E03","F10S13","F10","Rosé","S330","If U Seek Amy","Britney Spears","Denali"
"LS344","F10S13E04","F10S13","F10","Denali","S332","100% Pure Love","Crystal Waters","Kahmora Hall"
"LS344","F10S13E04","F10S13","F10","Kahmora Hall","S332","100% Pure Love","Crystal Waters","Kahmora Hall"
"LS346","F10S13E05","F10S13","F10","Joey Jay","S334","Fancy","Iggy Azalea ft. Charli XCX","Joey Jay"
"LS346","F10S13E05","F10S13","F10","LaLa Ri","S334","Fancy","Iggy Azalea ft. Charli XCX","Joey Jay"
"LS348","F10S13E06","F10S13","F10","Kandy Muse","S336","Hit 'Em Up Style (Oops!)","Blu Cantrell","Tamisha Iman"
"LS348","F10S13E06","F10S13","F10","Tamisha Iman","S336","Hit 'Em Up Style (Oops!)","Blu Cantrell","Tamisha Iman"
"LS350","F10S13E07","F10S13","F10","Elliott with 2 Ts","S338","Whole Lotta Woman","Kelly Clarkson","LaLa Ri"
"LS350","F10S13E07","F10S13","F10","LaLa Ri","S338","Whole Lotta Woman","Kelly Clarkson","LaLa Ri"
"LS352","F10S13E08","F10S13","F10","Kandy Muse","S340","Boss","Fifth Harmony","None"
"LS352","F10S13E08","F10S13","F10","Symone","S340","Boss","Fifth Harmony","None"
"LS355","F10S13E09","F10S13","F10","Elliott with 2 Ts","S343","Fascinated","(Company B","Elliott with 2 Ts"
"LS355","F10S13E09","F10S13","F10","Utica Queen","S343","Fascinated","(Company B","Elliott with 2 Ts"
"LS429","F10S14E01","F10S14","F10","June Jambalaya","S414","Water Me","Lizzo","Orion Story"
"LS429","F10S14E01","F10S14","F10","Orion Story","S414","Water Me","Lizzo","Orion Story"
"LS438","F10S14E11","F10S14","F10","Angeria Paris VanMicheals","S423","Love Don't Cost a Thing","Jennifer Lopez","Angeria Paris VanMicheals"
"LS438","F10S14E11","F10S14","F10","Jasmine Kennedie","S423","Love Don't Cost a Thing","Jennifer Lopez","Angeria Paris VanMicheals"
"LS439","F10S14E11","F10S14","F10","Angeria Paris VanMicheals","S424","Radio","Beyoncé","Jorgeous"
"LS439","F10S14E11","F10S14","F10","Jorgeous","S424","Radio","Beyoncé","Jorgeous"
"LS439","F10S14E11","F10S14","F10","Lady Camden","S424","Radio","Beyoncé","Jorgeous"
"LS440","F10S14E11","F10S14","F10","Bosco","S425","Swept Away","Diana Ross","Jasmine Kennedie"
"LS440","F10S14E11","F10S14","F10","Jasmine Kennedie","S425","Swept Away","Diana Ross","Jasmine Kennedie"
"LS441","F10S14E11","F10S14","F10","Bosco","S426","Don't Let Go (Love)","En Vogue","Lady Camden"
"LS441","F10S14E11","F10S14","F10","Lady Camden","S426","Don't Let Go (Love)","En Vogue","Lady Camden"
"LS442","F10S14E11","F10S14","F10","Bosco","S427","Never Too Much","Luther Vandross","Willow Pill"
"LS442","F10S14E11","F10S14","F10","Willow Pill","S427","Never Too Much","Luther Vandross","Willow Pill"
"LS443","F10S14E11","F10S14","F10","Daya Betty","S428","Respect","Aretha Franklin","Daya Betty"
"LS443","F10S14E11","F10S14","F10","Jasmine Kennedie","S428","Respect","Aretha Franklin","Daya Betty"
"LS444","F10S14E12","F10S14","F10","Bosco","S429","Heartbreak Hotel (Hex Hector Remix)","Whitney Houston ft. Faith Evans, Kelly Price","None"
"LS444","F10S14E12","F10S14","F10","Jorgeous","S429","Heartbreak Hotel (Hex Hector Remix)","Whitney Houston ft. Faith Evans, Kelly Price","None"
"LS446","F10S14E13","F10S14","F10","Daya Betty","S431","Good 4 U","Olivia Rodrigo","DeJa Skye, Jorgeous"
"LS446","F10S14E13","F10S14","F10","DeJa Skye","S431","Good 4 U","Olivia Rodrigo","DeJa Skye, Jorgeous"
"LS446","F10S14E13","F10S14","F10","Jorgeous","S431","Good 4 U","Olivia Rodrigo","DeJa Skye, Jorgeous"
"LS448","F10S14E14","F10S14","F10","Angeria Paris VanMicheals","S433","Telephone","Lady Gaga ft. Beyoncé","None"
"LS448","F10S14E14","F10S14","F10","Willow Pill","S433","Telephone","Lady Gaga ft. Beyoncé","None"
"LS451","F10S14E16","F10S14","F10","Lady Camden","S436","Gimme! Gimme! Gimme! (A Man After Midnight)","Cher","Lady Camden"
"LS451","F10S14E16","F10S14","F10","Willow Pill","S436","Gimme! Gimme! Gimme! (A Man After Midnight)","Cher","Lady Camden"
"LS430","F10S14E02","F10S14","F10","Daya Betty","S415","Fallin'","Alicia Keys","Daya Betty"
"LS430","F10S14E02","F10S14","F10","Deja Skye","S415","Fallin'","Alicia Keys","Daya Betty"
"LS431","F10S14E03","F10S14","F10","June Jambalaya","S416","I Love It","Kylie Minogue","June Jambalaya"
"LS431","F10S14E03","F10S14","F10","Maddy Morphosis","S416","I Love It","Kylie Minogue","June Jambalaya"
"LS432","F10S14E04","F10S14","F10","Alyssa Hunter","S417","Play","Jennifer Lopez","Alyssa Hunter"
"LS432","F10S14E04","F10S14","F10","Kerri Colby","S417","Play","Jennifer Lopez","Alyssa Hunter"
"LS433","F10S14E05","F10S14","F10","Jorgeous","S418","My Head & My Heart","Ava Max","Orion Story"
"LS433","F10S14E05","F10S14","F10","Orion Story","S418","My Head & My Heart","Ava Max","Orion Story"
"LS434","F10S14E06","F10S14","F10","Jasmine Kennedie","S419","Suga Mama","Beyoncé","Maddy Morphosis"
"LS434","F10S14E06","F10S14","F10","Maddy Morphosis","S419","Suga Mama","Beyoncé","Maddy Morphosis"
"LS435","F10S14E07","F10S14","F10","Daya Betty","S420","One Way or Another","Blondie","Lady Camden"
"LS435","F10S14E07","F10S14","F10","Lady Camden","S420","One Way or Another","Blondie","Lady Camden"
"LS436","F10S14E08","F10S14","F10","Jasmine Kennedie","S421","Un-Break My Heart (Hex Hector Remix)","Toni Braxton","Kerri Colby"
"LS436","F10S14E08","F10S14","F10","Kerri Colby","S421","Un-Break My Heart (Hex Hector Remix)","Toni Braxton","Kerri Colby"
"LS437","F10S14E09","F10S14","F10","Jasmine Kennedie","S422","Something's Got a Hold on Me","Etta James","None"
"LS437","F10S14E09","F10S14","F10","Jorgeous","S422","Something's Got a Hold on Me","Etta James","None"
"LS218","F12S01E01","F12S01","F12","Meannie Minaj","S134","Born This Way","Lady Gaga","Meannie Minaj"
"LS218","F12S01E01","F12S01","F12","Morrigan","S134","Born This Way","Lady Gaga","Meannie Minaj"
"LS220","F12S01E02","F12S01","F12","Bunny Be Fly","S217","รักยังไม่ต้องการ (I Don't Want Love Yet)","Marsha Vadhanapanich","Bunny Be Fly"
"LS220","F12S01E02","F12S01","F12","Petchra","S217","รักยังไม่ต้องการ (I Don't Want Love Yet)","Marsha Vadhanapanich","Bunny Be Fly"
"LS222","F12S01E03","F12S01","F12","Dearis Doll","S219","O.K.นะคะ (O.K. Yes)","Katreeya English","Morrigan"
"LS222","F12S01E03","F12S01","F12","Morrigan","S219","O.K.นะคะ (O.K. Yes)","Katreeya English","Morrigan"
"LS224","F12S01E04","F12S01","F12","Amadiva","S221","Dhoom Dhoom","Tata Young","None"
"LS224","F12S01E04","F12S01","F12","Natalia Pliacam","S221","Dhoom Dhoom","Tata Young","None"
"LS226","F12S01E05","F12S01","F12","Année Maywong","S129","Toxic","Britney Spears","Petchra"
"LS226","F12S01E05","F12S01","F12","JAJA","S129","Toxic","Britney Spears","Petchra"
"LS226","F12S01E05","F12S01","F12","Petchra","S129","Toxic","Britney Spears","Petchra"
"LS229","F12S01E06","F12S01","F12","Amadiva","S225","เพลงสุดท้าย (Last Song)","Suda Chuenban","Amadiva, JAJA"
"LS229","F12S01E06","F12S01","F12","JAJA","S225","เพลงสุดท้าย (Last Song)","Suda Chuenban","Amadiva, JAJA"
"LS231","F12S01E07","F12S01","F12","B Ella","S227","Crazy in Love","Beyoncé ft. Jay-Z","B Ella"
"LS231","F12S01E07","F12S01","F12","Dearis Doll","S227","Crazy in Love","Beyoncé ft. Jay-Z","B Ella"
"LS458","F12S02E01","F12S02","F12","M Stranger Fox","S443","Born Naked","RuPaul","M Stranger Fox"
"LS458","F12S02E01","F12S02","F12","Silver Sonic","S443","Born Naked","RuPaul","M Stranger Fox"
"LS269","F12S02E10","F12S02","F12","Srimala","S263","This Is Me","Keala Settle","Srimala"
"LS269","F12S02E10","F12S02","F12","Vanda Miss Joaquim","S263","This Is Me","Keala Settle","Srimala"
"LS271","F12S02E11","F12S02","F12","Angele Anang","S265","Last Dance","Selena","Bandit, Vanda Miss Joaquim"
"LS271","F12S02E11","F12S02","F12","Bandit","S265","Last Dance","Selena","Bandit, Vanda Miss Joaquim"
"LS271","F12S02E11","F12S02","F12","Vanda Miss Joaquim","S265","Last Dance","Selena","Bandit, Vanda Miss Joaquim"
"LS250","F12S02E02","F12S02","F12","Mocha Diva","S245","I Will Survive หมอลำ (I Will Survive Mor Lam)","Saisunee Sukkrit","Silver Sonic"
"LS250","F12S02E02","F12S02","F12","Silver Sonic","S245","I Will Survive หมอลำ (I Will Survive Mor Lam)","Saisunee Sukkrit","Silver Sonic"
"LS255","F12S02E03","F12S02","F12","Kana Warrior","S249","ขอใจเธอแลกเบอร์โทร (Your Heart for My Number)","Yinglee Srijumpol","Katy Killer"
"LS255","F12S02E03","F12S02","F12","Katy Killer","S249","ขอใจเธอแลกเบอร์โทร (Your Heart for My Number)","Yinglee Srijumpol","Katy Killer"
"LS257","F12S02E04","F12S02","F12","Kana Warrior","S251","จดหมายจากเมียเช่า (A Letter from a Wife)","Mani Maniwan","Kandy Zyanide"
"LS257","F12S02E04","F12S02","F12","Kandy Zyanide","S251","จดหมายจากเมียเช่า (A Letter from a Wife)","Mani Maniwan","Kandy Zyanide"
"LS257","F12S02E04","F12S02","F12","Srimala","S251","จดหมายจากเมียเช่า (A Letter from a Wife)","Mani Maniwan","Kandy Zyanide"
"LS259","F12S02E05","F12S02","F12","Kana Warrior","S253","สุดฤทธิ์สุดเดช (Suprit Suddet)","Mai Charoenpura","Kana Warrior, Maya B'Haro"
"LS259","F12S02E05","F12S02","F12","Maya B'Haro","S253","สุดฤทธิ์สุดเดช (Suprit Suddet)","Mai Charoenpura","Kana Warrior, Maya B'Haro"
"LS261","F12S02E06","F12S02","F12","Mocha Diva","S255","เจ็บนิด...นิด (It Hurts a Little... a Little)","Rhatha Phongam","Mocha Diva"
"LS261","F12S02E06","F12S02","F12","Srimala","S255","เจ็บนิด...นิด (It Hurts a Little... a Little)","Rhatha Phongam","Mocha Diva"
"LS263","F12S02E07","F12S02","F12","Genie","S257","กินจุ๊บจิ๊บ (Eat Kiss Jib)","Pornchita na Songkhla","Genie"
"LS263","F12S02E07","F12S02","F12","Tormai","S257","กินจุ๊บจิ๊บ (Eat Kiss Jib)","Pornchita na Songkhla","Genie"
"LS263","F12S02E07","F12S02","F12","Vanda Miss Joaquim","S257","กินจุ๊บจิ๊บ (Eat Kiss Jib)","Pornchita na Songkhla","Genie"
"LS265","F12S02E08","F12S02","F12","Srimala","S259","Lady Marmalade","Christina Aguilera, Lil' Kim, Mýa, Pink","Tormai"
"LS265","F12S02E08","F12S02","F12","Tormai","S259","Lady Marmalade","Christina Aguilera, Lil' Kim, Mýa, Pink","Tormai"
"LS267","F12S02E09","F12S02","F12","Angele Anang","S261","หางเครื่อง (Dancer)","Sukanya Nakpradit","None"
"LS267","F12S02E09","F12S02","F12","Kana Warrior","S261","หางเครื่อง (Dancer)","Sukanya Nakpradit","None"
"LS283","F13S01E01","F13S01","F13","Gothy Kendoll","S277","New Rules","Dua Lipa","Gothy Kendoll"
"LS283","F13S01E01","F13S01","F13","Vinegar Strokes","S277","New Rules","Dua Lipa","Gothy Kendoll"
"LS284","F13S01E02","F13S01","F13","Blu Hydrangea","S278","Venus","Bananarama","Scaredy Kat"
"LS284","F13S01E02","F13S01","F13","Scaredy Kat","S278","Venus","Bananarama","Scaredy Kat"
"LS285","F13S01E03","F13S01","F13","Sum Ting Wong","S103","Would I Lie to You?","Eurythmics","Vinegar Strokes"
"LS285","F13S01E03","F13S01","F13","Vinegar Strokes","S103","Would I Lie to You?","Eurythmics","Vinegar Strokes"
"LS286","F13S01E04","F13S01","F13","Crystal","S279","Spice Up Your Life","Spice Girls","Sum Ting Wong"
"LS286","F13S01E04","F13S01","F13","Sum Ting Wong","S279","Spice Up Your Life","Spice Girls","Sum Ting Wong"
"LS287","F13S01E05","F13S01","F13","Crystal","S280","Power","Little Mix","Crystal"
"LS287","F13S01E05","F13S01","F13","The Vivienne","S280","Power","Little Mix","Crystal"
"LS288","F13S01E06","F13S01","F13","Blu Hydrangea","S281","Call My Name (Wideboys Remix)","Cheryl","Blu Hydrangea"
"LS288","F13S01E06","F13S01","F13","Cheryl Hole","S281","Call My Name (Wideboys Remix)","Cheryl","Blu Hydrangea"
"LS289","F13S01E07","F13S01","F13","Baga Chipz","S282","Tears Dry on Their Own","Amy Winehouse","Cheryl Hole"
"LS289","F13S01E07","F13S01","F13","Cheryl Hole","S282","Tears Dry on Their Own","Amy Winehouse","Cheryl Hole"
"LS290","F13S01E08","F13S01","F13","Divina de Campo","S283","I'm Your Man","Wham!","Divina de Campo"
"LS290","F13S01E08","F13S01","F13","The Vivienne","S283","I'm Your Man","Wham!","Divina de Campo"
"LS341","F13S02E01","F13S02","F13","Bimini Bon-Boulash","S329","Relax","Frankie Goes to Hollywood","Joe Black"
"LS341","F13S02E01","F13S02","F13","Joe Black","S329","Relax","Frankie Goes to Hollywood","Joe Black"
"LS358","F13S02E10","F13S02","F13","Bimini Bon-Boulash","S345","I'm Still Standing","Elton John","Bimini Bon-Boulash, Tayce"
"LS358","F13S02E10","F13S02","F13","Lawrence Chaney","S345","I'm Still Standing","Elton John","Bimini Bon-Boulash, Tayce"
"LS358","F13S02E10","F13S02","F13","Tayce","S345","I'm Still Standing","Elton John","Bimini Bon-Boulash, Tayce"
"LS343","F13S02E02","F13S02","F13","Cherry Valentine","S331","Memory","Elaine Paige","Cherry Valentine"
"LS343","F13S02E02","F13S02","F13","Tayce","S331","Memory","Elaine Paige","Cherry Valentine"
"LS345","F13S02E03","F13S02","F13","Asttina Mandella","S333","Don't Start Now","Dua Lipa","Asttina Mandella"
"LS345","F13S02E03","F13S02","F13","Tia Kofi","S333","Don't Start Now","Dua Lipa","Asttina Mandella"
"LS347","F13S02E04","F13S02","F13","Sister Sister","S335","You Keep Me Hangin' On","Kim Wilde","None"
"LS349","F13S02E05","F13S02","F13","Joe Black","S337","Don't Leave Me This Way","The Communards","Joe Black"
"LS349","F13S02E05","F13S02","F13","Tia Kofi","S337","Don't Leave Me This Way","The Communards","Joe Black"
"LS351","F13S02E06","F13S02","F13","Lawrence Chaney","S339","Touch Me (All Night Long)","Cathy Dennis","Tia Kofi"
"LS351","F13S02E06","F13S02","F13","Tia Kofi","S339","Touch Me (All Night Long)","Cathy Dennis","Tia Kofi"
"LS353","F13S02E07","F13S02","F13","Sister Sister","S341","Don't Be So Hard on Yourself","Jess Glynne","Sister Sister"
"LS353","F13S02E07","F13S02","F13","Tayce","S341","Don't Be So Hard on Yourself","Jess Glynne","Sister Sister"
"LS354","F13S02E08","F13S02","F13","A'Whora","S342","You Don't Have to Say You Love Me","Dusty Springfield","A'Whora"
"LS354","F13S02E08","F13S02","F13","Tayce","S342","You Don't Have to Say You Love Me","Dusty Springfield","A'Whora"
"LS356","F13S02E09","F13S02","F13","Ellie Diamond","S344","Last Thing on My Mind","Steps","None"
"LS356","F13S02E09","F13S02","F13","Tayce","S344","Last Thing on My Mind","Steps","None"
"LS411","F13S03E01","F13S03","F13","Anubis","S396","Sweet Melody","Little Mix","Anubis"
"LS411","F13S03E01","F13S03","F13","Elektra Fence","S396","Sweet Melody","Little Mix","Anubis"
"LS412","F13S03E01","F13S03","F13","Krystal Versace","S397","Total Eclipse of the Heart","Bonnie Tyler","Krystal Versace"
"LS412","F13S03E01","F13S03","F13","Victoria Scone","S397","Total Eclipse of the Heart","Bonnie Tyler","Krystal Versace"
"LS422","F13S03E10","F13S03","F13","Ella Vaday","S407","You Don't Own Me","(Dusty Springfield","Ella Vaday, Kitty Scott-Claus"
"LS422","F13S03E10","F13S03","F13","Kitty Scott-Claus","S407","You Don't Own Me","(Dusty Springfield","Ella Vaday, Kitty Scott-Claus"
"LS422","F13S03E10","F13S03","F13","Krystal Versace","S407","You Don't Own Me","(Dusty Springfield","Ella Vaday, Kitty Scott-Claus"
"LS413","F13S03E02","F13S03","F13","Elektra Fence","S398","Moving on Up","M People","Elektra Fence"
"LS413","F13S03E02","F13S03","F13","Vanity Milan","S398","Moving on Up","M People","Elektra Fence"
"LS414","F13S03E03","F13S03","F13","Vanity Milan","S399","I've Got the Music in Me","The Kiki Dee Band","Veronica Green"
"LS414","F13S03E03","F13S03","F13","Veronica Green","S399","I've Got the Music in Me","The Kiki Dee Band","Veronica Green"
"LS415","F13S03E04","F13S03","F13","Charity Kase","S400","Who Do You Think You Are","Spice Girls","None"
"LS415","F13S03E04","F13S03","F13","Scarlett Harlett","S400","Who Do You Think You Are","Spice Girls","None"
"LS416","F13S03E05","F13S03","F13","Charity Kase","S401","Big Spender","Shirley Bassey","Charity Kase"
"LS416","F13S03E05","F13S03","F13","Scarlett Harlett","S401","Big Spender","Shirley Bassey","Charity Kase"
"LS417","F13S03E06","F13S03","F13","Choriza May","S402","Shout","Lulu and The Luvvers","Choriza May, River Medway"
"LS417","F13S03E06","F13S03","F13","River Medway","S402","Shout","Lulu and The Luvvers","Choriza May, River Medway"
"LS418","F13S03E07","F13S03","F13","Scarlett Harlett","S403","Scandalous","(Mis-Teeq","Scarlett Harlett"
"LS418","F13S03E07","F13S03","F13","Vanity Milan","S403","Scandalous","(Mis-Teeq","Scarlett Harlett"
"LS419","F13S03E08","F13S03","F13","Ella Vaday","S404","Something New","Girls Aloud","Ella Vaday, Kitty Scott-Claus"
"LS419","F13S03E08","F13S03","F13","Kitty Scott-Claus","S404","Something New","Girls Aloud","Ella Vaday, Kitty Scott-Claus"
"LS420","F13S03E09","F13S03","F13","Krystal Versace","S405","Hallucinate","Dua Lipa","Vanity Milan"
"LS420","F13S03E09","F13S03","F13","Vanity Milan","S405","Hallucinate","Dua Lipa","Vanity Milan"
"LS312","F14S01E01","F14S01","F14","Juice Boxx","S305","I Really Like You","Carly Rae Jepsen","Juice Boxx"
"LS312","F14S01E01","F14S01","F14","Lemon","S305","I Really Like You","Carly Rae Jepsen","Juice Boxx"
"LS325","F14S01E10","F14S01","F14","Priyanka","S318","You're a Superstar","Love Inc.","Rita Baga, Scarlett BoBo"
"LS325","F14S01E10","F14S01","F14","Rita Baga","S318","You're a Superstar","Love Inc.","Rita Baga, Scarlett BoBo"
"LS325","F14S01E10","F14S01","F14","Scarlett BoBo","S318","You're a Superstar","Love Inc.","Rita Baga, Scarlett BoBo"
"LS314","F14S01E02","F14S01","F14","Kyne","S307","If You Could Read My Mind","Ultra Naté, Amber, Jocelyn Enriquez","Kyne"
"LS314","F14S01E02","F14S01","F14","Tynomi Banks","S307","If You Could Read My Mind","Ultra Naté, Amber, Jocelyn Enriquez","Kyne"
"LS316","F14S01E03","F14S01","F14","Anastarzia Anaquway","S309","Absolutely Not (Chanel Club Mix)","Deborah Cox","Anastarzia Anaquway"
"LS316","F14S01E03","F14S01","F14","Tynomi Banks","S309","Absolutely Not (Chanel Club Mix)","Deborah Cox","Anastarzia Anaquway"
"LS318","F14S01E04","F14S01","F14","Ilona Verley","S311","Girlfriend","Avril Lavigne","Tynomi Banks"
"LS318","F14S01E04","F14S01","F14","Tynomi Banks","S311","Girlfriend","Avril Lavigne","Tynomi Banks"
"LS320","F14S01E05","F14S01","F14","Kiara","S313","I Drove All Night","Céline Dion","Kiara"
"LS320","F14S01E05","F14S01","F14","Priyanka","S313","I Drove All Night","Céline Dion","Kiara"
"LS321","F14S01E06","F14S01","F14","BOA","S314","Scars to Your Beautiful","Alessia Cara","BOA"
"LS321","F14S01E06","F14S01","F14","Ilona Verley","S314","Scars to Your Beautiful","Alessia Cara","BOA"
"LS322","F14S01E07","F14S01","F14","Ilona Verley","S315","Hello","Allie X","Ilona Verley"
"LS322","F14S01E07","F14S01","F14","Priyanka","S315","Hello","Allie X","Ilona Verley"
"LS323","F14S01E08","F14S01","F14","Lemon","S316","You Oughta Know","Alanis Morissette","Lemon"
"LS323","F14S01E08","F14S01","F14","Rita Baga","S316","You Oughta Know","Alanis Morissette","Lemon"
"LS324","F14S01E09","F14S01","F14","Jimbo","S317","Closer","Tegan and Sara","Jimbo"
"LS324","F14S01E09","F14S01","F14","Rita Baga","S317","Closer","Tegan and Sara","Jimbo"
"LS326","F15S01E01","F15S01","F15","Megan Schoonbrood","S159","Express Yourself","Madonna","Roem"
"LS326","F15S01E01","F15S01","F15","Roem","S159","Express Yourself","Madonna","Roem"
"LS327","F15S01E02","F15S01","F15","Madame Madness","S181","Roar","Katy Perry","Patty Pam-Pam"
"LS327","F15S01E02","F15S01","F15","Patty Pam-Pam","S181","Roar","Katy Perry","Patty Pam-Pam"
"LS328","F15S01E03","F15S01","F15","Megan Schoonbrood","S319","Why Tell Me, Why","Anita Meyer","Megan Schoonbrood"
"LS328","F15S01E03","F15S01","F15","Miss Abby OMG","S319","Why Tell Me, Why","Anita Meyer","Megan Schoonbrood"
"LS329","F15S01E04","F15S01","F15","Madame Madness","S320","I Wanna Dance with Somebody (Who Loves Me)","Whitney Houston","Madame Madness"
"LS329","F15S01E04","F15S01","F15","Ma'Ma Queen","S320","I Wanna Dance with Somebody (Who Loves Me)","Whitney Houston","Madame Madness"
"LS329","F15S01E04","F15S01","F15","Miss Abby OMG","S320","I Wanna Dance with Somebody (Who Loves Me)","Whitney Houston","Madame Madness"
"LS330","F15S01E05","F15S01","F15","Miss Abby OMG","S321","Girl","Anouk","Sederginne"
"LS330","F15S01E05","F15S01","F15","Sederginne","S321","Girl","Anouk","Sederginne"
"LS331","F15S01E06","F15S01","F15","ChelseaBoy","S322","9 to 5","Dolly Parton","ChelseaBoy"
"LS331","F15S01E06","F15S01","F15","Janey Jacké","S322","9 to 5","Dolly Parton","ChelseaBoy"
"LS332","F15S01E07","F15S01","F15","Ma'Ma Queen","S169","Stronger (What Doesn't Kill You)","Kelly Clarkson","None"
"LS332","F15S01E07","F15S01","F15","Miss Abby OMG","S169","Stronger (What Doesn't Kill You)","Kelly Clarkson","None"
"LS333","F15S01E08","F15S01","F15","Envy Peru","S134","Born This Way","Lady Gaga","Janey Jacké"
"LS333","F15S01E08","F15S01","F15","Janey Jacké","S134","Born This Way","Lady Gaga","Janey Jacké"
"LS376","F16S01E01","F16S01","F16","Elektra Shock","S362","Tragedy","Bee Gees","Jojo Zaho"
"LS376","F16S01E01","F16S01","F16","Jojo Zaho","S362","Tragedy","Bee Gees","Jojo Zaho"
"LS377","F16S01E02","F16S01","F16","Art Simone","S363","I'm That Bitch","RuPaul","Art Simone"
"LS377","F16S01E02","F16S01","F16","Coco Jumbo","S363","I'm That Bitch","RuPaul","Art Simone"
"LS378","F16S01E03","F16S01","F16","Coco Jumbo","S364","Shake Your Groove Thing","Peaches & Herb","Coco Jumbo"
"LS378","F16S01E03","F16S01","F16","Elektra Shock","S364","Shake Your Groove Thing","Peaches & Herb","Coco Jumbo"
"LS379","F16S01E04","F16S01","F16","Anita Wigl'it","S365","I Begin to Wonder","Dannii Minogue","Anita Wigl'it"
"LS379","F16S01E04","F16S01","F16","Karen from Finance","S365","I Begin to Wonder","Dannii Minogue","Anita Wigl'it"
"LS380","F16S01E05","F16S01","F16","Etcetera Etcetera","S366","Absolutely Everybody","Vanessa Amorosi","Etcetera Etcetera"
"LS380","F16S01E05","F16S01","F16","Maxi Shield","S366","Absolutely Everybody","Vanessa Amorosi","Etcetera Etcetera"
"LS382","F16S01E06","F16S01","F16","Maxi Shield","S368","Better the Devil You Know","Kylie Minogue","Maxi Shield"
"LS382","F16S01E06","F16S01","F16","Scarlet Adams","S368","Better the Devil You Know","Kylie Minogue","Maxi Shield"
"LS384","F16S01E07","F16S01","F16","Elektra Shock","S370","Untouched","The Veronicas","Elektra Shock"
"LS384","F16S01E07","F16S01","F16","Kita Mean","S370","Untouched","The Veronicas","Elektra Shock"
"LS386","F16S01E08","F16S01","F16","Art Simone","S372","Physical","Olivia Newton-John","Art Simone, Karen from Finance, Scarlet Adams"
"LS386","F16S01E08","F16S01","F16","Karen from Finance","S372","Physical","Olivia Newton-John","Art Simone, Karen from Finance, Scarlet Adams"
"LS386","F16S01E08","F16S01","F16","Kita Mean","S372","Physical","Olivia Newton-John","Art Simone, Karen from Finance, Scarlet Adams"
"LS386","F16S01E08","F16S01","F16","Scarlet Adams","S372","Physical","Olivia Newton-John","Art Simone, Karen from Finance, Scarlet Adams"
"LS381","F17S01E01","F17S01","F17","Dovima Nurmi","S367","Sobreviviré","Mónica Naranjo","The Macarena"
"LS381","F17S01E01","F17S01","F17","The Macarena","S367","Sobreviviré","Mónica Naranjo","The Macarena"
"LS383","F17S01E02","F17S01","F17","Arantxa Castilla La Mancha","S369","Veneno pa tu piel","La Veneno","Drag Vulcano"
"LS383","F17S01E02","F17S01","F17","Drag Vulcano","S369","Veneno pa tu piel","La Veneno","Drag Vulcano"
"LS385","F17S01E03","F17S01","F17","Dovima Nurmi","S371","Mocatriz","Ojete Calor","None"
"LS387","F17S01E04","F17S01","F17","Arantxa Castilla La Mancha","S373","Pussy","Bad Gyal","Arantxa Castilla La Mancha"
"LS387","F17S01E04","F17S01","F17","Hugáceo Crujiente","S373","Pussy","Bad Gyal","Arantxa Castilla La Mancha"
"LS390","F17S01E05","F17S01","F17","Hugáceo Crujiente","S376","Espectacular","Fangoria","Hugáceo Crujiente"
"LS390","F17S01E05","F17S01","F17","Killer Queen","S376","Espectacular","Fangoria","Hugáceo Crujiente"
"LS392","F17S01E06","F17S01","F17","Dovima Nurmi","S378","Aute Cuture","Rosalía","Dovima Nurmi"
"LS392","F17S01E06","F17S01","F17","Sagittaria","S378","Aute Cuture","Rosalía","Dovima Nurmi"
"LS394","F17S01E07","F17S01","F17","Killer Queen","S380","Cuando tú vas","Chenoa","Pupi Poisson"
"LS394","F17S01E07","F17S01","F17","Pupi Poisson","S380","Cuando tú vas","Chenoa","Pupi Poisson"
"LS394","F17S01E07","F17S01","F17","Sagittaria","S380","Cuando tú vas","Chenoa","Pupi Poisson"
"LS397","F17S01E09","F17S01","F17","Carmen Farala","S383","La gata bajo la lluvia","Rocío Dúrcal","Killer Queen, Sagittaria"
"LS397","F17S01E09","F17S01","F17","Killer Queen","S383","La gata bajo la lluvia","Rocío Dúrcal","Killer Queen, Sagittaria"
"LS397","F17S01E09","F17S01","F17","Sagittaria","S383","La gata bajo la lluvia","Rocío Dúrcal","Killer Queen, Sagittaria"
"LS445","F17S02E01","F17S02","F17","Marisa Prisa","S430","Todos me miran","Gloria Trevi","Marisa Prisa"
"LS445","F17S02E01","F17S02","F17","Samantha Ballentines","S430","Todos me miran","Gloria Trevi","Marisa Prisa"
"LS457","F17S02E11","F17S02","F17","Estrella Xtravaganza","S442","Ni tú ni nadie","Alaska y Dinarama","Estrella Xtravaganza, Venedita Von Däsh"
"LS457","F17S02E11","F17S02","F17","Sharonne","S442","Ni tú ni nadie","Alaska y Dinarama","Estrella Xtravaganza, Venedita Von Däsh"
"LS457","F17S02E11","F17S02","F17","Venedita Von Däsh","S442","Ni tú ni nadie","Alaska y Dinarama","Estrella Xtravaganza, Venedita Von Däsh"
"LS447","F17S02E02","F17S02","F17","Ariel Rec","S432","Yo quiero bailar","Sonia & Selena","Ariel Rec"
"LS447","F17S02E02","F17S02","F17","Samantha Ballentines","S432","Yo quiero bailar","Sonia & Selena","Ariel Rec"
"LS449","F17S02E03","F17S02","F17","Jota Carajota","S434","Un año de amor","Luz Casal","Samantha Ballentines"
"LS449","F17S02E03","F17S02","F17","Samantha Ballentines","S434","Un año de amor","Luz Casal","Samantha Ballentines"
"LS450","F17S02E04","F17S02","F17","Jota Carajota","S435","Baloncesto","La Prohibida","Jota Carajota"
"LS450","F17S02E04","F17S02","F17","Juriji Der Klee","S435","Baloncesto","La Prohibida","Jota Carajota"
"LS452","F17S02E05","F17S02","F17","Diamante Merybrown","S437","Arrasando","Thalía","Onyx"
"LS452","F17S02E05","F17S02","F17","Onyx","S437","Arrasando","Thalía","Onyx"
"LS453","F17S02E06","F17S02","F17","Diamante Merybrown","S438","Se nos rompió el amor","Rocío Jurado","Diamante Merybrown"
"LS453","F17S02E06","F17S02","F17","Estrella Xtravaganza","S438","Se nos rompió el amor","Rocío Jurado","Diamante Merybrown"
"LS454","F17S02E07","F17S02","F17","Drag Sethlas","S439","Qué dolor","Raffaella Carrà","Drag Sethlas"
"LS454","F17S02E07","F17S02","F17","Marina","S439","Qué dolor","Raffaella Carrà","Drag Sethlas"
"LS455","F17S02E08","F17S02","F17","Juriji Der Klee","S440","Fuego","Eleni Foureira","Juriji Der Klee"
"LS455","F17S02E08","F17S02","F17","Venedita Von Däsh","S440","Fuego","Eleni Foureira","Juriji Der Klee"
"LS456","F17S02E09","F17S02","F17","Estrella Xtravaganza","S441","El Anillo","Jennifer Lopez","None"
"LS456","F17S02E09","F17S02","F17","Marina","S441","El Anillo","Jennifer Lopez","None"
"LS421","F18S01E01","F18S01","F18","Divinity","S406","Occhi di gatto","Cristina D'Avena","None"
"LS421","F18S01E01","F18S01","F18","Luquisha Lubamba","S406","Occhi di gatto","Cristina D'Avena","None"
"LS423","F18S01E02","F18S01","F18","Ivana Vamp","S408","Comprami","Viola Valentino","Ivana Vamp"
"LS423","F18S01E02","F18S01","F18","Le Riche","S408","Comprami","Viola Valentino","Ivana Vamp"
"LS424","F18S01E03","F18S01","F18","Ava Hangar","S409","Fiesta (Spanish version)","Raffaella Carrà","None"
"LS424","F18S01E03","F18S01","F18","Le Riche","S409","Fiesta (Spanish version)","Raffaella Carrà","None"
"LS425","F18S01E04","F18S01","F18","Ava Hangar","S410","Kobra","Donatella Rettore","Divinity"
"LS425","F18S01E04","F18S01","F18","Divinity","S410","Kobra","Donatella Rettore","Divinity"
"LS426","F18S01E04","F18S01","F18","Ava Hangar","S411","Champion","RuPaul","Enorma Jean"
"LS426","F18S01E04","F18S01","F18","Enorma Jean","S411","Champion","RuPaul","Enorma Jean"
"LS427","F18S01E05","F18S01","F18","Ava Hangar","S412","Cicale","Heather Parisi","Ava Hangar"
"LS427","F18S01E05","F18S01","F18","Luquisha Lubamba","S412","Cicale","Heather Parisi","Ava Hangar"
"LS428","F18S01E06","F18S01","F18","Elecktra Bionic","S413","Non sono una signora","Loredana Bertè","Farida Kant, Le Riche"
"LS428","F18S01E06","F18S01","F18","Farida Kant","S413","Non sono una signora","Loredana Bertè","Farida Kant, Le Riche"
"LS428","F18S01E06","F18S01","F18","Le Riche","S413","Non sono una signora","Loredana Bertè","Farida Kant, Le Riche"
"LS142","F11S01E01","F11S01","F11","Team Mandora(Mimi Imfurst)","S141","Opposites Attract","Paula Abdul","Team Mandora(Mimi Imfurst, Pandora Boxx)"
"LS142","F11S01E01","F11S01","F11","Team Shad(Chad Michaels)","S141","Opposites Attract","Paula Abdul","Team Mandora(Mimi Imfurst, Pandora Boxx)"
"LS143","F11S01E02","F11S01","F11","Team Brown Flowers(Tammie Brown)","S142","There's No Business Like Show Business","Ethel Merman","Team Brown Flowers(Nina Flowers, Tammie Brown)"
"LS143","F11S01E02","F11S01","F11","Team Latrila(Latrice Royale)","S142","There's No Business Like Show Business","Ethel Merman","Team Brown Flowers(Nina Flowers, Tammie Brown)"
"LS144","F11S01E03","F11S01","F11","Team Latrila(Manila Luzon)","S143","Nasty","Janet Jackson","Team Latrila(Latrice Royale, Manila Luzon)"
"LS144","F11S01E03","F11S01","F11","Team Rujubee(Jujubee)","S143","Nasty","Janet Jackson","Team Latrila(Latrice Royale, Manila Luzon)"
"LS145","F11S01E04","F11S01","F11","Team Rujubee(Raven)","S144","Don't Cha","The Pussycat Dolls ft. Busta Rhymes","Team Yarlexis(Alexis Mateo, Yara Sofia)"
"LS145","F11S01E04","F11S01","F11","Team Yarlexis(Alexis Mateo, Yara Sofia)","S144","Don't Cha","The Pussycat Dolls ft. Busta Rhymes","Team Yarlexis(Alexis Mateo, Yara Sofia)"
"LS146","F11S01E05","F11S01","F11","Jujubee","S145","Dancing on My Own","Robyn","None"
"LS146","F11S01E05","F11S01","F11","Raven","S145","Dancing on My Own","Robyn","None"
"LS147","F11S01E06","F11S01","F11","Chad Michaels","S146","Responsitrannity (Matt Pop Remix)","RuPaul","Raven"
"LS147","F11S01E06","F11S01","F11","Raven","S146","Responsitrannity (Matt Pop Remix)","RuPaul","Raven"
"LS193","F11S02E01","F11S02","F11","Roxxxy Andrews","S192","Shake It Off","Taylor Swift","Roxxxy Andrews"
"LS193","F11S02E01","F11S02","F11","Tatianna","S192","Shake It Off","Taylor Swift","Roxxxy Andrews"
"LS194","F11S02E02","F11S02","F11","Alaska","S193","Le Freak","Chic","Alaska"
"LS194","F11S02E02","F11S02","F11","Katya","S193","Le Freak","Chic","Alaska"
"LS195","F11S02E03","F11S02","F11","Alyssa Edwards","S194","Tell It to My Heart","Taylor Dayne","Alyssa Edwards"
"LS195","F11S02E03","F11S02","F11","Detox","S194","Tell It to My Heart","Taylor Dayne","Alyssa Edwards"
"LS196","F11S02E04","F11S02","F11","Alaska","S195","Got to Be Real","Cheryl Lynn","Alaska"
"LS196","F11S02E04","F11S02","F11","Phi Phi O'Hara","S195","Got to Be Real","Cheryl Lynn","Alaska"
"LS197","F11S02E05","F11S02","F11","Alyssa Edwards","S196","Shut Up and Drive","Rihanna","Alyssa Edwards, Tatianna"
"LS197","F11S02E05","F11S02","F11","Tatianna","S196","Shut Up and Drive","Rihanna","Alyssa Edwards, Tatianna"
"LS198","F11S02E06","F11S02","F11","Alaska","S197","Cherry Bomb","Joan Jett & The Blackhearts","Alaska"
"LS198","F11S02E06","F11S02","F11","Katya","S197","Cherry Bomb","Joan Jett & The Blackhearts","Alaska"
"LS199","F11S02E07","F11S02","F11","Detox","S198","Step It Up","RuPaul ft. Dave Audé","Detox"
"LS199","F11S02E07","F11S02","F11","Katya","S198","Step It Up","RuPaul ft. Dave Audé","Detox"
"LS200","F11S02E08","F11S02","F11","Alaska","S199","If I Were Your Woman","Gladys Knight & the Pips","Alaska, Alaska"
"LS200","F11S02E08","F11S02","F11","Detox","S199","If I Were Your Woman","Gladys Knight & the Pips","Alaska, Alaska"
"LS200","F11S02E08","F11S02","F11","Katya","S199","If I Were Your Woman","Gladys Knight & the Pips","Alaska, Alaska"
"LS215","F11S03E01","F11S03","F11","Aja","S213","Anaconda","Nicki Minaj","BenDeLaCreme"
"LS215","F11S03E01","F11S03","F11","BenDeLaCreme","S213","Anaconda","Nicki Minaj","BenDeLaCreme"
"LS216","F11S03E02","F11S03","F11","BenDeLaCreme","S214","Jump (For My Love)","The Pointer Sisters","Shangela"
"LS216","F11S03E02","F11S03","F11","Shangela","S214","Jump (For My Love)","The Pointer Sisters","Shangela"
"LS217","F11S03E03","F11S03","F11","BenDeLaCreme","S215","Green Light","Lorde","Kennedy Davenport"
"LS217","F11S03E03","F11S03","F11","Kennedy Davenport","S215","Green Light","Lorde","Kennedy Davenport"
"LS219","F11S03E04","F11S03","F11","BenDeLaCreme","S216","I Kissed a Girl","Katy Perry","BenDeLaCreme, Shangela"
"LS219","F11S03E04","F11S03","F11","Shangela","S216","I Kissed a Girl","Katy Perry","BenDeLaCreme, Shangela"
"LS221","F11S03E05","F11S03","F11","BeBe Zahara Benet","S218","The Boss","Diana Ross","BeBe Zahara Benet"
"LS221","F11S03E05","F11S03","F11","Trixie Mattel","S218","The Boss","Diana Ross","BeBe Zahara Benet"
"LS223","F11S03E06","F11S03","F11","BeBe Zahara Benet[b][Morgan McMichaels]","S220","Nobody's Supposed to Be Here (Hex Hector Dance Mix)","Deborah Cox","BenDeLaCreme"
"LS223","F11S03E06","F11S03","F11","BenDeLaCreme[Morgan McMichaels]","S220","Nobody's Supposed to Be Here (Hex Hector Dance Mix)","Deborah Cox","BenDeLaCreme"
"LS225","F11S03E07","F11S03","F11","Shangela","S222","Freaky Money","RuPaul ft. Big Freedia","Shangela"
"LS225","F11S03E07","F11S03","F11","Trixie Mattel","S222","Freaky Money","RuPaul ft. Big Freedia","Shangela"
"LS227","F11S03E08","F11S03","F11","Kennedy Davenport","S223","Wrecking Ball","Miley Cyrus","Trixie Mattel"
"LS227","F11S03E08","F11S03","F11","Trixie Mattel","S223","Wrecking Ball","Miley Cyrus","Trixie Mattel"
"LS245","F11S04E01","F11S04","F11","Monique Heart","S240","Emotions","Mariah Carey","Trinity the Tuck"
"LS245","F11S04E01","F11S04","F11","Trinity the Tuck","S240","Emotions","Mariah Carey","Trinity the Tuck"
"LS246","F11S04E02","F11S04","F11","Monét X Change","S241","Into You","Ariana Grande","Valentina"
"LS246","F11S04E02","F11S04","F11","Valentina","S241","Into You","Ariana Grande","Valentina"
"LS247","F11S04E03","F11S04","F11","Manila Luzon","S242","How Will I Know","Whitney Houston","Manila Luzon"
"LS247","F11S04E03","F11S04","F11","Trinity the Tuck","S242","How Will I Know","Whitney Houston","Manila Luzon"
"LS248","F11S04E04","F11S04","F11","Manila Luzon","S243","The Bitch Is Back","Tina Turner","Monique Heart"
"LS248","F11S04E04","F11S04","F11","Monique Heart","S243","The Bitch Is Back","Tina Turner","Monique Heart"
"LS249","F11S04E05","F11S04","F11","Manila Luzon","S244","Jump to It","Aretha Franklin","Manila Luzon, Monét X Change"
"LS249","F11S04E05","F11S04","F11","Monét X Change","S244","Jump to It","Aretha Franklin","Manila Luzon, Monét X Change"
"LS251","F11S04E06","F11S04","F11","Farrah Moan","S246","Kitty Girl","RuPaul","Valentina"
"LS251","F11S04E06","F11S04","F11","Valentina","S246","Kitty Girl","RuPaul","Valentina"
"LS252","F11S04E06","F11S04","F11","Gia Gunn","S247","Adrenaline","RuPaul ft. Myah Marie","Naomi Smalls"
"LS252","F11S04E06","F11S04","F11","Naomi Smalls","S247","Adrenaline","RuPaul ft. Myah Marie","Naomi Smalls"
"LS253","F11S04E06","F11S04","F11","Jasmine Masters","S248","Peanut Butter","RuPaul ft. Big Freedia","Trinity the Tuck"
"LS253","F11S04E06","F11S04","F11","Trinity the Tuck","S248","Peanut Butter","RuPaul ft. Big Freedia","Trinity the Tuck"
"LS254","F11S04E06","F11S04","F11","Latrice Royale","S170","Sissy That Walk","RuPaul","Latrice Royale, Monique Heart"
"LS254","F11S04E06","F11S04","F11","Monique Heart","S170","Sissy That Walk","RuPaul","Latrice Royale, Monique Heart"
"LS256","F11S04E07","F11S04","F11","Latrice Royale","S250","You Spin Me Round (Like a Record)","Dead or Alive","Latrice Royale"
"LS256","F11S04E07","F11S04","F11","Trinity the Tuck","S250","You Spin Me Round (Like a Record)","Dead or Alive","Latrice Royale"
"LS258","F11S04E08","F11S04","F11","Monét X Change","S252","Come Rain or Come Shine","Judy Garland","Naomi Smalls"
"LS258","F11S04E08","F11S04","F11","Naomi Smalls","S252","Come Rain or Come Shine","Judy Garland","Naomi Smalls"
"LS260","F11S04E09","F11S04","F11","Monique Heart","S254","When I Think of You","Janet Jackson","Trinity the Tuck"
"LS260","F11S04E09","F11S04","F11","Trinity the Tuck","S254","When I Think of You","Janet Jackson","Trinity the Tuck"
"LS262","F11S04E10","F11S04","F11","Monét X Change","S256","Fighter","Christina Aguilera","Monét X Change, Trinity the Tuck"
"LS262","F11S04E10","F11S04","F11","Trinity the Tuck","S256","Fighter","Christina Aguilera","Monét X Change, Trinity the Tuck"
"LS308","F11S05E01","F11S05","F11","India Ferrah","S301","Livin' la Vida Loca","Ricky Martin","Yvie Oddly"
"LS308","F11S05E01","F11S05","F11","Yvie Oddly","S301","Livin' la Vida Loca","Ricky Martin","Yvie Oddly"
"LS309","F11S05E02","F11S05","F11","Shea Couleé","S302","Neutron Dance","The Pointer Sisters","Shea Couleé"
"LS309","F11S05E02","F11S05","F11","Alyssa Edwards","S302","Neutron Dance","The Pointer Sisters","Shea Couleé"
"LS310","F11S05E03","F11S05","F11","Jujubee","S303","Juice","Lizzo","Monét X Change"
"LS310","F11S05E03","F11S05","F11","Monét X Change","S303","Juice","Lizzo","Monét X Change"
"LS311","F11S05E04","F11S05","F11","Miz Cracker","S304","Where Have You Been","Rihanna","Miz Cracker, Morgan McMichaels"
"LS311","F11S05E04","F11S05","F11","Morgan McMichaels","S304","Where Have You Been","Rihanna","Miz Cracker, Morgan McMichaels"
"LS313","F11S05E05","F11S05","F11","Shea Couleé","S306","Open Your Heart","Madonna","Shea Couleé"
"LS313","F11S05E05","F11S05","F11","Vanessa Vanjie Mateo","S306","Open Your Heart","Madonna","Shea Couleé"
"LS315","F11S05E06","F11S05","F11","Miz Cracker","S308","One Last Time","Ariana Grande","Roxxxy Andrews"
"LS315","F11S05E06","F11S05","F11","Roxxxy Andrews","S308","One Last Time","Ariana Grande","Roxxxy Andrews"
"LS317","F11S05E07","F11S05","F11","Miz Cracker","S310","Fancy","Reba McEntire","Miz Cracker"
"LS317","F11S05E07","F11S05","F11","Kennedy Davenport","S310","Fancy","Reba McEntire","Miz Cracker"
"LS319","F11S05E08","F11S05","F11","Jujubee","S312","Make Me Feel","Janelle Monáe","Shea Couleé, Shea Couleé"
"LS319","F11S05E08","F11S05","F11","Miz Cracker","S312","Make Me Feel","Janelle Monáe","Shea Couleé, Shea Couleé"
"LS319","F11S05E08","F11S05","F11","Shea Couleé","S312","Make Me Feel","Janelle Monáe","Shea Couleé, Shea Couleé"
"LS388","F11S06E01","F11S06","F11","Yara Sofia","S374","Uptown Funk","Mark Ronson ft. Bruno Mars","Coco Montrese"
"LS388","F11S06E01","F11S06","F11","Coco Montrese","S374","Uptown Funk","Mark Ronson ft. Bruno Mars","Coco Montrese"
"LS389","F11S06E02","F11S06","F11","Ra'Jah O'Hara","S375","Miss You Much","Janet Jackson","Brooke Lynn Hytes, Ra'Jah O'Hara"
"LS389","F11S06E02","F11S06","F11","Brooke Lynn Hytes","S375","Miss You Much","Janet Jackson","Brooke Lynn Hytes, Ra'Jah O'Hara"
"LS391","F11S06E03","F11S06","F11","Trinity K. Bonet","S377","Physical","Dua Lipa","Laganja Estranja"
"LS391","F11S06E03","F11S06","F11","Laganja Estranja","S377","Physical","Dua Lipa","Laganja Estranja"
"LS393","F11S06E04","F11S06","F11","Jan","S379","Womanizer","Britney Spears","Jessica Wild"
"LS393","F11S06E04","F11S06","F11","Jessica Wild","S379","Womanizer","Britney Spears","Jessica Wild"
"LS395","F11S06E05","F11S06","F11","Ginger Minj","S381","Phone","Lizzo","Ginger Minj"
"LS395","F11S06E05","F11S06","F11","Mayhem Miller","S381","Phone","Lizzo","Ginger Minj"
"LS396","F11S06E06","F11S06","F11","Kylie Sonique Love","S382","Dirrty","Christina Aguilera ft. Redman","Kylie Sonique Love"
"LS396","F11S06E06","F11S06","F11","Manila Luzon","S382","Dirrty","Christina Aguilera ft. Redman","Kylie Sonique Love"
"LS398","F11S06E07","F11S06","F11","Trinity K. Bonet","S384","Dance Again","Jennifer Lopez ft. Pitbull","Alexis Mateo"
"LS398","F11S06E07","F11S06","F11","Alexis Mateo","S384","Dance Again","Jennifer Lopez ft. Pitbull","Alexis Mateo"
"LS399","F11S06E08","F11S06","F11","Ginger Minj","S385","Sugar Walls","Sheena Easton","Ginger Minj"
"LS399","F11S06E08","F11S06","F11","Heidi N Closet","S385","Sugar Walls","Sheena Easton","Ginger Minj"
"LS400","F11S06E09","F11S06","F11","Ra'Jah O'Hara","S386","Boom Clap","Charli XCX","Kameron Michaels"
"LS400","F11S06E09","F11S06","F11","Kameron Michaels","S386","Boom Clap","Charli XCX","Kameron Michaels"
"LS401","F11S06E10","F11S06","F11","Eureka!","S387","Since U Been Gone","Kelly Clarkson","Eureka!"
"LS401","F11S06E10","F11S06","F11","Silky Nutmeg Ganache","S387","Since U Been Gone","Kelly Clarkson","Eureka!"
"LS402","F11S06E10","F11S06","F11","Jan","S388","Heartbreaker","Pat Benatar","Silky Nutmeg Ganache"
"LS402","F11S06E10","F11S06","F11","Silky Nutmeg Ganache","S388","Heartbreaker","Pat Benatar","Silky Nutmeg Ganache"
"LS403","F11S06E10","F11S06","F11","Jiggly Caliente","S389","Free Your Mind","En Vogue","Jiggly Caliente"
"LS403","F11S06E10","F11S06","F11","Serena ChaCha","S389","Free Your Mind","En Vogue","Jiggly Caliente"
"LS404","F11S06E10","F11S06","F11","Jiggly Caliente","S390","Girls Just Want to Have Fun","Cyndi Lauper","Silky Nutmeg Ganache"
"LS404","F11S06E10","F11S06","F11","Silky Nutmeg Ganache","S390","Girls Just Want to Have Fun","Cyndi Lauper","Silky Nutmeg Ganache"
"LS405","F11S06E10","F11S06","F11","Pandora Boxx","S391","Focus","Ariana Grande","Silky Nutmeg Ganache"
"LS405","F11S06E10","F11S06","F11","Silky Nutmeg Ganache","S391","Focus","Ariana Grande","Silky Nutmeg Ganache"
"LS406","F11S06E10","F11S06","F11","Scarlet Envy","S392","Song for the Lonely","Cher","Silky Nutmeg Ganache"
"LS406","F11S06E10","F11S06","F11","Silky Nutmeg Ganache","S392","Song for the Lonely","Cher","Silky Nutmeg Ganache"
"LS407","F11S06E10","F11S06","F11","Silky Nutmeg Ganache","S165","Point of No Return","Exposé","Silky Nutmeg Ganache"
"LS407","F11S06E10","F11S06","F11","Yara Sofia","S165","Point of No Return","Exposé","Silky Nutmeg Ganache"
"LS408","F11S06E10","F11S06","F11","Silky Nutmeg Ganache[b]","S393","Barbie Girl","Aqua","Silky Nutmeg Ganache"
"LS409","F11S06E11","F11S06","F11","Eureka!","S394","Good Golly, Miss Molly","Little Richard","Eureka!, Jaida Essence Hall"
"LS409","F11S06E11","F11S06","F11","Jaida Essence Hall","S394","Good Golly, Miss Molly","Little Richard","Eureka!, Jaida Essence Hall"
"LS410","F11S06E12","F11S06","F11","Eureka!","S395","Stupid Love","Lady Gaga","Kylie Sonique Love, Kylie Sonique Love, Kylie Sonique Love"
"LS410","F11S06E12","F11S06","F11","Ginger Minj","S395","Stupid Love","Lady Gaga","Kylie Sonique Love, Kylie Sonique Love, Kylie Sonique Love"
"LS410","F11S06E12","F11S06","F11","Kylie Sonique Love","S395","Stupid Love","Lady Gaga","Kylie Sonique Love, Kylie Sonique Love, Kylie Sonique Love"
"LS410","F11S06E12","F11S06","F11","Ra'Jah O'Hara","S395","Stupid Love","Lady Gaga","Kylie Sonique Love, Kylie Sonique Love, Kylie Sonique Love"
