"","season_contestant_id","contestant_id","season_id","franchise_id","contestant","hometown","age","rank","link_image"
"1","F10S01C01","Q101","F10S01","F10","BeBe Zahara Benet","Minneapolis, Minnesota","28","Winner","https://static.wikia.nocookie.net/logosrupaulsdragrace/images/4/40/BeBeZaharaBenetS1CastMug.png"
"2","F10S01C02","Q103","F10S01","F10","Nina Flowers","Denver, Colorado","34","Runner-up","https://static.wikia.nocookie.net/logosrupaulsdragrace/images/6/6f/NinaFlowersS1CastMug.png"
"3","F10S01C03","Q105","F10S01","F10","Rebecca Glasscock","Fort Lauderdale, Florida","26","3rd place","https://static.wikia.nocookie.net/logosrupaulsdragrace/images/a/ae/RebeccaGlasscockS1CastMug.png"
"4","F10S01C04","Q106","F10S01","F10","Shannel","Las Vegas, Nevada","29","4th place","https://static.wikia.nocookie.net/logosrupaulsdragrace/images/a/a7/ShannelS1CastMug.png"
"5","F10S01C05","Q104","F10S01","F10","Ongina","Los Angeles, California","26","5th place","https://static.wikia.nocookie.net/logosrupaulsdragrace/images/c/c3/OnginaS1CastMug.png"
"6","F10S01C06","Q102","F10S01","F10","Jade","Chicago, Illinois","25","6th place","https://static.wikia.nocookie.net/logosrupaulsdragrace/images/5/57/JadeSotomayorS1CastMug.png"
"7","F10S01C07","Q100","F10S01","F10","Akashia","Cleveland, Ohio","24","7th place","https://static.wikia.nocookie.net/logosrupaulsdragrace/images/a/a4/AkashiaS1CastMug.png"
"8","F10S01C08","Q107","F10S01","F10","Tammie Brown","Long Beach, California","26","8th place","https://static.wikia.nocookie.net/logosrupaulsdragrace/images/9/96/TammieBrownS1CastMug.png"
"9","F10S01C09","Q108","F10S01","F10","Victoria ""Porkchop"" Parker","Raleigh, North Carolina","39","9th place","https://static.wikia.nocookie.net/logosrupaulsdragrace/images/5/5c/VictoriaParkerS1CastMug.png"
"10","F10S02C01","Q120","F10S02","F10","Tyra Sanchez","Orlando, Florida","21","Winner","https://static.wikia.nocookie.net/logosrupaulsdragrace/images/d/d5/TyraSanchezS2CastMug.png"
"11","F10S02C02","Q115","F10S02","F10","Raven","Riverside, California","30","Runner-up","https://static.wikia.nocookie.net/logosrupaulsdragrace/images/6/68/RavenS2CastMug.png"
"12","F10S02C03","Q110","F10S02","F10","Jujubee","Boston, Massachusetts","25","3rd place","https://static.wikia.nocookie.net/logosrupaulsdragrace/images/0/06/JujubeeS2CastMug.png"
"13","F10S02C04","Q119","F10S02","F10","Tatianna","Falls Church, Virginia","20","4th place","https://static.wikia.nocookie.net/logosrupaulsdragrace/images/6/63/TatiannaS2CastMug.png"
"14","F10S02C05","Q114","F10S02","F10","Pandora Boxx","Rochester, New York","37","5th place","https://static.wikia.nocookie.net/logosrupaulsdragrace/images/9/98/PandoraBoxxS2CastMug.png"
"15","F10S02C06","Q109","F10S02","F10","Jessica Wild","San Juan, Puerto Rico","29","6th place","https://static.wikia.nocookie.net/logosrupaulsdragrace/images/9/98/JessicaWildS2CastMug.png"
"16","F10S02C07","Q116","F10S02","F10","Sahara Davenport","New York City, New York","25","7th place","https://static.wikia.nocookie.net/logosrupaulsdragrace/images/b/b1/SaharaDavenportS2CastMug.png"
"17","F10S02C08","Q111","F10S02","F10","Morgan McMichaels","Mira Loma, California","28","8th place","https://static.wikia.nocookie.net/logosrupaulsdragrace/images/7/76/MorganMcMichaelsS2CastMug.png"
"18","F10S02C09","Q117","F10S02","F10","Sonique","Atlanta, Georgia","26","9th place","https://static.wikia.nocookie.net/logosrupaulsdragrace/images/9/97/SoniqueS2CastMug.png"
"19","F10S02C10","Q112","F10S02","F10","Mystique Summers Madison","Bedford, Texas","25","10th place","https://static.wikia.nocookie.net/logosrupaulsdragrace/images/d/d6/MystiqueSummersMadisonS2CastMug.png"
"20","F10S02C11","Q113","F10S02","F10","Nicole Paige Brooks","Atlanta, Georgia","36","11th place","https://static.wikia.nocookie.net/logosrupaulsdragrace/images/c/c5/NicolePaigeBrooksS2CastMug.png"
"21","F10S02C12","Q118","F10S02","F10","Shangela Laquifa Wadley","Los Angeles, California","28","12th place","https://static.wikia.nocookie.net/logosrupaulsdragrace/images/7/7f/ShangelaS2CastMug.png"
"22","F10S03C01","Q129","F10S03","F10","Raja","Los Angeles, California","36","Winner","https://static.wikia.nocookie.net/logosrupaulsdragrace/images/f/f8/RajaS3CastMug.jpeg"
"23","F10S03C02","Q125","F10S03","F10","Manila Luzon","New York City, New York","28","Runner-up","https://static.wikia.nocookie.net/logosrupaulsdragrace/images/8/88/ManilaLuzonS3CastMug.jpeg"
"24","F10S03C03","Q121","F10S03","F10","Alexis Mateo","St. Petersburg, Florida","30","3rd place","https://static.wikia.nocookie.net/logosrupaulsdragrace/images/e/ee/AlexisMateoS3CastMug.jpeg"
"25","F10S03C04","Q132","F10S03","F10","Yara Sofia","Manatí, Puerto Rico","26","4th place","https://static.wikia.nocookie.net/logosrupaulsdragrace/images/c/c8/YaraSofiaS3CastMug.jpeg"
"26","F10S03C05","Q122","F10S03","F10","Carmen Carrera","Elmwood Park, New Jersey","25","5th place","https://static.wikia.nocookie.net/logosrupaulsdragrace/images/6/66/CarmenCarreraS3CastMug.jpeg"
"27","F10S03C06","Q117","F10S03","F10","Shangela","Los Angeles, California","28","6th place","https://static.wikia.nocookie.net/logosrupaulsdragrace/images/f/fa/ShangelaS3CastMug.jpeg"
"28","F10S03C07","Q123","F10S03","F10","Delta Work","Norwalk, California","34","7th place","https://static.wikia.nocookie.net/logosrupaulsdragrace/images/9/95/DeltaWorkS3CastMug.jpeg"
"29","F10S03C08","Q130","F10S03","F10","Stacy Layne Matthews","Raynham, North Carolina","25","8th place","https://static.wikia.nocookie.net/logosrupaulsdragrace/images/5/53/StacyLayneMatthewsS3CastMug.jpeg"
"30","F10S03C09","Q126","F10S03","F10","Mariah","Atlanta, Georgia","29","9th place","https://static.wikia.nocookie.net/logosrupaulsdragrace/images/2/20/MariahParisBalenciagaS3CastMug.jpeg"
"31","F10S03C10","Q124","F10S03","F10","India Ferrah","Dayton, Ohio","23","10th place","https://static.wikia.nocookie.net/logosrupaulsdragrace/images/0/06/IndiaFerrahS3CastMug.jpeg"
"32","F10S03C11","Q127","F10S03","F10","Mimi Imfurst","New York City, New York","26","11th place","https://static.wikia.nocookie.net/logosrupaulsdragrace/images/6/66/MimiImfurstS3CastMug.jpeg"
"33","F10S03C12","Q128","F10S03","F10","Phoenix","Atlanta, Georgia","29","12th place","https://static.wikia.nocookie.net/logosrupaulsdragrace/images/4/44/PhoenixS3CastMug.jpeg"
"34","F10S03C13","Q131","F10S03","F10","Venus D-Lite","Los Angeles, California","26","13th place","https://static.wikia.nocookie.net/logosrupaulsdragrace/images/8/8b/VenusD-LiteS3CastMug.jpeg"
"35","F10S04C01","Q143","F10S04","F10","Sharon Needles","Pittsburgh, Pennsylvania","29","Winner","https://static.wikia.nocookie.net/logosrupaulsdragrace/images/f/fd/SharonNeedlesS4CastMug.jpg"
"36","F10S04C02","Q134","F10S04","F10","Chad Michaels","San Diego, California","40","Runners-up","https://static.wikia.nocookie.net/logosrupaulsdragrace/images/e/ea/ChadMichaelsS4CastMug.jpg"
"37","F10S04C03","Q142","F10S04","F10","Phi Phi O'Hara","Chicago, Illinois","25","Runners-up","https://static.wikia.nocookie.net/logosrupaulsdragrace/images/4/46/PhiPhiO%27HaraS4CastMug.jpg"
"38","F10S04C04","Q139","F10S04","F10","Latrice Royale","South Beach, Florida","39","4th Place","https://static.wikia.nocookie.net/logosrupaulsdragrace/images/7/7a/LatriceRoyaleS4CastMug.jpg"
"39","F10S04C05","Q137","F10S04","F10","Kenya Michaels","Dorado, Puerto Rico","21","5th Place","https://static.wikia.nocookie.net/logosrupaulsdragrace/images/0/01/KenyaMichaelsS4CastMug.jpg"
"40","F10S04C06","Q135","F10S04","F10","DiDa Ritz","Chicago, Illinois","25","6th Place","https://static.wikia.nocookie.net/logosrupaulsdragrace/images/f/f9/DidaRitzS4CastMug.jpg"
"41","F10S04C07","Q145","F10S04","F10","Willam","Los Angeles, California","29","Disqualified","https://static.wikia.nocookie.net/logosrupaulsdragrace/images/7/7c/WillamS4CastMug.jpg"
"42","F10S04C08","Q136","F10S04","F10","Jiggly Caliente","New York City, New York","30","7th Place","https://static.wikia.nocookie.net/logosrupaulsdragrace/images/a/af/JigglyCalienteS4CastMug.jpg"
"43","F10S04C09","Q141","F10S04","F10","Milan","New York City, New York","36","8th Place","https://static.wikia.nocookie.net/logosrupaulsdragrace/images/6/6f/MilanS4CastMug.jpg"
"44","F10S04C10","Q140","F10S04","F10","Madame LaQueer","Carolina, Puerto Rico","29","9th Place","https://static.wikia.nocookie.net/logosrupaulsdragrace/images/0/04/MadameLaQueerS4CastMug.jpg"
"45","F10S04C11","Q144","F10S04","F10","The Princess","Chicago, Illinois","31","10th Place","https://static.wikia.nocookie.net/logosrupaulsdragrace/images/d/d9/ThePrincessS4CastMug.jpg"
"46","F10S04C12","Q138","F10S04","F10","Lashauwn Beyond","Fort Lauderdale, Florida","21","11th Place","https://static.wikia.nocookie.net/logosrupaulsdragrace/images/a/a5/LashauwnBeyondS4CastMug.jpg"
"47","F10S04C13","Q133","F10S04","F10","Alisa Summers","Tampa, Florida","23","12th Place","https://static.wikia.nocookie.net/logosrupaulsdragrace/images/6/68/AlisaSummersS4CastMug.png"
"48","F10S05C01","Q153","F10S05","F10","Jinkx Monsoon","Seattle, Washington","24","Winner","https://static.wikia.nocookie.net/logosrupaulsdragrace/images/b/b4/JinkxMonsoonS5CastMug.jpg"
"49","F10S05C02","Q146","F10S05","F10","Alaska","Pittsburgh, Pennsylvania","27","Runners-up","https://static.wikia.nocookie.net/logosrupaulsdragrace/images/8/8e/AlaskaS5CastMug.jpg"
"50","F10S05C03","Q157","F10S05","F10","Roxxxy Andrews","Orlando, Florida","28","Runners-up","https://static.wikia.nocookie.net/logosrupaulsdragrace/images/7/7e/RoxxxyAndrewsS5CastMug.jpg"
"51","F10S05C04","Q149","F10S05","F10","Detox","Los Angeles, California","27","4th place","https://static.wikia.nocookie.net/logosrupaulsdragrace/images/9/96/DetoxS5CastMug.jpg"
"52","F10S05C05","Q148","F10S05","F10","Coco Montrese","Las Vegas, Nevada","37","5th place","https://static.wikia.nocookie.net/logosrupaulsdragrace/images/0/00/CocoMontreseS5CastMug.jpg"
"53","F10S05C06","Q147","F10S05","F10","Alyssa Edwards","Mesquite, Texas","32","6th place","https://static.wikia.nocookie.net/logosrupaulsdragrace/images/4/45/AlyssaEdwardsS5CastMug.jpg"
"54","F10S05C07","Q151","F10S05","F10","Ivy Winters","New York City, New York","26","7th place","https://static.wikia.nocookie.net/logosrupaulsdragrace/images/6/6c/IvyWintersS5CastMug.jpg"
"55","F10S05C08","Q152","F10S05","F10","Jade Jolie","Gainesville, Florida","25","8th place","https://static.wikia.nocookie.net/logosrupaulsdragrace/images/f/f2/JadeJolieS5CastMug.jpg"
"56","F10S05C09","Q154","F10S05","F10","Lineysha Sparx","San Juan, Puerto Rico","24","9th place","https://static.wikia.nocookie.net/logosrupaulsdragrace/images/c/c9/LineyshaSparxS5CastMug.jpg"
"57","F10S05C10","Q150","F10S05","F10","Honey Mahogany","San Francisco, California","29","10th place","https://static.wikia.nocookie.net/logosrupaulsdragrace/images/9/90/HoneyMahoganyS5CastMug.jpg"
"58","F10S05C11","Q159","F10S05","F10","Vivienne Pinay","New York City, New York","26","10th place","https://static.wikia.nocookie.net/logosrupaulsdragrace/images/e/ea/ViviennePinayS5CastMug.jpg"
"59","F10S05C12","Q155","F10S05","F10","Monica Beverly Hillz","Owensboro, Kentucky","27","12th place","https://static.wikia.nocookie.net/logosrupaulsdragrace/images/2/2e/MonicaBeverlyHillzS5CastMug.jpg"
"60","F10S05C13","Q158","F10S05","F10","Serena ChaCha","Tallahassee, Florida","21","13th place","https://static.wikia.nocookie.net/logosrupaulsdragrace/images/d/da/SerenaChaChaS5CastMug.jpg"
"61","F10S05C14","Q156","F10S05","F10","Penny Tration","Cincinnati, Ohio","39","14th place","https://static.wikia.nocookie.net/logosrupaulsdragrace/images/f/f8/PennyTrationS5CastMug.jpg"
"62","F10S06C01","Q163","F10S06","F10","Bianca Del Rio","New York City, New York","37","Winner","https://static.wikia.nocookie.net/logosrupaulsdragrace/images/e/e7/BiancaDelRioS6CastMug.png"
"63","F10S06C02","Q160","F10S06","F10","Adore Delano","Azusa, California","23","Runners-up","https://static.wikia.nocookie.net/logosrupaulsdragrace/images/d/d2/AdoreDelanoS6CastMug.png"
"64","F10S06C03","Q164","F10S06","F10","Courtney Act","West Hollywood, California","31","Runners-up","https://static.wikia.nocookie.net/logosrupaulsdragrace/images/f/f6/CourtneyActS6CastMug.png"
"65","F10S06C04","Q165","F10S06","F10","Darienne Lake","Rochester, New York","41","4th place","https://static.wikia.nocookie.net/logosrupaulsdragrace/images/6/61/DarienneLakeS6CastMug.png"
"66","F10S06C05","Q162","F10S06","F10","Ben De La Creme","Seattle, Washington","31","5th place","https://static.wikia.nocookie.net/logosrupaulsdragrace/images/d/df/BenDeLaCremeS6CastMug.png"
"67","F10S06C06","Q167","F10S06","F10","Joslyn Fox","Worcester, Massachusetts","26","6th place","https://static.wikia.nocookie.net/logosrupaulsdragrace/images/d/dc/JoslynFoxS6CastMug.png"
"68","F10S06C07","Q172","F10S06","F10","Trinity K. Bonet","Atlanta, Georgia","22","7th place","https://static.wikia.nocookie.net/logosrupaulsdragrace/images/0/00/TrinityKBonetS6CastMug.png"
"69","F10S06C08","Q169","F10S06","F10","Laganja Estranja","Los Angeles, California","24","8th place","https://static.wikia.nocookie.net/logosrupaulsdragrace/images/5/55/LaganjaEstranjaS6CastMug.png"
"70","F10S06C09","Q171","F10S06","F10","Milk","New York City, New York","25","9th place","https://static.wikia.nocookie.net/logosrupaulsdragrace/images/7/72/MilkS6CastMug.png"
"71","F10S06C10","Q166","F10S06","F10","Gia Gunn","Chicago, Illinois","23","10th place","https://static.wikia.nocookie.net/logosrupaulsdragrace/images/2/2a/GiaGunnS6CastMug.png"
"72","F10S06C11","Q161","F10S06","F10","April Carrión","Guaynabo, Puerto Rico","24","11th place","https://static.wikia.nocookie.net/logosrupaulsdragrace/images/c/cd/AprilCarri%C3%B3nS6CastMug.png"
"73","F10S06C12","Q173","F10S06","F10","Vivacious","New York City, New York","40","12th place","https://static.wikia.nocookie.net/logosrupaulsdragrace/images/1/1f/VivaciousS6CastMug.png"
"74","F10S06C13","Q168","F10S06","F10","Kelly Mantle","Los Angeles, California","37","13th place","https://static.wikia.nocookie.net/logosrupaulsdragrace/images/a/ab/KellyMantleS6CastMug.png"
"75","F10S06C14","Q170","F10S06","F10","Magnolia Crawford","Seattle, Washington","28","13th place","https://static.wikia.nocookie.net/logosrupaulsdragrace/images/4/43/MagnoliaCrawfordS6CastMug.png"
"76","F10S07C01","Q187","F10S07","F10","Violet Chachki","Atlanta, Georgia","22","Winner","https://static.wikia.nocookie.net/logosrupaulsdragrace/images/c/c7/VioletChachkiS7CastMug.png"
"77","F10S07C02","Q174","F10S07","F10","Ginger Minj","Orlando, Florida","29","Runners-up","https://static.wikia.nocookie.net/logosrupaulsdragrace/images/1/1d/GingerMinjS7CastMug.png"
"78","F10S07C03","Q183","F10S07","F10","Pearl","New York City, New York","23","Runners-up","https://static.wikia.nocookie.net/logosrupaulsdragrace/images/c/c0/PearlS7CastMug.png"
"79","F10S07C04","Q179","F10S07","F10","Kennedy Davenport","Dallas, Texas","33","4th place","https://static.wikia.nocookie.net/logosrupaulsdragrace/images/8/83/KennedyDavenportS7CastMug.png"
"80","F10S07C05","Q178","F10S07","F10","Katya","Boston, Massachusetts","32","5th place","https://static.wikia.nocookie.net/logosrupaulsdragrace/images/2/23/KatyaS7CastMug.png"
"81","F10S07C06","Q186","F10S07","F10","Trixie Mattel","Milwaukee, Wisconsin","24","6th place","https://static.wikia.nocookie.net/logosrupaulsdragrace/images/6/6d/TrixieMattelS7CastMug.png"
"82","F10S07C07","Q181","F10S07","F10","Miss Fame","New York City, New York","29","7th place","https://static.wikia.nocookie.net/logosrupaulsdragrace/images/9/95/MissFameS7CastMug.png"
"83","F10S07C08","Q175","F10S07","F10","Jaidynn Diore Fierce","Nashville, Tennessee","25","8th place","https://static.wikia.nocookie.net/logosrupaulsdragrace/images/5/50/JaidynnDioreFierceS7CastMug.png"
"84","F10S07C09","Q180","F10S07","F10","Max","Hudson, Wisconsin","22","9th place","https://static.wikia.nocookie.net/logosrupaulsdragrace/images/2/27/MaxS7CastMug.png"
"85","F10S07C10","Q177","F10S07","F10","Kandy Ho","Cayey, Puerto Rico","28","10th place","https://static.wikia.nocookie.net/logosrupaulsdragrace/images/e/e1/KandyHoS7CastMug.png"
"86","F10S07C11","Q182","F10S07","F10","Mrs. Kasha Davis","Rochester, New York","43","11th place","https://static.wikia.nocookie.net/logosrupaulsdragrace/images/9/91/MrsKashaDavisS7CastMug.png"
"87","F10S07C12","Q176","F10S07","F10","Jasmine Masters","Los Angeles, California","37","12th place","https://static.wikia.nocookie.net/logosrupaulsdragrace/images/1/19/JasmineMastersS7CastMug.png"
"88","F10S07C13","Q184","F10S07","F10","Sasha Belle","Iowa City, Iowa","28","13th place","https://static.wikia.nocookie.net/logosrupaulsdragrace/images/2/21/SashaBelleS7CastMug.png"
"89","F10S07C14","Q185","F10S07","F10","Tempest DuJour","Tucson, Arizona","46","14th place","https://static.wikia.nocookie.net/logosrupaulsdragrace/images/9/9f/TempestDuJourS7CastMug.png"
"90","F10S08C01","Q189","F10S08","F10","Bob the Drag Queen","New York City, New York","29","Winner","https://static.wikia.nocookie.net/logosrupaulsdragrace/images/1/1a/BobTheDragQueenS8CastMug.jpg"
"91","F10S08C02","Q194","F10S08","F10","Kim Chi","Chicago, Illinois","27","Runners-up","https://static.wikia.nocookie.net/logosrupaulsdragrace/images/5/5b/KimChiS8CastMug.jpg"
"92","F10S08C03","Q196","F10S08","F10","Naomi Smalls","Redlands, California","21","Runners-up","https://static.wikia.nocookie.net/logosrupaulsdragrace/images/1/13/NaomiSmallsS8CastMug.jpg"
"93","F10S08C04","Q190","F10S08","F10","Chi Chi DeVayne","Shreveport, Louisiana","29","4th place","https://static.wikia.nocookie.net/logosrupaulsdragrace/images/2/2a/ChiChiDeVayneS8CastMug.jpg"
"94","F10S08C05","Q193","F10S08","F10","Derrick Barry","Las Vegas, Nevada","32","5th place","https://static.wikia.nocookie.net/logosrupaulsdragrace/images/a/aa/DerrickBarryS8CastMug.jpg"
"95","F10S08C06","Q199","F10S08","F10","Thorgy Thor","New York City, New York","31","6th place","https://static.wikia.nocookie.net/logosrupaulsdragrace/images/2/27/ThorgyThorS8CastMug.jpg"
"96","F10S08C07","Q198","F10S08","F10","Robbie Turner","Seattle, Washington","33","7th place","https://static.wikia.nocookie.net/logosrupaulsdragrace/images/f/f0/RobbieTurnerS8CastMug.jpg"
"97","F10S08C08","Q188","F10S08","F10","Acid Betty","New York City, New York","37","8th place","https://static.wikia.nocookie.net/logosrupaulsdragrace/images/0/0b/AcidBettyS8CastMug.jpg"
"98","F10S08C09","Q197","F10S08","F10","Naysha Lopez","Chicago, Illinois","31","9th place","https://static.wikia.nocookie.net/logosrupaulsdragrace/images/a/ac/NayshaLopezS8CastMug.jpg"
"99","F10S08C10","Q191","F10S08","F10","Cynthia Lee Fontaine","Austin, Texas","34","10th place","https://static.wikia.nocookie.net/logosrupaulsdragrace/images/2/28/CynthiaLeeFontaineS8CastMug.jpg"
"100","F10S08C11","Q192","F10S08","F10","Dax ExclamationPoint","Savannah, Georgia","31","11th place","https://static.wikia.nocookie.net/logosrupaulsdragrace/images/8/8b/DaxExclamationPointS8CastMug.jpg"
"101","F10S08C12","Q195","F10S08","F10","Laila McQueen","Gloucester, Massachusetts","22","11th place","https://static.wikia.nocookie.net/logosrupaulsdragrace/images/a/a0/LailaMcQueenS8CastMug.jpg"
"102","F10S09C01","Q208","F10S09","F10","Sasha Velour","New York City, New York","29","Winner","https://static.wikia.nocookie.net/logosrupaulsdragrace/images/3/3a/SashaVelourS9CastMug.jpg"
"103","F10S09C02","Q207","F10S09","F10","Peppermint","New York City, New York","37","Runner-up","https://static.wikia.nocookie.net/logosrupaulsdragrace/images/2/25/PeppermintS9CastMug.jpg"
"104","F10S09C03","Q209","F10S09","F10","Shea Couleé","Chicago, Illinois","27","3rd place","https://static.wikia.nocookie.net/logosrupaulsdragrace/images/2/2a/SheaCoule%C3%A9S9CastMug.jpg"
"105","F10S09C04","Q210","F10S09","F10","Trinity Taylor","Orlando, Florida","31","3rd place","https://static.wikia.nocookie.net/logosrupaulsdragrace/images/9/9d/TrinityTaylorS9CastMug.jpg"
"106","F10S09C05","Q201","F10S09","F10","Alexis Michelle","New York City, New York","32","5th place","https://static.wikia.nocookie.net/logosrupaulsdragrace/images/4/4c/AlexisMichelleS9CastMug.jpg"
"107","F10S09C06","Q206","F10S09","F10","Nina Bo'nina Brown","Riverdale, Georgia","34","6th place","https://static.wikia.nocookie.net/logosrupaulsdragrace/images/c/cd/NinaBo%27ninaBrownS9CastMug.jpg"
"108","F10S09C07","Q212","F10S09","F10","Valentina","Los Angeles, California","25","7th place","https://static.wikia.nocookie.net/logosrupaulsdragrace/images/8/83/ValentinaS9CastMug.jpg"
"109","F10S09C08","Q204","F10S09","F10","Farrah Moan","Las Vegas, Nevada","23","8th place","https://static.wikia.nocookie.net/logosrupaulsdragrace/images/1/1a/FarrahMoanS9CastMug.jpg"
"110","F10S09C09","Q200","F10S09","F10","Aja","New York City, New York","22","9th place","https://static.wikia.nocookie.net/logosrupaulsdragrace/images/e/ed/AjaS9CastMug.jpg"
"111","F10S09C10","Q191","F10S09","F10","Cynthia Lee Fontaine","Austin, Texas","35","10th place","https://static.wikia.nocookie.net/logosrupaulsdragrace/images/3/35/CynthiaLeeFontaineS9CastMug.jpg"
"112","F10S09C11","Q203","F10S09","F10","Eureka","Johnson City, Tennessee","25","11th place","https://static.wikia.nocookie.net/logosrupaulsdragrace/images/6/6b/EurekaS9CastMug.jpg"
"113","F10S09C12","Q202","F10S09","F10","Charlie Hides","London, United Kingdom[f]","52","12th place","https://static.wikia.nocookie.net/logosrupaulsdragrace/images/1/1f/CharlieHidesS9CastMug.jpg"
"114","F10S09C13","Q211","F10S09","F10","Kimora Blac","Las Vegas, Nevada","27","13th place","https://static.wikia.nocookie.net/logosrupaulsdragrace/images/3/39/KimoraBlacS9CastMug.jpg"
"115","F10S09C14","Q205","F10S09","F10","Jaymes Mansfield","Milwaukee, Wisconsin","26","14th place","https://static.wikia.nocookie.net/logosrupaulsdragrace/images/5/53/JaymesMansfieldS9CastMug.jpg"
"116","F10S10C01","Q223","F10S10","F10","Aquaria","New York City, New York","21","Winner","https://static.wikia.nocookie.net/logosrupaulsdragrace/images/a/a9/AquariaS10CastMug.jpg"
"117","F10S10C02","Q203","F10S10","F10","Eureka","Johnson City, Tennessee","27","Runners-up",""
"118","F10S10C03","Q228","F10S10","F10","Kameron Michaels","Nashville, Tennessee","31","Runners-up","https://static.wikia.nocookie.net/logosrupaulsdragrace/images/6/6a/KameronMichaelsS10CastMug.jpg"
"119","F10S10C04","Q224","F10S10","F10","Asia O'Hara","Dallas, Texas","35","4th place","https://static.wikia.nocookie.net/logosrupaulsdragrace/images/0/09/AsiaO%27HaraS10CastMug.jpg"
"120","F10S10C05","Q230","F10S10","F10","Miz Cracker","New York City, New York","33","5th place","https://static.wikia.nocookie.net/logosrupaulsdragrace/images/d/dc/MizCrackerS10CastMug.jpg"
"121","F10S10C06","Q231","F10S10","F10","Monét X Change","New York City, New York","27","6th place","https://static.wikia.nocookie.net/logosrupaulsdragrace/images/e/ea/Mon%C3%A9tXChangeS10CastMug.jpg"
"122","F10S10C07","Q233","F10S10","F10","The Vixen","Chicago, Illinois","26","7th place","https://static.wikia.nocookie.net/logosrupaulsdragrace/images/f/f0/TheVixenS10CastMug.jpg"
"123","F10S10C08","Q232","F10S10","F10","Monique Heart","Kansas City, Missouri","31","8th place","https://static.wikia.nocookie.net/logosrupaulsdragrace/images/f/fe/MoniqueHeartS10CastMug.jpg"
"124","F10S10C09","Q225","F10S10","F10","Blair St. Clair","Indianapolis, Indiana","22","9th place","https://static.wikia.nocookie.net/logosrupaulsdragrace/images/e/e8/BlairStClairS10CastMug.jpg"
"125","F10S10C10","Q229","F10S10","F10","Mayhem Miller","Riverside, California","35","10th place","https://static.wikia.nocookie.net/logosrupaulsdragrace/images/9/96/MayhemMillerS10CastMug.jpg"
"126","F10S10C11","Q226","F10S10","F10","Dusty Ray Bottoms","New York City, New York","29","11th place","https://static.wikia.nocookie.net/logosrupaulsdragrace/images/9/9c/DustyRayBottomsS10CastMug.jpg"
"127","F10S10C12","Q235","F10S10","F10","Yuhua Hamasaki","New York City, New York","27","12th place","https://static.wikia.nocookie.net/logosrupaulsdragrace/images/6/62/YuhuaHamasakiS10CastMug.jpg"
"128","F10S10C13","Q227","F10S10","F10","Kalorie Karbdashian Williams","Albuquerque, New Mexico","27","13th place","https://static.wikia.nocookie.net/logosrupaulsdragrace/images/1/15/KalorieKarbdashianWilliamsS10CastMug.jpg"
"129","F10S10C14","Q234","F10S10","F10","Vanessa Vanjie Mateo","Tampa, Florida","25","14th place","https://static.wikia.nocookie.net/logosrupaulsdragrace/images/0/06/VanessaVanjieMateoS10CastMug.jpg"
"130","F10S11C01","Q263","F10S11","F10","Yvie Oddly","Denver, Colorado","24","Winner","https://static.wikia.nocookie.net/logosrupaulsdragrace/images/3/3c/YvieOddlyS11CastMug.jpg"
"131","F10S11C02","Q252","F10S11","F10","Brooke Lynn Hytes","Nashville, Tennessee","32","Runner-up","https://static.wikia.nocookie.net/logosrupaulsdragrace/images/7/75/BrookeLynnHytesS11CastMug.jpg"
"132","F10S11C03","Q250","F10S11","F10","A'keria C. Davenport","Dallas, Texas","30","3rd place","https://static.wikia.nocookie.net/logosrupaulsdragrace/images/3/3a/A%27keriaCDavenportS11CastMug.jpg"
"133","F10S11C04","Q261","F10S11","F10","Silky Nutmeg Ganache","Chicago, Illinois","28","3rd place","https://static.wikia.nocookie.net/logosrupaulsdragrace/images/5/5e/SilkyNutmegGanacheS11CastMug.jpg"
"134","F10S11C05","Q234","F10S11","F10","Vanessa Vanjie Mateo","Los Angeles, California","26","5th place","https://static.wikia.nocookie.net/logosrupaulsdragrace/images/e/e8/VanessaVanjieMateoS11CastMug.jpg"
"135","F10S11C06","Q256","F10S11","F10","Nina West","Columbus, Ohio","39","6th place","https://static.wikia.nocookie.net/logosrupaulsdragrace/images/9/97/NinaWestS11CastMug.jpg"
"136","F10S11C07","Q260","F10S11","F10","Shuga Cain","New York City, New York","40","7th place","https://static.wikia.nocookie.net/logosrupaulsdragrace/images/d/d5/ShugaCainS11CastMug.jpg"
"137","F10S11C08","Q257","F10S11","F10","Plastique Tiara","Dallas, Texas","21","8th place","https://static.wikia.nocookie.net/logosrupaulsdragrace/images/4/44/PlastiqueTiaraS11CastMug.jpg"
"138","F10S11C09","Q258","F10S11","F10","Ra'Jah O'Hara","Dallas, Texas","33","9th place","https://static.wikia.nocookie.net/logosrupaulsdragrace/images/f/f8/Ra%27JahO%27HaraS11CastMug.jpg"
"139","F10S11C10","Q259","F10S11","F10","Scarlet Envy","New York City, New York","26","10th place","https://static.wikia.nocookie.net/logosrupaulsdragrace/images/3/3b/ScarletEnvyS11CastMug.jpg"
"140","F10S11C11","Q251","F10S11","F10","Ariel Versace","Cherry Hill, New Jersey","26","11th place","https://static.wikia.nocookie.net/logosrupaulsdragrace/images/4/42/ArielVersaceS11CastMug.jpg"
"141","F10S11C12","Q255","F10S11","F10","Mercedes Iman Diamond","Minneapolis, Minnesota","31","12th place","https://static.wikia.nocookie.net/logosrupaulsdragrace/images/8/8c/MercedesImanDiamondS11CastMug.jpg"
"142","F10S11C13","Q253","F10S11","F10","Honey Davenport","New York City, New York","32","13th place","https://static.wikia.nocookie.net/logosrupaulsdragrace/images/f/f1/HoneyDavenportS11CastMug.jpg"
"143","F10S11C14","Q254","F10S11","F10","Kahanna Montrese","Las Vegas, Nevada","25","14th place","https://static.wikia.nocookie.net/logosrupaulsdragrace/images/8/8c/KahannaMontreseS11CastMug.jpg"
"144","F10S11C15","Q262","F10S11","F10","Soju","Chicago, Illinois","27","15th place","https://static.wikia.nocookie.net/logosrupaulsdragrace/images/0/02/SojuS11CastMug.jpg"
"145","F10S12C01","Q281","F10S12","F10","Jaida Essence Hall","Milwaukee, Wisconsin","32","Winner","https://static.wikia.nocookie.net/logosrupaulsdragrace/images/8/8e/JaidaEssenceHallS12CastMug.png"
"146","F10S12C02","Q276","F10S12","F10","Crystal Methyd","Springfield, Missouri","28","Runners-up","https://static.wikia.nocookie.net/logosrupaulsdragrace/images/d/d8/CrystalMethydS12CastMug.png"
"147","F10S12C03","Q278","F10S12","F10","Gigi Goode","Los Angeles, California","21","Runners-up","https://static.wikia.nocookie.net/logosrupaulsdragrace/images/b/b8/GigiGoodeS12CastMug.png"
"148","F10S12C04","Q285","F10S12","F10","Sherry Pie","New York City, New York","27","Disqualified","https://static.wikia.nocookie.net/logosrupaulsdragrace/images/e/ea/SherryPieS12CastMug.png"
"149","F10S12C05","Q280","F10S12","F10","Jackie Cox","New York City, New York","34","4th place","https://static.wikia.nocookie.net/logosrupaulsdragrace/images/e/e7/JackieCoxS12CastMug.png"
"150","F10S12C06","Q279","F10S12","F10","Heidi N Closet","Ramseur, North Carolina","24","5th place","https://static.wikia.nocookie.net/logosrupaulsdragrace/images/5/56/HeidiNClosetS12CastMug.png"
"151","F10S12C07","Q286","F10S12","F10","Widow Von'Du","Kansas City, Missouri","30","6th place","https://static.wikia.nocookie.net/logosrupaulsdragrace/images/3/3d/WidowVon%27DuS12CastMug.png"
"152","F10S12C08","Q282","F10S12","F10","Jan","New York City, New York","26","7th place","https://static.wikia.nocookie.net/logosrupaulsdragrace/images/a/a9/JanS12CastMug.png"
"153","F10S12C09","Q275","F10S12","F10","Brita","New York City, New York","34","8th place","https://static.wikia.nocookie.net/logosrupaulsdragrace/images/3/3e/BritaS12CastMug.png"
"154","F10S12C10","Q274","F10S12","F10","Aiden Zhane","Acworth, Georgia","29","9th place","https://static.wikia.nocookie.net/logosrupaulsdragrace/images/2/26/AidenZhaneS12CastMug.png"
"155","F10S12C11","Q283","F10S12","F10","Nicky Doll","New York City, New York","28","10th place","https://static.wikia.nocookie.net/logosrupaulsdragrace/images/5/5f/NickyDollS12CastMug.png"
"156","F10S12C12","Q284","F10S12","F10","Rock M. Sakura","San Francisco, California","28","11th place","https://static.wikia.nocookie.net/logosrupaulsdragrace/images/d/dd/RockMSakuraS12CastMug.png"
"157","F10S12C13","Q277","F10S12","F10","Dahlia Sin","Los Angeles, California","28","12th place","https://static.wikia.nocookie.net/logosrupaulsdragrace/images/6/6a/DahliaSinS12CastMug.png"
"158","F10S13C01","Q319","F10S13","F10","Symone","Los Angeles, California","25","Winner","https://static.wikia.nocookie.net/logosrupaulsdragrace/images/7/7d/SymoneS13CastMug.jpg"
"159","F10S13C02","Q315","F10S13","F10","Kandy Muse","New York City, New York","25","Runner-up","https://static.wikia.nocookie.net/logosrupaulsdragrace/images/6/63/KandyMuseS13CastMug.jpg"
"160","F10S13C03","Q312","F10S13","F10","Gottmik","Los Angeles, California","23","3rd place","https://static.wikia.nocookie.net/logosrupaulsdragrace/images/b/bd/GottmikS13CastMug.jpg"
"161","F10S13C04","Q318","F10S13","F10","Rosé","New York City, New York","31","3rd place","https://static.wikia.nocookie.net/logosrupaulsdragrace/images/7/74/Ros%C3%A9S13CastMug.jpg"
"162","F10S13C05","Q317","F10S13","F10","Olivia Lux","New York City, New York","26","5th place","https://static.wikia.nocookie.net/logosrupaulsdragrace/images/4/4f/OliviaLuxS13CastMug.jpg"
"163","F10S13C06","Q322","F10S13","F10","Utica Queen","Utica, Minnesota","25","6th place","https://static.wikia.nocookie.net/logosrupaulsdragrace/images/d/dc/UticaQueenS13CastMug.jpg"
"164","F10S13C07","Q321","F10S13","F10","Tina Burner","New York City, New York","39","7th place","https://static.wikia.nocookie.net/logosrupaulsdragrace/images/4/44/TinaBurnerS13CastMug.jpg"
"165","F10S13C08","Q310","F10S13","F10","Denali","Chicago, Illinois","28","8th place","https://static.wikia.nocookie.net/logosrupaulsdragrace/images/3/36/DenaliS13CastMug.jpg"
"166","F10S13C09","Q311","F10S13","F10","Elliott with 2 Ts","Las Vegas, Nevada","26","9th place","https://static.wikia.nocookie.net/logosrupaulsdragrace/images/0/0b/ElliottWith2T%27sS13CastMug.jpg"
"167","F10S13C10","Q316","F10S13","F10","LaLa Ri","Atlanta, Georgia","30","10th place","https://static.wikia.nocookie.net/logosrupaulsdragrace/images/e/e0/LaLaRiS13CastMug.jpg"
"168","F10S13C11","Q320","F10S13","F10","Tamisha Iman","Atlanta, Georgia","49","11th place","https://static.wikia.nocookie.net/logosrupaulsdragrace/images/3/35/TamishaImanS13CastMug.jpg"
"169","F10S13C12","Q313","F10S13","F10","Joey Jay","Phoenix, Arizona","30","12th place","https://static.wikia.nocookie.net/logosrupaulsdragrace/images/a/a7/JoeyJayS13CastMug.jpg"
"170","F10S13C13","Q314","F10S13","F10","Kahmora Hall","Chicago, Illinois","28","13th place","https://static.wikia.nocookie.net/logosrupaulsdragrace/images/e/e5/KahmoraHallS13CastMug.jpg"
"171","F10S14C01","Q388","F10S14","F10","Willow Pill","Denver, Colorado","26","Winner","https://static.wikia.nocookie.net/logosrupaulsdragrace/images/b/b4/WillowPillS14CastMug.jpg"
"172","F10S14C02","Q385","F10S14","F10","Lady Camden","Sacramento, California","31","Runner-up","https://static.wikia.nocookie.net/logosrupaulsdragrace/images/c/c1/LadyCamdenS14CastMug.jpg"
"173","F10S14C03","Q376","F10S14","F10","Angeria Paris VanMicheals","Atlanta, Georgia","27","3rd place","https://static.wikia.nocookie.net/logosrupaulsdragrace/images/5/5e/AngeriaParisVanMichealsS14CastMug.jpg"
"174","F10S14C04","Q377","F10S14","F10","Bosco","Seattle, Washington","28","3rd place","https://static.wikia.nocookie.net/logosrupaulsdragrace/images/5/56/BoscoS14CastMug.jpg"
"175","F10S14C05","Q378","F10S14","F10","Daya Betty","Springfield, Missouri","25","3rd place","https://static.wikia.nocookie.net/logosrupaulsdragrace/images/6/69/DayaBettyS14CastMug.jpg"
"176","F10S14C06","Q379","F10S14","F10","DeJa Skye","Fresno, California","31","6th place","https://static.wikia.nocookie.net/logosrupaulsdragrace/images/a/a4/DeJaSkyeS14CastMug.jpg"
"177","F10S14C07","Q381","F10S14","F10","Jorgeous","Nashville, Tennessee","21","6th place","https://static.wikia.nocookie.net/logosrupaulsdragrace/images/f/fa/JorgeousS14CastMug.jpg"
"178","F10S14C08","Q380","F10S14","F10","Jasmine Kennedie","New York City, New York","22","8th place","https://static.wikia.nocookie.net/logosrupaulsdragrace/images/0/0c/JasmineKennedieS14CastMug.jpg"
"179","F10S14C09","Q383","F10S14","F10","Kerri Colby","Los Angeles, California","24","9th place","https://static.wikia.nocookie.net/logosrupaulsdragrace/images/3/30/KerriColbyS14CastMug.jpg"
"180","F10S14C10","Q386","F10S14","F10","Maddy Morphosis","Fayetteville, Arkansas","26","10th place","https://static.wikia.nocookie.net/logosrupaulsdragrace/images/d/dd/MaddyMorphosisS14CastMug.jpg"
"181","F10S14C11","Q387","F10S14","F10","Orion Story","Grand Rapids, Michigan","25","11th place","https://static.wikia.nocookie.net/logosrupaulsdragrace/images/4/4a/OrionStoryS14CastMug.jpg"
"182","F10S14C12","Q384","F10S14","F10","Kornbread ""The Snack"" Jeté","Los Angeles, California","29","12th place",""
"183","F10S14C13","Q375","F10S14","F10","Alyssa Hunter","Cataño, Puerto Rico","26","13th place","https://static.wikia.nocookie.net/logosrupaulsdragrace/images/e/ec/AlyssaHunterS14CastMug.jpg"
"184","F10S14C14","Q382","F10S14","F10","June Jambalaya","Los Angeles, California","29","14th place","https://static.wikia.nocookie.net/logosrupaulsdragrace/images/3/3c/JuneJambalayaS14CastMug.jpg"
"185","F11S01C01","Q134","F11S01","F11","Chad Michaels","San Diego, California","41","Winner","https://static.wikia.nocookie.net/logosrupaulsdragrace/images/a/ad/ChadMichaelsAS1CastMug.png"
"186","F11S01C02","Q115","F11S01","F11","Raven","Riverside, California","33","Runner-up","https://static.wikia.nocookie.net/logosrupaulsdragrace/images/4/48/RavenAS1CastMug.png"
"187","F11S01C03","Q110","F11S01","F11","Jujubee","Boston, Massachusetts","28","3rd place","https://static.wikia.nocookie.net/logosrupaulsdragrace/images/a/a7/JujubeeAS1CastMug.png"
"188","F11S01C04","Q106","F11S01","F11","Shannel","Long Beach, California","32","3rd place","https://static.wikia.nocookie.net/logosrupaulsdragrace/images/a/af/ShannelAS1CastMug.png"
"189","F11S01C05","Q121","F11S01","F11","Alexis Mateo","Tampa, Florida","32","5th place","https://static.wikia.nocookie.net/logosrupaulsdragrace/images/9/97/AlexisMateoAS1CastMug.png"
"190","F11S01C06","Q132","F11S01","F11","Yara Sofia","Los Angeles, California","28","5th place","https://static.wikia.nocookie.net/logosrupaulsdragrace/images/b/b6/YaraSofiaAS1CastMug.png"
"191","F11S01C07","Q139","F11S01","F11","Latrice Royale","Miami Beach, Florida","40","7th place","https://static.wikia.nocookie.net/logosrupaulsdragrace/images/a/a4/LatriceRoyaleAS1CastMug.png"
"192","F11S01C08","Q125","F11S01","F11","Manila Luzon","New York City, New York","27","7th place","https://static.wikia.nocookie.net/logosrupaulsdragrace/images/2/2d/ManilaLuzonAS1CastMug.png"
"193","F11S01C09","Q103","F11S01","F11","Nina Flowers","Denver, Colorado","38","9th place","https://static.wikia.nocookie.net/logosrupaulsdragrace/images/2/27/NinaFlowersAS1CastMug.png"
"194","F11S01C10","Q107","F11S01","F11","Tammie Brown","Long Beach, California","31","9th place","https://static.wikia.nocookie.net/logosrupaulsdragrace/images/b/bf/TammieBrownAS1CastMug.png"
"195","F11S01C11","Q127","F11S01","F11","Mimi Imfurst","New York City, New York","29","11th place","https://static.wikia.nocookie.net/logosrupaulsdragrace/images/f/f5/MimiImfurstAS1CastMug.png"
"196","F11S01C12","Q114","F11S01","F11","Pandora Boxx","Los Angeles, California","39","11th place","https://static.wikia.nocookie.net/logosrupaulsdragrace/images/3/37/PandoraBoxxAS1CastMug.png"
"197","F11S02C01","Q146","F11S02","F11","Alaska","Los Angeles, California","30","Winner","https://static.wikia.nocookie.net/logosrupaulsdragrace/images/2/2e/AlaskaAS2CastMug.jpg"
"198","F11S02C02","Q149","F11S02","F11","Detox","Los Angeles, California","30","Runners-up","https://static.wikia.nocookie.net/logosrupaulsdragrace/images/d/d8/DetoxAS2CastMug.jpg"
"199","F11S02C03","Q178","F11S02","F11","Katya","Boston, Massachusetts","33","Runners-up","https://static.wikia.nocookie.net/logosrupaulsdragrace/images/d/d0/KatyaAS2CastMug.jpg"
"200","F11S02C04","Q157","F11S02","F11","Roxxxy Andrews","Orlando, Florida","31","4th place","https://static.wikia.nocookie.net/logosrupaulsdragrace/images/5/5b/RoxxxyAndrewsAS2CastMug.jpg"
"201","F11S02C05","Q147","F11S02","F11","Alyssa Edwards","Dallas, Texas","35","5th place","https://static.wikia.nocookie.net/logosrupaulsdragrace/images/1/15/AlyssaEdwardsAS2CastMug.jpg"
"202","F11S02C06","Q119","F11S02","F11","Tatianna","Washington, D.C.","27","6th place","https://static.wikia.nocookie.net/logosrupaulsdragrace/images/9/96/TatiannaAS2CastMug.jpg"
"203","F11S02C07","Q142","F11S02","F11","Phi Phi O'Hara","New York City, New York","29","7th place","https://static.wikia.nocookie.net/logosrupaulsdragrace/images/6/69/PhiPhiO%27HaraAS2CastMug.jpg"
"204","F11S02C08","Q174","F11S02","F11","Ginger Minj","Orlando, Florida","31","8th place","https://static.wikia.nocookie.net/logosrupaulsdragrace/images/8/89/GingerMinjAS2CastMug.jpg"
"205","F11S02C09","Q160","F11S02","F11","Adore Delano","Azusa, California","25","9th place","https://static.wikia.nocookie.net/logosrupaulsdragrace/images/f/fc/AdoreDelanoAS2CastMug.jpg"
"206","F11S02C10","Q148","F11S02","F11","Coco Montrese","Las Vegas, Nevada","41","10th place","https://static.wikia.nocookie.net/logosrupaulsdragrace/images/f/f8/CocoMontreseAS2CastMug.jpg"
"207","F11S03C01","Q186","F11S03","F11","Trixie Mattel","Los Angeles, California","28","Winner","https://static.wikia.nocookie.net/logosrupaulsdragrace/images/4/40/TrixieMattelAS3CastMug.png"
"208","F11S03C02","Q179","F11S03","F11","Kennedy Davenport","Dallas, Texas","35","Runner-up","https://static.wikia.nocookie.net/logosrupaulsdragrace/images/3/33/KennedyDavenportAS3CastMug.png"
"209","F11S03C03","Q101","F11S03","F11","BeBe Zahara Benet","Minneapolis, Minnesota","36","3rd place","https://static.wikia.nocookie.net/logosrupaulsdragrace/images/9/93/BeBeZaharaBenetAS3CastMug.png"
"210","F11S03C04","Q117","F11S03","F11","Shangela","Los Angeles, California","35","3rd place","https://static.wikia.nocookie.net/logosrupaulsdragrace/images/8/8c/ShangelaAS3CastMug.png"
"211","F11S03C05","Q111","F11S03","F11","Morgan McMichaels","Los Angeles, California","36","5th place","https://static.wikia.nocookie.net/logosrupaulsdragrace/images/4/47/MorganMcMichaelsAS3CastMug.png"
"212","F11S03C06","Q162","F11S03","F11","Ben De La Creme","Seattle, Washington","35","6th place","https://static.wikia.nocookie.net/logosrupaulsdragrace/images/f/f5/BenDeLaCremeAS3CastMug.png"
"213","F11S03C07","Q200","F11S03","F11","Aja","New York City, New York","23","7th place","https://static.wikia.nocookie.net/logosrupaulsdragrace/images/4/4e/AjaAS3CastMug.png"
"214","F11S03C08","Q190","F11S03","F11","Chi Chi DeVayne","Shreveport, Louisiana","32","8th place","https://static.wikia.nocookie.net/logosrupaulsdragrace/images/3/3b/ChiChiDeVayneAS3CastMug.png"
"215","F11S03C09","Q171","F11S03","F11","Milk","New York City, New York","29","9th place","https://static.wikia.nocookie.net/logosrupaulsdragrace/images/d/d0/MilkAS3CastMug.png"
"216","F11S03C10","Q199","F11S03","F11","Thorgy Thor","New York City, New York","33","10th place","https://static.wikia.nocookie.net/logosrupaulsdragrace/images/c/ce/ThorgyThorAS3CastMug.png"
"217","F11S04C01","Q231","F11S04","F11","Monét X Change","New York City, New York","28","Winner","https://static.wikia.nocookie.net/logosrupaulsdragrace/images/5/51/Mon%C3%A9tXChangeAS4CastMug.jpg"
"218","F11S04C02","Q211","F11S04","F11","Trinity the Tuck","Orlando, Florida","33","Winner","https://static.wikia.nocookie.net/logosrupaulsdragrace/images/a/a5/TrinityTheTuckAS4CastMug.jpg"
"219","F11S04C03","Q232","F11S04","F11","Monique Heart","Kansas City, Missouri","32","3rd place","https://static.wikia.nocookie.net/logosrupaulsdragrace/images/e/ea/MoniqueHeartAS4CastMug.jpg"
"220","F11S04C04","Q196","F11S04","F11","Naomi Smalls","Chicago, Illinois","24","3rd place","https://static.wikia.nocookie.net/logosrupaulsdragrace/images/2/28/NaomiSmallsAS4CastMug.jpg"
"221","F11S04C05","Q139","F11S04","F11","Latrice Royale","Miami Beach, Florida","46","5th place","https://static.wikia.nocookie.net/logosrupaulsdragrace/images/e/e3/LatriceRoyaleAS4CastMug.jpg"
"222","F11S04C06","Q125","F11S04","F11","Manila Luzon","Los Angeles, California","36","6th place","https://static.wikia.nocookie.net/logosrupaulsdragrace/images/c/c3/ManilaLuzonAS4CastMug.jpg"
"223","F11S04C07","Q212","F11S04","F11","Valentina","Los Angeles, California","27","7th place","https://static.wikia.nocookie.net/logosrupaulsdragrace/images/4/43/ValentinaAS4CastMug.jpg"
"224","F11S04C08","Q166","F11S04","F11","Gia Gunn","Los Angeles, California","28","8th place","https://static.wikia.nocookie.net/logosrupaulsdragrace/images/e/e3/GiaGunnAS4CastMug.jpg"
"225","F11S04C09","Q204","F11S04","F11","Farrah Moan","Los Angeles, California","24","9th place","https://static.wikia.nocookie.net/logosrupaulsdragrace/images/f/f8/FarrahMoanAS4CastMug.jpg"
"226","F11S04C10","Q176","F11S04","F11","Jasmine Masters","Los Angeles, California","41","10th place","https://static.wikia.nocookie.net/logosrupaulsdragrace/images/1/10/JasmineMastersAS4CastMug.jpg"
"227","F11S05C01","Q209","F11S05","F11","Shea Couleé","Chicago, Illinois","30","Winner","https://static.wikia.nocookie.net/logosrupaulsdragrace/images/2/29/SheaCoule%C3%A9AS5CastMug.png"
"228","F11S05C02","Q110","F11S05","F11","Jujubee","Boston, Massachusetts","34","Runners-up","https://static.wikia.nocookie.net/logosrupaulsdragrace/images/2/25/JujubeeAS5CastMug.png"
"229","F11S05C03","Q230","F11S05","F11","Miz Cracker","New York City, New York","35","Runners-up","https://static.wikia.nocookie.net/logosrupaulsdragrace/images/d/da/MizCrackerAS5CastMug.png"
"230","F11S05C04","Q225","F11S05","F11","Blair St. Clair","Washington, D.C.","24","4th place","https://static.wikia.nocookie.net/logosrupaulsdragrace/images/4/4c/BlairStClairAS5CastMug.png"
"231","F11S05C05","Q121","F11S05","F11","Alexis Mateo","Las Vegas, Nevada","39","5th place","https://static.wikia.nocookie.net/logosrupaulsdragrace/images/1/1d/AlexisMateoAS5CastMug.png"
"232","F11S05C06","Q124","F11S05","F11","India Ferrah","Las Vegas, Nevada","33","6th place","https://static.wikia.nocookie.net/logosrupaulsdragrace/images/a/a9/IndiaFerrahAS5CastMug.png"
"233","F11S05C07","Q229","F11S05","F11","Mayhem Miller","Riverside, California","37","7th place","https://static.wikia.nocookie.net/logosrupaulsdragrace/images/3/34/MayhemMillerAS5CastMug.png"
"234","F11S05C08","Q287","F11S05","F11","Mariah Paris Balenciaga","Los Angeles, California","37","8th place","https://static.wikia.nocookie.net/logosrupaulsdragrace/images/d/df/MariahParisBalenciagaAS5CastMug.png"
"235","F11S05C09","Q104","F11S05","F11","Ongina","Los Angeles, California","37","9th place","https://static.wikia.nocookie.net/logosrupaulsdragrace/images/c/c9/OnginaAS5CastMug.png"
"236","F11S05C10","Q193","F11S05","F11","Derrick Barry","Las Vegas, Nevada","35","10th place","https://static.wikia.nocookie.net/logosrupaulsdragrace/images/2/29/DerrickBarryAS5CastMug.png"
"237","F11S06C01","Q355","F11S06","F11","Kylie Sonique Love","Los Angeles, California","37","Winner","https://static.wikia.nocookie.net/logosrupaulsdragrace/images/f/fe/KylieSoniqueLoveAS6CastMug.png"
"238","F11S06C02","Q203","F11S06","F11","Eureka!","Los Angeles, California","30","Runners-up","https://static.wikia.nocookie.net/logosrupaulsdragrace/images/7/76/EurekaAS6CastMug.png"
"239","F11S06C03","Q174","F11S06","F11","Ginger Minj","Orlando, Florida","35","Runners-up","https://static.wikia.nocookie.net/logosrupaulsdragrace/images/a/a2/GingerMinjAS6CastMug.png"
"240","F11S06C04","Q258","F11S06","F11","Ra'Jah O'Hara","Dallas, Texas","34","Runners-up","https://static.wikia.nocookie.net/logosrupaulsdragrace/images/c/c7/Ra%27JahO%27HaraAS6CastMug.png"
"241","F11S06C05","Q172","F11S06","F11","Trinity K. Bonet","Atlanta, Georgia","29","5th place","https://static.wikia.nocookie.net/logosrupaulsdragrace/images/c/cd/TrinityKBonetAS6CastMug.png"
"242","F11S06C06","Q114","F11S06","F11","Pandora Boxx","Los Angeles, California","48","6th place","https://static.wikia.nocookie.net/logosrupaulsdragrace/images/e/e4/PandoraBoxxAS6CastMug.png"
"243","F11S06C07","Q282","F11S06","F11","Jan","New York City, New York","27","7th place","https://static.wikia.nocookie.net/logosrupaulsdragrace/images/d/dc/JanAS6CastMug.png"
"244","F11S06C08","Q250","F11S06","F11","A'keria C. Davenport","Dallas, Texas","32","8th place","https://static.wikia.nocookie.net/logosrupaulsdragrace/images/c/c7/A%27keriaCDavenportAS6CastMug.png"
"245","F11S06C09","Q259","F11S06","F11","Scarlet Envy","New York City, New York","28","9th place","https://static.wikia.nocookie.net/logosrupaulsdragrace/images/4/43/ScarletEnvyAS6CastMug.png"
"246","F11S06C10","Q132","F11S06","F11","Yara Sofia","Las Vegas, Nevada","36","10th place","https://static.wikia.nocookie.net/logosrupaulsdragrace/images/8/8b/YaraSofiaAS6CastMug.png"
"247","F11S06C11","Q261","F11S06","F11","Silky Nutmeg Ganache","Los Angeles, California","29","11th place","https://static.wikia.nocookie.net/logosrupaulsdragrace/images/1/1d/SilkyNutmegGanacheAS6CastMug.png"
"248","F11S06C12","Q136","F11S06","F11","Jiggly Caliente","New York City, New York","39","12th place","https://static.wikia.nocookie.net/logosrupaulsdragrace/images/2/2b/JigglyCalienteAS6CastMug.png"
"249","F11S06C13","Q158","F11S06","F11","Serena ChaCha","Fort Lauderdale, Florida","29","13th place","https://static.wikia.nocookie.net/logosrupaulsdragrace/images/a/a0/SerenaChaChaAS6CastMug.png"
"250","F12S01C01","Q221","F12S01","F12","Natalia Pliacam","Bangkok","37","Winner","https://static.wikia.nocookie.net/logosrupaulsdragrace/images/4/40/NataliaPliacamDRT1CastMug.png"
"251","F12S01C02","Q214","F12S01","F12","Année Maywong","Bangkok","30","Runners-up","https://static.wikia.nocookie.net/logosrupaulsdragrace/images/8/83/Ann%C3%A9eMaywongDRT1CastMug.png"
"252","F12S01C03","Q217","F12S01","F12","Dearis Doll","Nakhon Pathom","30","Runners-up","https://static.wikia.nocookie.net/logosrupaulsdragrace/images/d/d9/DearisDollDRT1CastMug.png"
"253","F12S01C04","Q215","F12S01","F12","B Ella","Nakhon Ratchasima","30","4th place","https://static.wikia.nocookie.net/logosrupaulsdragrace/images/3/38/BEllaDRT1CastMug.png"
"254","F12S01C05","Q213","F12S01","F12","Amadiva","Bangkok","24","5th place","https://static.wikia.nocookie.net/logosrupaulsdragrace/images/2/2f/AmadivaDRT1CastMug.png"
"255","F12S01C06","Q218","F12S01","F12","JAJA","Philippines","34","5th place","https://static.wikia.nocookie.net/logosrupaulsdragrace/images/f/f4/JAJADRT1CastMug.png"
"256","F12S01C07","Q222","F12S01","F12","Petchra","Rayong","30","7th place","https://static.wikia.nocookie.net/logosrupaulsdragrace/images/9/9b/PetchraDRT1CastMug.png"
"257","F12S01C08","Q220","F12S01","F12","Morrigan","Bangkok","18","8th place","https://static.wikia.nocookie.net/logosrupaulsdragrace/images/7/7c/MorriganDRT1CastMug.png"
"258","F12S01C09","Q216","F12S01","F12","Bunny Be Fly","Nakhon Ratchasima","25","9th place","https://static.wikia.nocookie.net/logosrupaulsdragrace/images/2/2c/BunnyBeFlyDRT1CastMug.png"
"259","F12S01C10","Q219","F12S01","F12","Meannie Minaj","Phrae","26","10th place","https://static.wikia.nocookie.net/logosrupaulsdragrace/images/3/3f/MeannieMinajDRT1CastMug.png"
"260","F12S02C01","Q236","F12S02","F12","Angele Anang","Nakhon Ratchasima","24","Winner","https://static.wikia.nocookie.net/logosrupaulsdragrace/images/a/a9/AngeleAnangDRT2CastMug.png"
"261","F12S02C02","Q240","F12S02","F12","Kandy Zyanide","Chiang Mai","26","Runners-up","https://static.wikia.nocookie.net/logosrupaulsdragrace/images/8/88/KandyZyanideDRT2CastMug.png"
"262","F12S02C03","Q239","F12S02","F12","Kana Warrior","Nakhon Sawan","29","Runners-up","https://static.wikia.nocookie.net/logosrupaulsdragrace/images/7/79/KanaWarriorDRT2CastMug.png"
"263","F12S02C04","Q237","F12S02","F12","Bandit","Phrae","34","4th place","https://static.wikia.nocookie.net/logosrupaulsdragrace/images/9/98/BanditDRT2CastMug.png"
"264","F12S02C05","Q249","F12S02","F12","Vanda Miss Joaquim","Singapore","29","4th place","https://static.wikia.nocookie.net/logosrupaulsdragrace/images/d/d0/VandaMissJoaquimDRT2CastMug.png"
"265","F12S02C06","Q247","F12S02","F12","Srimala","Udon Thani","29","6th place","https://static.wikia.nocookie.net/logosrupaulsdragrace/images/b/b1/SrimalaDRT2CastMug.png"
"266","F12S02C07","Q248","F12S02","F12","Tormai","Nakhon Si Thammarat","28","7th place","https://static.wikia.nocookie.net/logosrupaulsdragrace/images/2/27/TormaiDRT2CastMug.png"
"267","F12S02C08","Q238","F12S02","F12","Genie","Hong Kong","30","8th place","https://static.wikia.nocookie.net/logosrupaulsdragrace/images/9/96/GenieDRT2CastMug.png"
"268","F12S02C09","Q244","F12S02","F12","Miss Gimhuay","Chonburi","24","9th place","https://static.wikia.nocookie.net/logosrupaulsdragrace/images/d/d3/MissGimhuayDRT2CastMug.png"
"269","F12S02C10","Q245","F12S02","F12","Mocha Diva","Hong Kong","30","10th place","https://static.wikia.nocookie.net/logosrupaulsdragrace/images/2/2b/MochaDivaDRT2CastMug.png"
"270","F12S02C11","Q243","F12S02","F12","Maya B'Haro","Phuket","33","11th place","https://static.wikia.nocookie.net/logosrupaulsdragrace/images/9/96/MayaB%27HaroDRT2CastMug.png"
"271","F12S02C12","Q241","F12S02","F12","Katy Killer","Bangkok","24","12th place","https://static.wikia.nocookie.net/logosrupaulsdragrace/images/d/d5/KatyKillerDRT2CastMug.png"
"272","F12S02C13","Q246","F12S02","F12","Silver Sonic","Khon Kaen","22","13th place","https://static.wikia.nocookie.net/logosrupaulsdragrace/images/7/70/SilverSonicDRT2CastMug.png"
"273","F12S02C14","Q242","F12S02","F12","M Stranger Fox","Bangkok","33","14th place","https://static.wikia.nocookie.net/logosrupaulsdragrace/images/7/78/MStrangerFoxDRT2CastMug.png"
"274","F13S01C01","Q272","F13S01","F13","The Vivienne","Liverpool, England","26","Winner","https://static.wikia.nocookie.net/logosrupaulsdragrace/images/9/92/TheVivienneDRUK1CastMug.jpg"
"275","F13S01C02","Q268","F13S01","F13","Divina de Campo","Brighouse, England","35","Runner-up","https://static.wikia.nocookie.net/logosrupaulsdragrace/images/e/e8/DivinaDeCampoDRUK1CastMug.jpg"
"276","F13S01C03","Q264","F13S01","F13","Baga Chipz","East London, England","29","3rd place","https://static.wikia.nocookie.net/logosrupaulsdragrace/images/a/a4/BagaChipzDRUK1CastMug.jpg"
"277","F13S01C04","Q266","F13S01","F13","Cheryl Hole","Chelmsford, England","25","4th place","https://static.wikia.nocookie.net/logosrupaulsdragrace/images/6/64/CherylHoleDRUK1CastMug.jpg"
"278","F13S01C05","Q265","F13S01","F13","Blu Hydrangea","Belfast, Northern Ireland","23","5th place","https://static.wikia.nocookie.net/logosrupaulsdragrace/images/8/81/BluHydrangeaDRUK1CastMug.jpg"
"279","F13S01C06","Q267","F13S01","F13","Crystal","East London, England","34","6th place","https://static.wikia.nocookie.net/logosrupaulsdragrace/images/1/1d/CrystalDRUK1CastMug.jpg"
"280","F13S01C07","Q271","F13S01","F13","Sum Ting Wong","Birmingham, England","30","7th place","https://static.wikia.nocookie.net/logosrupaulsdragrace/images/f/f1/SumTingWongDRUK1CastMug.jpg"
"281","F13S01C08","Q273","F13S01","F13","Vinegar Strokes","North London, England","34","8th place",""
"282","F13S01C09","Q270","F13S01","F13","Scaredy Kat","Cricklade, England","19","9th place","https://static.wikia.nocookie.net/logosrupaulsdragrace/images/2/26/ScaredyKatDRUK1CastMug.jpg"
"283","F13S01C10","Q269","F13S01","F13","Gothy Kendoll","Leicester, England","21","10th place","https://static.wikia.nocookie.net/logosrupaulsdragrace/images/b/b3/GothyKendollDRUK1CastMug.jpg"
"284","F13S02C01","Q330","F13S02","F13","Lawrence Chaney","Glasgow, Scotland","23","Winner","https://static.wikia.nocookie.net/logosrupaulsdragrace/images/1/15/LawrenceChaneyDRUK2CastMug.jpg"
"285","F13S02C02","Q325","F13S02","F13","Bimini Bon-Boulash","Great Yarmouth, England","26","Runners-up","https://static.wikia.nocookie.net/logosrupaulsdragrace/images/3/3c/BiminiBonBoulashDRUK2CastMug.jpg"
"286","F13S02C03","Q332","F13S02","F13","Tayce","Newport, Wales","25","Runners-up","https://static.wikia.nocookie.net/logosrupaulsdragrace/images/a/ab/TayceDRUK2CastMug.jpg"
"287","F13S02C04","Q327","F13S02","F13","Ellie Diamond","Dundee, Scotland","21","4th place","https://static.wikia.nocookie.net/logosrupaulsdragrace/images/3/33/EllieDiamondDRUK2CastMug.jpg"
"288","F13S02C05","Q323","F13S02","F13","A'Whora","Worksop, England","23","5th place","https://static.wikia.nocookie.net/logosrupaulsdragrace/images/2/21/A%27WhoraDRUK2CastMug.jpg"
"289","F13S02C06","Q331","F13S02","F13","Sister Sister","Liverpool, England","31","6th place","https://static.wikia.nocookie.net/logosrupaulsdragrace/images/6/63/SisterSisterDRUK2CastMug.jpg"
"290","F13S02C07","Q333","F13S02","F13","Tia Kofi","South London, England","30","7th place","https://static.wikia.nocookie.net/logosrupaulsdragrace/images/6/6e/TiaKofiDRUK2CastMug.jpg"
"291","F13S02C08","Q329","F13S02","F13","Joe Black","Brighton, England","30","8th place","https://static.wikia.nocookie.net/logosrupaulsdragrace/images/6/6b/JoeBlackDRUK2CastMug.jpg"
"292","F13S02C09","Q334","F13S02","F13","Veronica Green","Rochdale, England","34","9th place","https://static.wikia.nocookie.net/logosrupaulsdragrace/images/5/59/VeronicaGreenDRUK2CastMug.jpg"
"293","F13S02C10","Q328","F13S02","F13","Ginny Lemon","Worcester, England","31","10th place","https://static.wikia.nocookie.net/logosrupaulsdragrace/images/7/7e/GinnyLemonDRUK2CastMug.jpg"
"294","F13S02C11","Q324","F13S02","F13","Asttina Mandella","East London, England","27","11th place","https://static.wikia.nocookie.net/logosrupaulsdragrace/images/e/e1/AsttinaMandellaDRUK2CastMug.jpg"
"295","F13S02C12","Q326","F13S02","F13","Cherry Valentine","Darlington, England","26","12th place","https://static.wikia.nocookie.net/logosrupaulsdragrace/images/8/8e/CherryValentineDRUK2CastMug.jpg"
"296","F13S03C01","Q362","F13S03","F13","Krystal Versace","Royal Tunbridge Wells, Kent, England","19","Winner","https://static.wikia.nocookie.net/logosrupaulsdragrace/images/a/aa/KrystalVersaceDRUK3CastMug.jpg"
"297","F13S03C02","Q360","F13S03","F13","Ella Vaday","Dagenham, East London, England","32","Runners-up","https://static.wikia.nocookie.net/logosrupaulsdragrace/images/b/b2/EllaVadayDRUK3CastMug.jpg"
"298","F13S03C03","Q361","F13S03","F13","Kitty Scott-Claus","Birmingham, West Midlands, England","29","Runners-up","https://static.wikia.nocookie.net/logosrupaulsdragrace/images/c/c0/KittyScottClausDRUK3CastMug.jpg"
"299","F13S03C04","Q365","F13S03","F13","Vanity Milan","South London, England","29","4th place","https://static.wikia.nocookie.net/logosrupaulsdragrace/images/2/22/VanityMilanDRUK3CastMug.jpg"
"300","F13S03C05","Q364","F13S03","F13","Scarlett Harlett","East London, England","26","5th place","https://static.wikia.nocookie.net/logosrupaulsdragrace/images/6/64/ScarlettHarlettDRUK3CastMug.jpg"
"301","F13S03C06","Q358","F13S03","F13","Choriza May","Newcastle upon Tyne, Tyne and Wear, England","30","6th place","https://static.wikia.nocookie.net/logosrupaulsdragrace/images/e/e8/ChorizaMayDRUK3CastMug.jpg"
"302","F13S03C07","Q363","F13S03","F13","River Medway","Medway, Kent, England","22","6th place","https://static.wikia.nocookie.net/logosrupaulsdragrace/images/1/1d/RiverMedwayDRUK3CastMug.jpg"
"303","F13S03C08","Q357","F13S03","F13","Charity Kase","Rufford, Lancashire, England","24","8th place","https://static.wikia.nocookie.net/logosrupaulsdragrace/images/4/4a/CharityKaseDRUK3CastMug.jpg"
"304","F13S03C09","Q334","F13S03","F13","Veronica Green","Rochdale, Lancashire, England","35","9th place","https://static.wikia.nocookie.net/logosrupaulsdragrace/images/a/ab/VeronicaGreenDRUK3CastMug.jpg"
"305","F13S03C10","Q366","F13S03","F13","Victoria Scone","Cardiff, Wales","27","10th place","https://static.wikia.nocookie.net/logosrupaulsdragrace/images/3/3d/VictoriaSconeDRUK3CastMug.jpg"
"306","F13S03C11","Q359","F13S03","F13","Elektra Fence","Burnley, Lancashire, England","29","11th place","https://static.wikia.nocookie.net/logosrupaulsdragrace/images/4/41/ElektraFenceDRUK3CastMug.jpg"
"307","F13S03C12","Q356","F13S03","F13","Anubis","Brighton, East Sussex, England","19","12th place","https://static.wikia.nocookie.net/logosrupaulsdragrace/images/6/61/AnubisDRUK3CastMug.jpg"
"308","F14S01C01","Q296","F14S01","F14","Priyanka","Toronto, Ontario","28","Winner","https://static.wikia.nocookie.net/logosrupaulsdragrace/images/a/a6/PriyankaCDR1CastMug.jpeg"
"309","F14S01C02","Q297","F14S01","F14","Rita Baga","Montreal, Quebec","32","Runners-up","https://static.wikia.nocookie.net/logosrupaulsdragrace/images/f/fc/RitaBagaCDR1CastMug.jpeg"
"310","F14S01C03","Q298","F14S01","F14","Scarlett BoBo","Toronto, Ontario","29","Runners-up","https://static.wikia.nocookie.net/logosrupaulsdragrace/images/1/1a/ScarlettBoBoCDR1CastMug.jpeg"
"311","F14S01C04","Q291","F14S01","F14","Jimbo","Victoria, British Columbia","36","4th place","https://static.wikia.nocookie.net/logosrupaulsdragrace/images/a/a3/JimboCDR1CastMug.jpg"
"312","F14S01C05","Q295","F14S01","F14","Lemon","New York City, New York, United States","23","5th place","https://static.wikia.nocookie.net/logosrupaulsdragrace/images/a/ab/LemonCDR1CastMug.jpg"
"313","F14S01C06","Q290","F14S01","F14","Ilona Verley","Vancouver, British Columbia","24","6th place","https://static.wikia.nocookie.net/logosrupaulsdragrace/images/6/6b/IlonaVerleyCDR1CastMug.jpg"
"314","F14S01C07","Q289","F14S01","F14","BOA","Windsor, Ontario","24","7th place","https://static.wikia.nocookie.net/logosrupaulsdragrace/images/0/06/BOACDR1CastMug.jpeg"
"315","F14S01C08","Q293","F14S01","F14","Kiara","Montreal, Quebec","22","8th place","https://static.wikia.nocookie.net/logosrupaulsdragrace/images/8/87/KiaraCDR1CastMug.jpg"
"316","F14S01C09","Q299","F14S01","F14","Tynomi Banks","Toronto, Ontario","38","9th place","https://static.wikia.nocookie.net/logosrupaulsdragrace/images/c/c6/TynomiBanksCDR1CastMug.jpeg"
"317","F14S01C10","Q288","F14S01","F14","Anastarzia Anaquway","East York, Ontario","37","10th place","https://static.wikia.nocookie.net/logosrupaulsdragrace/images/d/dc/AnastarziaAnaquwayCDR1CastMug.jpg"
"318","F14S01C11","Q294","F14S01","F14","Kyne","Kitchener-Waterloo, Ontario","21","11th place","https://static.wikia.nocookie.net/logosrupaulsdragrace/images/9/9a/KyneCDR1CastMug.jpg"
"319","F14S01C12","Q292","F14S01","F14","Juice Boxx","Essex, Ontario","31","12th place","https://static.wikia.nocookie.net/logosrupaulsdragrace/images/a/a7/JuiceBoxxCDR1CastMug.jpg"
"320","F15S01C01","Q301","F15S01","F15","Envy Peru","Amsterdam, North Holland","31","Winner","https://static.wikia.nocookie.net/logosrupaulsdragrace/images/8/8c/EnvyPeruDRH1CastMug.jpg"
"321","F15S01C02","Q302","F15S01","F15","Janey Jacké","Volendam, North Holland","28","Runner-up","https://static.wikia.nocookie.net/logosrupaulsdragrace/images/0/05/JaneyJack%C3%A9DRH1CastMug.jpg"
"322","F15S01C03","Q303","F15S01","F15","Ma'Ma Queen","Rotterdam, South Holland","30","3rd place","https://static.wikia.nocookie.net/logosrupaulsdragrace/images/9/9e/Ma%27MaQueenDRH1CastMug.jpg"
"323","F15S01C04","Q306","F15S01","F15","Miss Abby OMG","Breda, North Brabant","25","3rd place","https://static.wikia.nocookie.net/logosrupaulsdragrace/images/f/f7/MissAbbyOMGDRH1CastMug.jpg"
"324","F15S01C05","Q300","F15S01","F15","Chelsea Boy","Amsterdam, North Holland","26","5th place","https://static.wikia.nocookie.net/logosrupaulsdragrace/images/0/04/ChelseaBoyDRH1CastMug.jpg"
"325","F15S01C06","Q309","F15S01","F15","Sederginne","Antwerp, Flanders, Belgium","26","6th place","https://static.wikia.nocookie.net/logosrupaulsdragrace/images/d/d8/SederginneDRH1CastMug.jpg"
"326","F15S01C07","Q304","F15S01","F15","Madame Madness","Amsterdam, North Holland","23","7th place","https://static.wikia.nocookie.net/logosrupaulsdragrace/images/3/38/MadameMadnessDRH1CastMug.jpg"
"327","F15S01C08","Q305","F15S01","F15","Megan Schoonbrood","Rotterdam, South Holland","30","8th place","https://static.wikia.nocookie.net/logosrupaulsdragrace/images/2/23/MeganSchoonbroodDRH1CastMug.jpg"
"328","F15S01C09","Q307","F15S01","F15","Patty Pam-Pam","Amsterdam, North Holland","34","9th place","https://static.wikia.nocookie.net/logosrupaulsdragrace/images/c/cf/PattyPam-PamDRH1CastMug.jpg"
"329","F15S01C10","Q308","F15S01","F15","Roem","Urk, Flevoland","21","10th Place","https://static.wikia.nocookie.net/logosrupaulsdragrace/images/9/9c/RoemDRH1CastMug.jpg"
"330","F16S01C01","Q342","F16S01","F16","Kita Mean","Auckland, New Zealand","34","Winner","https://static.wikia.nocookie.net/logosrupaulsdragrace/images/6/69/KitaMeanDRDU1CastMug.jpg"
"331","F16S01C02","Q336","F16S01","F16","Art Simone","Melbourne, Australia","28","Runners-up","https://static.wikia.nocookie.net/logosrupaulsdragrace/images/1/1b/ArtSimoneDRDU1CastMug.jpg"
"332","F16S01C03","Q341","F16S01","F16","Karen from Finance","Melbourne, Australia","32","Runners-up","https://static.wikia.nocookie.net/logosrupaulsdragrace/images/8/86/KarenFromFinanceDRDU1CastMug.jpg"
"333","F16S01C04","Q344","F16S01","F16","Scarlet Adams","Perth, Australia","27","Runners-up","https://static.wikia.nocookie.net/logosrupaulsdragrace/images/e/ec/ScarletAdamsDRDU1CastMug.jpg"
"334","F16S01C05","Q338","F16S01","F16","Elektra Shock","Auckland, New Zealand","28","5th place","https://static.wikia.nocookie.net/logosrupaulsdragrace/images/7/7c/ElektraShockDRDU1CastMug.jpg"
"335","F16S01C06","Q343","F16S01","F16","Maxi Shield","Ballina, Australia","46","6th place","https://static.wikia.nocookie.net/logosrupaulsdragrace/images/e/e9/MaxiShieldDRDU1CastMug.jpg"
"336","F16S01C07","Q339","F16S01","F16","Etcetera Etcetera","Canberra, Australia","22","7th place","https://static.wikia.nocookie.net/logosrupaulsdragrace/images/9/9e/EtceteraEtceteraDRDU1CastMug.jpg"
"337","F16S01C08","Q335","F16S01","F16","Anita Wigl'it","Leigh, New Zealand","31","8th place","https://static.wikia.nocookie.net/logosrupaulsdragrace/images/6/6b/AnitaWigl%27itDRDU1CastMug.jpg"
"338","F16S01C09","Q337","F16S01","F16","Coco Jumbo","Coffs Harbour, Australia","29","9th place","https://static.wikia.nocookie.net/logosrupaulsdragrace/images/a/a1/CocoJumboDRDU1CastMug.jpg"
"339","F16S01C10","Q340","F16S01","F16","Jojo Zaho","Newcastle, Australia","30","10th place","https://static.wikia.nocookie.net/logosrupaulsdragrace/images/a/a7/JojoZahoDRDU1CastMug.jpg"
"340","F17S01C01","Q346","F17S01","F17","Carmen Farala","Seville, Andalusia","31","Winner","https://static.wikia.nocookie.net/logosrupaulsdragrace/images/f/f2/CarmenFaralaDRE1CastMug.jpeg"
"341","F17S01C02","Q351","F17S01","F17","Killer Queen","Madrid, Community of Madrid","31","Runners-up","https://static.wikia.nocookie.net/logosrupaulsdragrace/images/8/86/KillerQueenDRE1CastMug.jpeg"
"342","F17S01C03","Q353","F17S01","F17","Sagittaria","Barcelona, Catalonia","22","Runners-up","https://static.wikia.nocookie.net/logosrupaulsdragrace/images/6/60/SagittariaDRE1CastMug.jpeg"
"343","F17S01C04","Q352","F17S01","F17","Pupi Poisson","Madrid, Community of Madrid","38","4th place","https://static.wikia.nocookie.net/logosrupaulsdragrace/images/3/33/PupiPoissonDRE1CastMug.jpeg"
"344","F17S01C05","Q347","F17S01","F17","Dovima Nurmi","Barcelona, Catalonia","24","5th place","https://static.wikia.nocookie.net/logosrupaulsdragrace/images/6/60/DovimaNurmiDRE1CastMug.jpeg"
"345","F17S01C06","Q349","F17S01","F17","Hugáceo Crujiente","Valencia, Valencian Community","25","6th place","https://static.wikia.nocookie.net/logosrupaulsdragrace/images/8/88/Hug%C3%A1ceoCrujienteDRE1CastMug.jpeg"
"346","F17S01C07","Q345","F17S01","F17","Arantxa Castilla La Mancha","Badajoz, Extremadura","23","7th place","https://static.wikia.nocookie.net/logosrupaulsdragrace/images/a/a6/ArantxaCastillaLaManchaDRE1CastMug.jpeg"
"347","F17S01C08","Q350","F17S01","F17","Inti","La Paz, Bolivia","20","8th place","https://static.wikia.nocookie.net/logosrupaulsdragrace/images/3/33/IntiDRE1CastMug.jpeg"
"348","F17S01C09","Q348","F17S01","F17","Drag Vulcano","Las Palmas, Canary Islands","30","9th place","https://static.wikia.nocookie.net/logosrupaulsdragrace/images/8/8a/DragVulcanoDRE1CastMug.jpeg"
"349","F17S01C10","Q354","F17S01","F17","The Macarena","San Fernando, Andalusia","29","10th place","https://static.wikia.nocookie.net/logosrupaulsdragrace/images/7/7b/TheMacarenaDRE1CastMug.jpeg"
"350","F17S02C01","Q399","F17S02","F17","Sharonne","Barcelona, Catalonia","45","Winner","https://static.wikia.nocookie.net/logosrupaulsdragrace/images/c/ca/SharonneDRE2CastMug.jpg"
"351","F17S02C02","Q392","F17S02","F17","Estrella Xtravaganza","Jerez de la Frontera, Andalusia","25","Runners-up","https://static.wikia.nocookie.net/logosrupaulsdragrace/images/9/90/EstrellaXtravaganzaDRE2CastMug.jpg"
"352","F17S02C03","Q400","F17S02","F17","Venedita Von Däsh","Elche, Valencian Community","30","Runners-up","https://static.wikia.nocookie.net/logosrupaulsdragrace/images/8/83/VeneditaVonD%C3%A4shDRE2CastMug.jpg"
"353","F17S02C04","Q395","F17S02","F17","Marina","Barcelona, Catalonia","34","4th place","https://static.wikia.nocookie.net/logosrupaulsdragrace/images/e/ee/MarinaDRE2CastMug.jpg"
"354","F17S02C05","Q394","F17S02","F17","Juriji Der Klee","Brussels, Belgium","31","5th place","https://static.wikia.nocookie.net/logosrupaulsdragrace/images/3/38/JurijiDerKleeDRE2CastMug.jpg"
"355","F17S02C06","Q391","F17S02","F17","Drag Sethlas","Las Palmas, Canary Islands","30","6th place","https://static.wikia.nocookie.net/logosrupaulsdragrace/images/9/94/DragSethlasDRE2CastMug.jpg"
"356","F17S02C07","Q390","F17S02","F17","Diamante Merybrown","Santiago de los Caballeros, Dominican Republic","25","7th place","https://static.wikia.nocookie.net/logosrupaulsdragrace/images/0/01/DiamanteMerybrownDRE2CastMug.jpg"
"357","F17S02C08","Q397","F17S02","F17","Onyx","Madrid, Community of Madrid","33","8th place","https://static.wikia.nocookie.net/logosrupaulsdragrace/images/5/55/OnyxDRE2CastMug.jpg"
"358","F17S02C09","Q393","F17S02","F17","Jota Carajota","Jerez de la Frontera, Andalusia","18","9th place","https://static.wikia.nocookie.net/logosrupaulsdragrace/images/c/cb/JotaCarajotaDRE2CastMug.jpg"
"359","F17S02C10","Q398","F17S02","F17","Samantha Ballentines","San Fernando, Andalusia","35","10th place","https://static.wikia.nocookie.net/logosrupaulsdragrace/images/4/44/SamanthaBallentinesDRE2CastMug.jpg"
"360","F17S02C11","Q389","F17S02","F17","Ariel Rec","Madrid, Community of Madrid","33","11th Place","https://static.wikia.nocookie.net/logosrupaulsdragrace/images/d/d5/ArielRecDRE2CastMug.jpg"
"361","F17S02C12","Q396","F17S02","F17","Marisa Prisa","Lugo, Galicia","28","12th place","https://static.wikia.nocookie.net/logosrupaulsdragrace/images/3/3c/MarisaPrisaDRE2CastMug.jpg"
"362","F18S01C01","Q369","F18S01","F18","Elecktra Bionic","Turin, Piedmont","27","Winner","https://static.wikia.nocookie.net/logosrupaulsdragrace/images/5/5a/ElecktraBionicDRI1CastMug.jpg"
"363","F18S01C02","Q371","F18S01","F18","Farida Kant","Lecce, Apulia","33","Runners-up","https://static.wikia.nocookie.net/logosrupaulsdragrace/images/f/fb/FaridaKantDRI1CastMug.jpg"
"364","F18S01C03","Q373","F18S01","F18","Le Riche","Palermo, Sicily","35","Runners-up","https://static.wikia.nocookie.net/logosrupaulsdragrace/images/8/88/LeRicheDRI1CastMug.jpg"
"365","F18S01C04","Q374","F18S01","F18","Luquisha Lubamba","Bologna, Emilia-Romagna","33","4th place","https://static.wikia.nocookie.net/logosrupaulsdragrace/images/9/98/LuquishaLubambaDRI1CastMug.jpg"
"366","F18S01C05","Q367","F18S01","F18","Ava Hangar","Carbonia, Sardinia","36","5th place","https://static.wikia.nocookie.net/logosrupaulsdragrace/images/0/0a/AvaHangarDRI1CastMug.jpg"
"367","F18S01C06","Q368","F18S01","F18","Divinity","Naples, Campania","27","6th place","https://static.wikia.nocookie.net/logosrupaulsdragrace/images/7/78/DivinityDRI1CastMug.jpg"
"368","F18S01C07","Q370","F18S01","F18","Enorma Jean","Milan, Lombardy","46","7th place","https://static.wikia.nocookie.net/logosrupaulsdragrace/images/8/86/EnormaJeanDRI1CastMug.jpg"
"369","F18S01C08","Q372","F18S01","F18","Ivana Vamp","Arezzo, Tuscany","32","8th place","https://static.wikia.nocookie.net/logosrupaulsdragrace/images/f/f7/IvanaVampDRI1CastMug.jpg"
