"song_id","song","artist","spotify_track_id","spotify_artist_id","spotify_song","spotify_artist","album","track_url","danceability","energy","key","loudness","mode","speechiness","acousticness","instrumentalness","liveness","valence","tempo","duration_ms","time_signature"
"S100","Supermodel (You Better Work)","RuPaul","36Rpz4MZQhGknLEmTmHr8v","2SdOKxC1sSxEyv8JYERaNe","Supermodel (You Better Work)","RuPaul","Supermodel of the World","https://open.spotify.com/track/36Rpz4MZQhGknLEmTmHr8v",0.792,0.562,7,-11.379,1,0.0929,0.0152,7.53e-05,0.428,0.592,126.221,239933,4
"S101","We Break the Dawn","Michelle Williams","01drW5lmrI1SWrSkDzivsj","6t7nbFAc2dUa7oNu7kBOui","We Break the Dawn","Michelle Williams","We Break the Dawn","https://open.spotify.com/track/01drW5lmrI1SWrSkDzivsj",0.708,0.635,4,-5.304,0,0.0389,0.0324,0.000495,0.109,0.387,110.978,236147,4
"S102","The Greatest Love of All","Whitney Houston","3yOzDXX8cTz25jid6uKTFD","6XpaIBNiVzIetEPCWDvAFP","Greatest Love of All","Whitney Houston","Whitney Houston (The Deluxe Anniversary Edition)","https://open.spotify.com/track/3yOzDXX8cTz25jid6uKTFD",0.534,0.399,9,-10.45,1,0.0324,0.682,0,0.172,0.29,130.961,296600,4
"S103","Would I Lie to You?","Eurythmics","1lJZSsMoWEbrgaY6CxPMf8","0NKDgy9j66h3DLnN8qu1bB","Would I Lie to You? - Remastered Version","Eurythmics","Be Yourself Tonight","https://open.spotify.com/track/1lJZSsMoWEbrgaY6CxPMf8",0.613,0.912,2,-4.638,1,0.0328,0.0378,3.65e-05,0.52,0.733,131.968,268240,4
"S104","Stronger","Britney Spears","5QhBKPqsnX1uY9fZNaAtZg","26dSoYclwsYLMAKD3tpOr4","Stronger","Britney Spears","Oops!... I Did It Again","https://open.spotify.com/track/5QhBKPqsnX1uY9fZNaAtZg",0.707,0.923,11,-3.957,1,0.0521,0.128,0.000437,0.273,0.842,108.049,203000,4
"S105","Shackles (Praise You)","Mary Mary","7JKEA8xYDoFp4q0QBW2PGg","12Kgt2eahvxNWhD5PnSUde","Shackles (Praise You)","Mary Mary","Go Get It","https://open.spotify.com/track/7JKEA8xYDoFp4q0QBW2PGg",0.779,0.834,7,-2.773,1,0.162,0.0343,0,0.0886,0.8,100.46,198347,4
"S106","Cover Girl (Put the Bass in Your Walk)","RuPaul","7jman10UPhzhtOOqZLjSsh","2SdOKxC1sSxEyv8JYERaNe","Cover Girl","RuPaul","Champion","https://open.spotify.com/track/7jman10UPhzhtOOqZLjSsh",0.918,0.746,6,-4.779,0,0.0851,0.00334,2.86e-05,0.0959,0.717,127.995,178627,4
"S115","Jealous of My Boogie (Gomi and RasJek Edit)","RuPaul","1nw1pEmUmAug0UviCn9KHO","2SdOKxC1sSxEyv8JYERaNe","Jealous of My Boogie - Gomi & RasJek Edit","RuPaul","Jealous Of My Boogie - The RuMixes","https://open.spotify.com/track/1nw1pEmUmAug0UviCn9KHO",0.709,0.789,2,-5.21,0,0.0434,0.303,0,0.347,0.754,122.969,214493,4
"S107","My Lovin' (You're Never Gonna Get It)","En Vogue","3R97rNX7JnmshCWBwOSFet","5fikk4h5qbEebqK2Fc6e48","My Lovin' (You're Never Gonna Get It)","En Vogue","Funky Divas","https://open.spotify.com/track/3R97rNX7JnmshCWBwOSFet",0.767,0.839,8,-5.519,1,0.0613,0.0318,9.31e-06,0.111,0.461,98.055,281613,4
"S108","I Hear You Knocking","Wynonna Judd","1LFvcyg3bpq7AffqwuZ13K","4yiXkMbxDIZ3jgEG89NSC1","I Hear You Knocking","Wynonna","Sing - Chapter 1","https://open.spotify.com/track/1LFvcyg3bpq7AffqwuZ13K",0.685,0.933,9,-3.935,1,0.0472,0.0558,8.04e-06,0.276,0.562,108.047,175600,4
"S109","Two of Hearts","Stacey Q","2dURQIBrw3XcHyVZlfdpC1","3q8tRS0hCMVCylgKAoA0ya","Two of Hearts","Stacey Q","Better Than Heaven","https://open.spotify.com/track/2dURQIBrw3XcHyVZlfdpC1",0.852,0.523,5,-6.716,0,0.032,0.0833,0,0.106,0.65,130.154,237533,4
"S110","Carry On","Martha Wash","3Cg0TgAFloolCYYtAkyyYa","7htVGwGw3uAa7Axft4MTnx","Carry On","Martha Wash","Martha Wash","https://open.spotify.com/track/3Cg0TgAFloolCYYtAkyyYa",0.729,0.753,7,-7.762,1,0.064,0.0672,0.0145,0.0668,0.468,118.874,256333,4
"S111","Black Velvet","Alannah Myles","1KU5EHSz04JhGg3rReGJ0N","6IYnSXO40Bh7Zdqhf6rQoj","Black Velvet","Alannah Myles","Alannah Myles","https://open.spotify.com/track/1KU5EHSz04JhGg3rReGJ0N",0.754,0.366,8,-10.07,1,0.0312,0.273,9.04e-05,0.106,0.469,91.147,287440,4
"S112","He's the Greatest Dancer","Sister Sledge","5WwRKYnVy9dekqXAGPbAvU","6gkWznnJkdkwRPVcmnrays","He's the Greatest Dancer - 1995 Remaster","Sister Sledge","We Are Family (1995 Remaster)","https://open.spotify.com/track/5WwRKYnVy9dekqXAGPbAvU",0.7,0.816,7,-9.711,0,0.044,0.00115,0.00123,0.0901,0.838,113.244,375400,4
"S113","Shake Your Love","Debbie Gibson","6gM3uxq9TPkms83bTSlK10","18jZvCsW1PJ4FDQ5gEXuKp","Shake Your Love","Debbie Gibson","Out Of The Blue","https://open.spotify.com/track/6gM3uxq9TPkms83bTSlK10",0.784,0.746,11,-10.681,0,0.0477,0.405,0,0.0568,0.83,120.55,222933,4
"S114","Something He Can Feel","Aretha Franklin","4IOtu2nO8Us3kPtEZmUr0k","7nwUJBm0HE4ZxD3f5cy5ok","Something He Can Feel","Aretha Franklin","Sparkle","https://open.spotify.com/track/4IOtu2nO8Us3kPtEZmUr0k",0.613,0.393,0,-13.305,1,0.0442,0.224,0,0.45,0.64,107.72,381827,3
"S124","Believe","Cher","2goLsvvODILDzeeiT4dAoR","72OaDtakiy6yFqkt4TsiFt","Believe","Cher","Believe","https://open.spotify.com/track/2goLsvvODILDzeeiT4dAoR",0.652,0.917,6,-6.72,1,0.0548,0.0082,0,0.0509,0.459,132.975,239027,4
"S125","Even Angels","Fantasia","0g5HMIpIO92FFVSxsD8RqB","7xAcVHPiirnUqfdqo0USb1","Even Angels","Fantasia","Back To Me","https://open.spotify.com/track/0g5HMIpIO92FFVSxsD8RqB",0.611,0.584,1,-7.629,1,0.0609,0.0256,1.2e-06,0.112,0.32,79.913,232640,4
"S126","Straight Up","Paula Abdul","5xl5582IihbEZAnfj0xyso","4PpmBoqphQusNFsxuVKb6j","Straight Up","Paula Abdul","Forever Your Girl","https://open.spotify.com/track/5xl5582IihbEZAnfj0xyso",0.769,0.826,7,-8.252,1,0.0624,0.267,0.0177,0.0638,0.762,95.862,250032,4
"S127","I Think About You","Patti LaBelle","4doSpsX1xxbf55TMA85I3G","0ty0xha1dbprYIUAQufkFn","I Think About You","Patti LaBelle","Patti Labelle (Expanded Edition)","https://open.spotify.com/track/4doSpsX1xxbf55TMA85I3G",0.472,0.779,0,-6.907,1,0.132,0.031,2e-04,0.0855,0.755,115.733,269707,4
"S128","Champion (DJ BunJoe's Olympic Mix)","RuPaul","4OqiUe0PIAYoEj3cWTNRnJ","2SdOKxC1sSxEyv8JYERaNe","Champion - DJ BunJoe's Olympic Mix","RuPaul","Drag Race","https://open.spotify.com/track/4OqiUe0PIAYoEj3cWTNRnJ",0.706,0.83,1,-5.15,0,0.0469,0.00481,0,0.0457,0.726,130.016,221773,4
"S116","The Right Stuff","Vanessa Williams","4XOq7frultDFgx4l3wuRPc","75L9s8KVrhCNtBUkZFnDFW","The Right Stuff","Vanessa Williams","The Right Stuff","https://open.spotify.com/track/4XOq7frultDFgx4l3wuRPc",0.8,0.66,11,-11.164,0,0.0568,0.0637,0.0105,0.0352,0.576,112.592,267173,4
"S117","Bad Romance","Lady Gaga","0SiywuOBRcynK0uKGWdCnn","1HY2Jd0NmPuamShAr6KMms","Bad Romance","Lady Gaga","The Fame Monster (Deluxe Edition)","https://open.spotify.com/track/0SiywuOBRcynK0uKGWdCnn",0.696,0.921,0,-3.755,1,0.0363,0.00314,5.24e-05,0.0842,0.714,119.001,294573,4
"S118","Don't Leave Me This Way","Thelma Houston","2rBBhFXtuMoGuwYTSDpAdF","3sgUnR8TF35euWEV07RPyO","Don't Leave Me This Way","Thelma Houston","The Best Of","https://open.spotify.com/track/2rBBhFXtuMoGuwYTSDpAdF",0.553,0.839,0,-5.844,0,0.116,0.153,6e-05,0.13,0.673,121.819,217733,4
"S119","Meeting in the Ladies Room","Klymaxx","7mL0DJOgIJ9Z4b0NHVtTZe","2wh5Qu35PjDbJBqAv65RGa","Meeting In The Ladies Room","Klymaxx","Meeting In The Ladies Room","https://open.spotify.com/track/7mL0DJOgIJ9Z4b0NHVtTZe",0.822,0.64,11,-14.306,0,0.0579,0.0943,0.551,0.0534,0.965,127.972,316373,4
"S120","Looking for a New Love","Jody Watley","7BeV8s7R68eqPelMmvp5tu","71aKjsWKYqASAffyIQaocZ","Looking For A New Love - Radio Edit","Jody Watley","20th Century Masters: The Millennium Collection: Best Of Jody Watley","https://open.spotify.com/track/7BeV8s7R68eqPelMmvp5tu",0.905,0.604,4,-7.433,0,0.0413,0.149,9.24e-05,0.0523,0.899,109.196,242400,4
"S121","Knock on Wood","Amii Stewart","6120uJUyg6QDzaAJUosTx5","7GPNaPWw3STF8NYp39pd8G","Knock On Wood","Amii Stewart","Greatest Hits","https://open.spotify.com/track/6120uJUyg6QDzaAJUosTx5",0.689,0.805,2,-11.199,1,0.0429,0.0019,8.23e-05,0.0683,0.914,140.791,250520,4
"S122","MacArthur Park","Donna Summer","42tYHqMxXxXHAAWqLaoOfQ","2eogQKWWoohI3BSnoG7E2U","MacArthur Park - Single Version","Donna Summer","On The Radio: Greatest Hits Volumes I & II","https://open.spotify.com/track/42tYHqMxXxXHAAWqLaoOfQ",0.579,0.667,4,-12.361,0,0.04,0.0829,0.000605,0.0547,0.449,131.022,235200,4
"S123","Mickey (Spanish version)","Toni Basil",NA,NA,NA,NA,NA,NA,NA,NA,NA,NA,NA,NA,NA,NA,NA,NA,NA,NA,NA
"S129","Toxic","Britney Spears","6I9VzXrHxO9rA9A5euc8Ak","26dSoYclwsYLMAKD3tpOr4","Toxic","Britney Spears","In The Zone","https://open.spotify.com/track/6I9VzXrHxO9rA9A5euc8Ak",0.774,0.838,5,-3.914,0,0.114,0.0249,0.025,0.242,0.924,143.04,198800,4
"S138","(You Make Me Feel Like) A Natural Woman","Aretha Franklin","5K09WxKdlkroDyEVyOSySy","7nwUJBm0HE4ZxD3f5cy5ok","(You Make Me Feel Like) A Natural Woman","Aretha Franklin","Lady Soul (With Bonus Selections)","https://open.spotify.com/track/5K09WxKdlkroDyEVyOSySy",0.603,0.271,5,-10.083,1,0.0284,0.679,0,0.141,0.405,110.89,165333,3
"S139","No One Else on Earth","Wynonna Judd","52PGtJuGEFNVOnRdLac1Av","4yiXkMbxDIZ3jgEG89NSC1","No One Else On Earth","Wynonna","Collection","https://open.spotify.com/track/52PGtJuGEFNVOnRdLac1Av",0.775,0.861,0,-7.119,1,0.0295,0.188,4.2e-06,0.199,0.964,98.649,255400,4
"S140","Glamazon","RuPaul","5CWWW4y4Px1dZcLwgzsgoD","2SdOKxC1sSxEyv8JYERaNe","Glamazon","RuPaul","Glamazon","https://open.spotify.com/track/5CWWW4y4Px1dZcLwgzsgoD",0.805,0.595,9,-4.776,0,0.0457,0.00214,0,0.0824,0.845,123.014,218733,4
"S130","Bad Girls","Donna Summer","1ibRqifchaAfeNdQGpbRVW","2eogQKWWoohI3BSnoG7E2U","Bad Girls","Donna Summer","Bad Girls","https://open.spotify.com/track/1ibRqifchaAfeNdQGpbRVW",0.857,0.7,2,-14.506,0,0.0358,0.00387,0.0164,0.411,0.973,120.529,295107,4
"S131","This Will Be","Natalie Cole","0PDCewmZCp0P5s00bptcdd","5tTsrGPwQRWUsHR2Xf7Ke9","This Will Be (An Everlasting Love)","Natalie Cole","Inseparable","https://open.spotify.com/track/0PDCewmZCp0P5s00bptcdd",0.685,0.623,8,-11.146,1,0.042,0.228,0.00234,0.0295,0.896,126.739,171960,4
"S132","Trouble","Pink","0qrGSKtrEj7PJAGVBFE9vG","1KCSPY1glIKqW2TotWuXOR","Trouble","P!nk","Try This","https://open.spotify.com/track/0qrGSKtrEj7PJAGVBFE9vG",0.572,0.933,7,-2.705,1,0.05,0.00825,0,0.244,0.848,135.56,193600,4
"S133","Vogue","Madonna","27QvYgBk0CHOVHthWnkuWt","6tbjWDEIzxoDsBA1FuhfPW","Vogue","Madonna","Celebration (double disc version)","https://open.spotify.com/track/27QvYgBk0CHOVHthWnkuWt",0.737,0.88,6,-6.449,1,0.0433,0.00379,0.00351,0.417,0.329,115.998,316813,4
"S134","Born This Way","Lady Gaga","6r2BECwMgEoRb5yLfp0Hca","1HY2Jd0NmPuamShAr6KMms","Born This Way","Lady Gaga","Born This Way (Special Edition)","https://open.spotify.com/track/6r2BECwMgEoRb5yLfp0Hca",0.587,0.828,11,-5.108,1,0.161,0.00327,0,0.331,0.494,123.907,260253,4
"S135","Mi Vida Loca (My Crazy Life)","Pam Tillis","10XPQ01LMDmvwDdOsVlPc1","1SX44N5qjWuFcCK8WTO0c6","Mi Vida Loca (My Crazy Life)","Pam Tillis","Pam Tillis","https://open.spotify.com/track/10XPQ01LMDmvwDdOsVlPc1",0.466,0.662,9,-11.254,1,0.0592,0.041,0.00864,0.331,0.543,180.091,212360,4
"S136","It's Raining Men... The Sequel","Martha Wash ft. RuPaul",NA,NA,NA,NA,NA,NA,NA,NA,NA,NA,NA,NA,NA,NA,NA,NA,NA,NA,NA
"S137","I've Got to Use My Imagination","Gladys Knight & The Pips","5r3q5qzU1LoxfORgwuvLCa","0TF2NxkJZPQoX1H53rEFM1","I've Got to Use My Imagination","Gladys Knight & The Pips","Imagination (Expanded Edition)","https://open.spotify.com/track/5r3q5qzU1LoxfORgwuvLCa",0.933,0.758,9,-12.105,0,0.0397,0.275,0.0531,0.073,0.968,121.126,210480,4
"S147","Party in the U.S.A.","Miley Cyrus","5Q0Nhxo0l2bP3pNjpGJwV1","5YGY8feqx7naU7z4HrwZM6","Party In The U.S.A.","Miley Cyrus","The Time Of Our Lives","https://open.spotify.com/track/5Q0Nhxo0l2bP3pNjpGJwV1",0.652,0.698,10,-4.667,0,0.042,0.00112,0.000115,0.0886,0.47,96.021,202067,4
"S156","(It Takes) Two to Make It Right","Seduction","6GS6uE1vDmtzxO8GztAR2O","66pXn4ZrPf6yzk5PHGkUZA","Two To Make It Right","Seduction","Nothing Matters Without Love","https://open.spotify.com/track/6GS6uE1vDmtzxO8GztAR2O",0.772,0.598,7,-10.857,0,0.0429,0.204,0.00345,0.513,0.717,114.419,282267,4
"S157","Malambo No. 1","Yma Sumac","31EKf1HRXKA3lD2LOjJJNX","7uUqe62ijXAfGhpC9XP3KW","Malambo No. 1","Moises Vivanco","Mambo!","https://open.spotify.com/track/31EKf1HRXKA3lD2LOjJJNX",0.705,0.532,10,-11.724,1,0.0846,0.805,0.00184,0.0945,0.846,103.904,176600,4
"S158","The Beginning","RuPaul","10Xt9nkxQZNsPDtg30xpvR","2SdOKxC1sSxEyv8JYERaNe","The Beginning","RuPaul","Glamazon","https://open.spotify.com/track/10Xt9nkxQZNsPDtg30xpvR",0.586,0.809,0,-4.982,0,0.0525,0.000121,8.29e-05,0.34,0.787,133.99,230520,4
"S148","Only Girl (In the World)","Rihanna","2ENexcMEMsYk0rVJigVD3i","5pKCCKE2ajJHZ9KAiaK11H","Only Girl (In The World)","Rihanna","Loud (Japan Version)","https://open.spotify.com/track/2ENexcMEMsYk0rVJigVD3i",0.789,0.706,11,-4.233,0,0.0429,0.112,1.71e-05,0.0586,0.638,125.911,235493,4
"S149","When I Grow Up","The Pussycat Dolls","21pySLskKIKrhDziCX5ojQ","6wPhSqRtPu1UhRCDX5yaDJ","When I Grow Up","The Pussycat Dolls","Doll Domination (Deluxe)","https://open.spotify.com/track/21pySLskKIKrhDziCX5ojQ",0.671,0.685,11,-5.762,0,0.05,0.00165,0,0.398,0.368,118.449,245680,4
"S150","Oops!... I Did It Again","Britney Spears","6naxalmIoLFWR0siv8dnQQ","26dSoYclwsYLMAKD3tpOr4","Oops!...I Did It Again","Britney Spears","Oops!... I Did It Again","https://open.spotify.com/track/6naxalmIoLFWR0siv8dnQQ",0.751,0.834,1,-5.444,0,0.0437,0.3,1.77e-05,0.355,0.894,95.053,211160,4
"S151","Take Me Home","Cher","3YWTp4Ap4sZNIyFkP0a0rx","72OaDtakiy6yFqkt4TsiFt","Take Me Home","Cher","Take Me Home","https://open.spotify.com/track/3YWTp4Ap4sZNIyFkP0a0rx",0.706,0.524,4,-12.357,1,0.0681,0.00562,2.13e-05,0.0297,0.894,121.979,403000,4
"S152","I'm So Excited","The Pointer Sisters","1ot6jEe4w4hYnsOPjd3xKQ","2kreKea2n96dXjcyAU9j5N","I'm So Excited","The Pointer Sisters","So Excited! (Expanded Edition)","https://open.spotify.com/track/1ot6jEe4w4hYnsOPjd3xKQ",0.59,0.868,5,-5.832,0,0.048,0.0962,0.000322,0.442,0.798,184.348,230640,4
"S153","Whip My Hair","Willow Smith","4Dio1t8RHzLv1nfPJTSZyP","3rWZHrfrsPBxVy692yAIxF","Whip My Hair","WILLOW","Whip My Hair","https://open.spotify.com/track/4Dio1t8RHzLv1nfPJTSZyP",0.552,0.98,9,-4.676,0,0.254,0.00159,0.00552,0.438,0.668,162.961,195440,4
"S154","Ain't Nothin' Goin' On but the Rent","Gwen Guthrie","4De6tTVXe0N3V0OPOmkvT3","77HthcNFa6SbicRaQKdhyy","Ain't Nothin' Goin' On But The Rent","Gwen Guthrie","Good To Go Lover","https://open.spotify.com/track/4De6tTVXe0N3V0OPOmkvT3",0.793,0.681,10,-11.772,0,0.0825,0.084,0.00022,0.532,0.888,107.244,359560,4
"S155","Cold Hearted","Paula Abdul","6jrp8qBMJO6vhAeYVAsdk9","4PpmBoqphQusNFsxuVKb6j","Cold Hearted","Paula Abdul","Forever Your Girl","https://open.spotify.com/track/6jrp8qBMJO6vhAeYVAsdk9",0.879,0.679,7,-8.59,0,0.0421,0.149,0.00871,0.0787,0.724,122.38,230853,4
"S159","Express Yourself","Madonna","4Df9M5DO93rtukF9oPtuzW","6tbjWDEIzxoDsBA1FuhfPW","Express Yourself (Remix Edit) - 2022 Remaster","Madonna","Finally Enough Love","https://open.spotify.com/track/4Df9M5DO93rtukF9oPtuzW",0.663,0.912,7,-4.09,1,0.0436,0.00549,0.12,0.089,0.574,115.506,299805,4
"S168","Think","Aretha Franklin","4yQw7FR9lcvL6RHtegbJBh","7nwUJBm0HE4ZxD3f5cy5ok","Think","Aretha Franklin","Aretha Now","https://open.spotify.com/track/4yQw7FR9lcvL6RHtegbJBh",0.687,0.63,6,-10.817,1,0.0389,0.251,0,0.221,0.926,110.051,139733,4
"S169","Stronger (What Doesn't Kill You)","Kelly Clarkson","6D60klaHqbCl9ySc8VcRss","3BmGtnKgCSGYIUhmivXKWX","Stronger (What Doesn't Kill You)","Kelly Clarkson","Stronger (Deluxe Version)","https://open.spotify.com/track/6D60klaHqbCl9ySc8VcRss",0.562,0.939,0,-4.282,1,0.0475,0.046,0,0.112,0.684,116.044,221947,4
"S170","Sissy That Walk","RuPaul","5PHPENfE3RVmHGAA2A7Hfx","2SdOKxC1sSxEyv8JYERaNe","Sissy That Walk","RuPaul","Born Naked","https://open.spotify.com/track/5PHPENfE3RVmHGAA2A7Hfx",0.826,0.614,11,-4.22,1,0.0561,0.0191,0.0172,0.0865,0.591,126.046,212693,4
"S160","Turn the Beat Around","Vicki Sue Robinson","2TziLOnBMT8kDVo2LA1X6t","25pwh5JrKHzLv2FTPSvoqa","Turn the Beat Around - Single Version","Vicki Sue Robinson","Radio Hits Of the '70s","https://open.spotify.com/track/2TziLOnBMT8kDVo2LA1X6t",0.662,0.941,6,-4.05,0,0.0883,0.327,0,0.218,0.798,131.045,252373,4
"S161","Shake It Up","Selena Gomez","1oLcpJA9TfwwejiEM9C5gi","0C8ZW7ezQVs4URX5aX7Kqx","Shake It Up - From ""Shake It Up""","Selena Gomez","Shake It Up (From ""Shake It Up"")","https://open.spotify.com/track/1oLcpJA9TfwwejiEM9C5gi",0.724,0.782,2,-7.407,0,0.0334,0.0368,0,0.196,0.797,128.01,180827,4
"S162","I'm Every Woman","Chaka Khan","1oFiPGBafH9Woo9AMwgBSl","6mQfAAqZGBzIfrmlZCeaYT","I'm Every Woman","Chaka Khan","Chaka","https://open.spotify.com/track/1oFiPGBafH9Woo9AMwgBSl",0.603,0.886,0,-7.301,0,0.0465,0.0418,0.000171,0.295,0.727,114.045,249600,4
"S163","Head to Toe","Lisa Lisa & Cult Jam","5VzqFMyPERPObMOzZdELuK","1vgjN6nIPNKiiQGE9PtzTT","Head to Toe","Lisa Lisa & Cult Jam","Spanish Fly","https://open.spotify.com/track/5VzqFMyPERPObMOzZdELuK",0.879,0.511,11,-11.36,0,0.124,0.0425,0.0074,0.176,0.839,113.763,303267,4
"S164","Whatta Man","Salt-n-Pepa, En Vogue","7sJN693sYKEIEMu7fc5VnJ","7wqtxqI3eo7Gn1P7SpP6cQ","Whatta Man","Salt-N-Pepa","Very Necessary","https://open.spotify.com/track/7sJN693sYKEIEMu7fc5VnJ",0.757,0.544,5,-10.722,1,0.219,0.154,6.07e-05,0.226,0.921,173.208,308360,4
"S165","Point of No Return","Exposé","0ozd432IdkUR3ItM8ieKt0","5nPz5R1FDPTMI3Dw4JnTGb","Point of No Return","Exposé","Exposure","https://open.spotify.com/track/0ozd432IdkUR3ItM8ieKt0",0.6,0.814,0,-9.411,1,0.0415,0.00342,0.00209,0.0605,0.873,120.037,207867,4
"S166","Stupid Girls","Pink","1Ab6RxeKl3e07zP7Get7CX","1KCSPY1glIKqW2TotWuXOR","Stupid Girls","P!nk","I'm Not Dead","https://open.spotify.com/track/1Ab6RxeKl3e07zP7Get7CX",0.683,0.886,4,-5.045,0,0.071,0.000738,0.00188,0.0524,0.566,100.04,197173,4
"S167","Vibeology","Paula Abdul","6IXKljJrwMJlyRhzHRbEDW","4PpmBoqphQusNFsxuVKb6j","Vibeology","Paula Abdul","Spellbound","https://open.spotify.com/track/6IXKljJrwMJlyRhzHRbEDW",0.722,0.758,1,-9.33,1,0.0622,0.00485,0.00246,0.0768,0.645,117.975,316333,4
"S171","Geronimo","RuPaul ft. Lucian Piane","1w6DRfEwDvMYaNRRCn3MiC","2SdOKxC1sSxEyv8JYERaNe","Geronimo (feat. Lucian Piane)","RuPaul","Born Naked","https://open.spotify.com/track/1w6DRfEwDvMYaNRRCn3MiC",0.88,0.928,6,-6.344,1,0.233,0.0107,0.00208,0.416,0.517,146.011,222933,4
"S180","Show Me Love","Robin S.","4t0UsYzmmmZRMTWn77jiGF","2WvLeseDGPX1slhmxI59G3","Show Me Love","Robin S","Show Me Love","https://open.spotify.com/track/4t0UsYzmmmZRMTWn77jiGF",0.811,0.833,5,-4.259,1,0.153,0.014,2.06e-05,0.0769,0.567,120.258,252107,4
"S181","Roar","Katy Perry","27tNWlhdAryQY04Gb2ZhUI","6jJ0s89eD6GaHleKKya26X","Roar","Katy Perry","PRISM","https://open.spotify.com/track/27tNWlhdAryQY04Gb2ZhUI",0.671,0.771,7,-4.821,0,0.0316,0.00492,7.28e-06,0.354,0.436,90.003,223546,4
"S182","Born Naked","RuPaul ft. Clairy Browne","20GNVIllZWk2vF8p6Cz7uP","2SdOKxC1sSxEyv8JYERaNe","Born Naked (feat. Clairy Browne)","RuPaul","Born Naked","https://open.spotify.com/track/20GNVIllZWk2vF8p6Cz7uP",0.634,0.86,4,-3.55,1,0.206,0.0207,0,0.464,0.648,141.857,203253,4
"S172","Twist of Fate","Olivia Newton-John","7k7i5YHJSLTbBSuwnWtSBn","4BoRxUdrcgbbq1rxJvvhg9","Twist of Fate","Olivia Newton-John","Stranger Things (Soundtrack from the Netflix Original Series)","https://open.spotify.com/track/7k7i5YHJSLTbBSuwnWtSBn",0.608,0.737,1,-7.573,0,0.0369,0.212,0.000202,0.0995,0.632,164.345,217053,4
"S173","I Was Gonna Cancel","Kylie Minogue","4WiQmOTCwKGeq4IUKxQOZg","4RVnAU35WRWra6OZ3CbbMA","I Was Gonna Cancel","Kylie Minogue","Kiss Me Once (Special Edition)","https://open.spotify.com/track/4WiQmOTCwKGeq4IUKxQOZg",0.74,0.773,3,-5.667,0,0.062,0.00546,0.049,0.161,0.861,119.951,212733,4
"S174","Dreaming","Blondie","2Rn7bVL1FVYboc4c55RUdg","4tpUmLEVLCGFr93o8hFFIB","Dreaming","Blondie","Eat To The Beat","https://open.spotify.com/track/2Rn7bVL1FVYboc4c55RUdg",0.299,0.92,2,-3.377,1,0.0552,0.0048,0.00022,0.122,0.675,160.449,188494,4
"S175","Lovergirl","Teena Marie","13xKh7WqwxzEFYhYCJJwHg","61UT1Zj9dFgPAjZfwnsqsb","Lovergirl","Teena Marie","R&B: From Doo-Wop To Hip-Hop","https://open.spotify.com/track/13xKh7WqwxzEFYhYCJJwHg",0.73,0.756,9,-7.509,0,0.0492,0.0469,0.00333,0.235,0.827,123.604,259560,4
"S176","Break Free","Ariana Grande ft. Zedd","12KUFSHFgT0XCoiSlvdQi4","66CXWjxzNUsdJxJ2JdwvnR","Break Free","Ariana Grande","My Everything (Deluxe)","https://open.spotify.com/track/12KUFSHFgT0XCoiSlvdQi4",0.687,0.702,7,-5.324,0,0.0455,0.0064,4.35e-05,0.204,0.284,129.956,214840,4
"S177","No More Lies","Michel'le","1Oz5bcZyzhiaEa3F06EiPY","4D0WfOUqTzqKysXt33VL3j","No More Lies","Michel'le","Michel'le","https://open.spotify.com/track/1Oz5bcZyzhiaEa3F06EiPY",0.834,0.871,10,-6.972,0,0.0821,0.15,0.0721,0.287,0.835,110.294,225840,4
"S178","I Think We're Alone Now","Tiffany","4uvjOKsp7mSjrDhWdkLPBY","4C3uGP8vRDzxrhJxZiOjTe","I Think We're Alone Now","Tiffany","Tiffany","https://open.spotify.com/track/4uvjOKsp7mSjrDhWdkLPBY",0.752,0.723,7,-12.126,1,0.0507,0.025,0.00354,0.0212,0.94,130.519,228840,4
"S179","Really Don't Care","Demi Lovato ft. Cher Lloyd","5vTPxzm4h2bY9rYyVrGEU5","6S2OmqARrzebs0tKUEyXyp","Really Don't Care","Demi Lovato","Demi","https://open.spotify.com/track/5vTPxzm4h2bY9rYyVrGEU5",0.706,0.728,7,-3.602,1,0.0852,0.123,0,0.185,0.851,121.017,201600,4
"S183","Applause","Lady Gaga","5ka2ajep9OAvU5Sgduhiex","1HY2Jd0NmPuamShAr6KMms","Applause","Lady Gaga","ARTPOP","https://open.spotify.com/track/5ka2ajep9OAvU5Sgduhiex",0.669,0.78,7,-4.287,0,0.053,0.0265,1.63e-06,0.143,0.738,139.945,212333,4
"S184","I Will Survive","Gloria Gaynor","7cv28LXcjAC3GsXbUvXKbX","6V6WCgi7waF55bJmylC4H5","I Will Survive - Single Version","Gloria Gaynor","20th Century Masters: The Millennium Collection: Best Of Gloria Gaynor","https://open.spotify.com/track/7cv28LXcjAC3GsXbUvXKbX",0.777,0.725,0,-8.681,1,0.05,0.0131,0.00805,0.246,0.529,116.669,198066,4
"S185","Mesmerized (Freemasons Radio Edit)","Faith Evans","7Hp0SVTrhKOoapKrz7IMDK","00BbNEAprt1Bkzsh4jEVlw","Mesmerized - Freemasons Edit","Melissa Storm","Mesmerized","https://open.spotify.com/track/7Hp0SVTrhKOoapKrz7IMDK",0.597,0.96,3,-5.196,0,0.189,0.000426,0.553,0.373,0.857,125.936,202440,4
"S186","Call Me","Blondie","7HKxTNVlkHsfMLhigmhC0I","4tpUmLEVLCGFr93o8hFFIB","Call Me","Blondie","Call Me","https://open.spotify.com/track/7HKxTNVlkHsfMLhigmhC0I",0.554,0.833,2,-6.667,0,0.0347,0.000646,0.0025,0.0737,0.773,142.673,212227,4
"S187","Causing a Commotion","Madonna","3sX3c6QUPSAiKf77RZRf5B","6tbjWDEIzxoDsBA1FuhfPW","Causing a Commotion","Madonna","Who's That Girl Soundtrack","https://open.spotify.com/track/3sX3c6QUPSAiKf77RZRf5B",0.771,0.749,5,-10.628,0,0.0401,0.216,0.00184,0.135,0.854,119.875,261667,4
"S188","I Love It","Icona Pop ft. Charli XCX","6HZ9VeI5IRFCNQLXhpF4bq","1VBflYyxBhnDc9uVib98rw","I Love It (feat. Charli XCX)","Icona Pop","THIS IS... ICONA POP","https://open.spotify.com/track/6HZ9VeI5IRFCNQLXhpF4bq",0.711,0.906,8,-2.671,1,0.0284,0.00952,1.64e-05,0.153,0.824,125.916,157153,4
"S189","And I Am Telling You I'm Not Going","Jennifer Holliday","3ZPpFEandljtmTnz8D4trH","2ju2ZxMe9yBOnt1MkWo32t","And I Am Telling You I'm Not Going - Original Broadway Cast/1982","Jennifer Holliday","Dreamgirls: Original Broadway Cast Album (25th Anniversary Special Edition)","https://open.spotify.com/track/3ZPpFEandljtmTnz8D4trH",0.404,0.553,10,-7.555,1,0.0374,0.165,0.00215,0.572,0.259,123.38,244000,4
"S190","You Make Me Feel (Mighty Real)","Sylvester","0RnCUYXa7jhgTXtiMXF2PQ","5TGTpu4g8siFOIctZuQO7y","You Make Me Feel (Mighty Real)","Sylvester","Step II","https://open.spotify.com/track/0RnCUYXa7jhgTXtiMXF2PQ",0.629,0.851,5,-11.182,0,0.0294,0.0309,0.303,0.0947,0.961,130.7,400116,4
"S191","The Realness","RuPaul","1oSUTFfnEwftOTRxpLKWOY","2SdOKxC1sSxEyv8JYERaNe","The Realness (feat. Eric Kupper)","RuPaul","Realness","https://open.spotify.com/track/1oSUTFfnEwftOTRxpLKWOY",0.708,0.814,7,-5.737,0,0.045,0.00219,9.74e-05,0.109,0.858,125.991,205267,4
"S208","Cool for the Summer","Demi Lovato","3uwnnTQcHM1rDqSfA4gQNz","6S2OmqARrzebs0tKUEyXyp","Cool for the Summer","Demi Lovato","Confident","https://open.spotify.com/track/3uwnnTQcHM1rDqSfA4gQNz",0.583,0.61,5,-5.639,0,0.0382,0.00425,0.000105,0.14,0.336,114.06,214740,4
"S209","Macho Man","Village People","22kv2NoeaD7qhTgShfZjIv","0dCKce6tJJdHvlWnDMwzPW","Macho Man","Village People","Macho Man","https://open.spotify.com/track/22kv2NoeaD7qhTgShfZjIv",0.745,0.593,5,-12.33,1,0.0439,0.0523,0,0.582,0.888,132.897,314800,4
"S210","U Wear It Well","RuPaul","60WR7ZzcpMx0Q5A0zoQsyM","2SdOKxC1sSxEyv8JYERaNe","U Wear It Well","RuPaul","Butch Queen","https://open.spotify.com/track/60WR7ZzcpMx0Q5A0zoQsyM",0.775,0.942,1,-5.44,1,0.0615,0.0284,1.01e-06,0.0612,0.801,126.05,178253,4
"S211","It's Not Right but It's Okay (Thunderpuss Remix)","Whitney Houston","5OqmLY18KXsZR1aGrXP3ZI","6XpaIBNiVzIetEPCWDvAFP","It's Not Right but It's Okay - Thunderpuss Mix/Remastered: 2000","Whitney Houston","Dance Vault Remixes - It's Not Right But It's Okay","https://open.spotify.com/track/5OqmLY18KXsZR1aGrXP3ZI",0.735,0.944,8,-4.872,1,0.041,0.01,0.00308,0.048,0.761,129.994,256640,4
"S212","So Emotional","Whitney Houston","4l2Edgdj4vla02GCh7YyAv","6XpaIBNiVzIetEPCWDvAFP","So Emotional","Whitney Houston","Whitney","https://open.spotify.com/track/4l2Edgdj4vla02GCh7YyAv",0.698,0.791,11,-10.012,0,0.0495,0.271,4.74e-05,0.199,0.809,119.081,276667,4
"S200","Love Shack","The B-52's","4W4wYHtsrgDiivRASVOINL","3gdbcIdNypBsYNu3iiCjtN","Love Shack","The B-52's","Cosmic Thing","https://open.spotify.com/track/4W4wYHtsrgDiivRASVOINL",0.701,0.803,5,-6.786,0,0.0545,0.0544,1.54e-06,0.7,0.903,133.608,320680,4
"S201","Holding Out for a Hero","Bonnie Tyler","5Hyr47BBGpvOfcykSCcaw9","0SD4eZCN4Kr0wQk56hCdh2","Holding Out for a Hero - From ""Footloose"" Soundtrack","Bonnie Tyler","Secret Dreams and Forbidden Fire","https://open.spotify.com/track/5Hyr47BBGpvOfcykSCcaw9",0.616,0.685,9,-15.289,0,0.04,0.0245,1.13e-05,0.0491,0.895,150.055,348333,4
"S202","I Wanna Go","Britney Spears","5cCAZS9VhLGEDV4NCfieeg","26dSoYclwsYLMAKD3tpOr4","I Wanna Go","Britney Spears","Femme Fatale (Deluxe Version)","https://open.spotify.com/track/5cCAZS9VhLGEDV4NCfieeg",0.696,0.546,5,-6.55,1,0.0414,0.00379,3.8e-06,0.332,0.787,130.002,210267,4
"S203","Woman Up","Meghan Trainor","2bUWLYU3s6sbQqlo7075Og","6JL8zeS1NmiOftqZTRgdTz","Woman Up","Meghan Trainor","Thank You (Deluxe Version)","https://open.spotify.com/track/2bUWLYU3s6sbQqlo7075Og",0.755,0.751,1,-4.322,0,0.051,0.00848,0.000368,0.32,0.27,104.942,208693,4
"S204","Music","Madonna","6amGdDb0ObH97JUNGeRbdf","6tbjWDEIzxoDsBA1FuhfPW","Music (Deep Dish Dot Com Radio Edit) - 2022 Remaster","Madonna","Finally Enough Love","https://open.spotify.com/track/6amGdDb0ObH97JUNGeRbdf",0.694,0.932,7,-8.417,1,0.0468,0.00122,0.03,0.229,0.828,127.96,251677,4
"S205","Finally","CeCe Peniston","0uqvSVhGgQTIdj9G51vhvv","5UoVLCWzOKMIJ9iioof9OD","Finally","CeCe Peniston","Finally","https://open.spotify.com/track/0uqvSVhGgQTIdj9G51vhvv",0.791,0.658,7,-11.128,1,0.0445,0.00653,0,0.0472,0.842,120.066,245000,4
"S206","Baby I'm Burnin'","Dolly Parton","2Asiem9O0YGuvvoAkz8aSq","32vWCbZh0xZ4o9gkz4PsEU","Baby I'm Burnin'","Dolly Parton","Heartbreaker","https://open.spotify.com/track/2Asiem9O0YGuvvoAkz8aSq",0.745,0.828,0,-9.576,1,0.046,0.0482,0.438,0.0967,0.971,133.942,156960,4
"S207","Greedy","Ariana Grande","1FFUXkoWIc9of8yOscGiaC","66CXWjxzNUsdJxJ2JdwvnR","Greedy","Ariana Grande","Dangerous Woman","https://open.spotify.com/track/1FFUXkoWIc9of8yOscGiaC",0.619,0.705,1,-5.335,1,0.099,0.0323,0,0.0919,0.844,109.975,214907,4
"S224","Ain't No Other Man","Christina Aguilera","7huo2wvrCgRucUsjdSDLQV","1l7ZsJRRS8wlW3WfJfPfNS","Ain't No Other Man","Christina Aguilera","Back To Basics","https://open.spotify.com/track/7huo2wvrCgRucUsjdSDLQV",0.862,0.742,7,-4.722,1,0.222,0.00376,0.00855,0.103,0.511,127.91,228907,4
"S235","Good as Hell","Lizzo","6KgBpzTuTRPebChN0VTyzV","56oDRnqbIiwx4mymNEv7dS","Good as Hell","Lizzo","Cuz I Love You (Super Deluxe)","https://open.spotify.com/track/6KgBpzTuTRPebChN0VTyzV",0.682,0.919,0,-3.18,0,0.0875,0.256,0,0.442,0.535,95.982,159736,4
"S236","Nasty Girl","Vanity 6","2Omm6w4hmnS2B80zaqdJFA","0GQkTwFb7D3ePIpnxwYavf","Nasty Girl [In the Style of ""Vanity 6""]","Done Again","Vanity 6 - Nasty Girl (Reproduction)","https://open.spotify.com/track/2Omm6w4hmnS2B80zaqdJFA",0.904,0.429,5,-14.276,1,0.0833,0.3,0.00457,0.0933,0.857,118.037,304729,4
"S237","Call Me Mother","RuPaul","5LCKQ7PXZRIKnBbABb7ed0","2SdOKxC1sSxEyv8JYERaNe","Call Me Mother","RuPaul","American","https://open.spotify.com/track/5LCKQ7PXZRIKnBbABb7ed0",0.859,0.828,6,-6.925,0,0.0529,0.0156,0.000828,0.0205,0.36,124.023,201013,4
"S238","If","Janet Jackson","0t414ewhjcIiuPVF3QECz2","4qwGe91Bz9K2T8jXTZ815W","If","Janet Jackson","Janet","https://open.spotify.com/track/0t414ewhjcIiuPVF3QECz2",0.653,0.976,11,-5.173,0,0.0797,0.0374,0.00173,0.561,0.447,105.575,271640,4
"S239","Bang Bang","Jessie J, Ariana Grande, Nicki Minaj","0puf9yIluy9W0vpMEUoAnN","2gsggkzM5R49q6jpPvazou","Bang Bang","Jessie J","Sweet Talker (Deluxe Version)","https://open.spotify.com/track/0puf9yIluy9W0vpMEUoAnN",0.706,0.786,0,-3.417,0,0.091,0.26,0,0.38,0.751,150.028,199387,4
"S143","Nasty","Janet Jackson","07OzC5JlcaDwEkzWmvqp6y","4qwGe91Bz9K2T8jXTZ815W","Nasty","Janet Jackson","Control","https://open.spotify.com/track/07OzC5JlcaDwEkzWmvqp6y",0.839,0.89,1,-11.697,0,0.0628,0.452,0.0224,0.0866,0.575,103.652,243133,4
"S226","Best of My Love","The Emotions","2M2WJ7gBlcKNxdhyfPp9zY","64CuUOOirKmdAYLQSfaOyr","Best of My Love","The Emotions","Rejoice","https://open.spotify.com/track/2M2WJ7gBlcKNxdhyfPp9zY",0.784,0.713,0,-6.865,1,0.0339,0.447,0.14,0.0904,0.97,115.443,220560,4
"S228","Celebrity Skin","Hole","2V4Bc2I962j7acQj1N0PiQ","5SHQUMAmEK5KmuSb0aDvsn","Celebrity Skin","Hole","Celebrity Skin","https://open.spotify.com/track/2V4Bc2I962j7acQj1N0PiQ",0.438,0.905,9,-6.161,1,0.0419,9.44e-06,5.4e-05,0.363,0.723,134.163,162667,4
"S229","Pound the Alarm","Nicki Minaj","0LohatbcUXRauoeMlR1jnS","0hCNtLu0JehylgoiP8L4Gh","Pound The Alarm","Nicki Minaj","Pink Friday ... Roman Reloaded","https://open.spotify.com/track/0LohatbcUXRauoeMlR1jnS",0.728,0.858,9,-3.686,1,0.0609,0.0403,4.26e-06,0.0241,0.591,125.054,205640,4
"S230","Man! I Feel Like a Woman!","Shania Twain","6sxptembJVty4sNtcPMAVz","5e4Dhzv426EvQe3aDb64jL","Man! I Feel Like A Woman!","Shania Twain","Come On Over","https://open.spotify.com/track/6sxptembJVty4sNtcPMAVz",0.657,0.639,10,-7.527,1,0.0412,0.581,0,0.278,0.674,124.882,234493,4
"S231","I'm Coming Out","Diana Ross","3SnGymj6ijE2iuUfWxLo1q","3MdG05syQeRYPPcClLaUGl","I'm Coming Out","Diana Ross","Diana","https://open.spotify.com/track/3SnGymj6ijE2iuUfWxLo1q",0.72,0.828,5,-9.211,1,0.0462,0.185,0.429,0.0839,0.768,110.071,323347,4
"S232","Cut to the Feeling","Carly Rae Jepsen","6EJiVf7U0p1BBfs0qqeb1f","6sFIWsNpZYqfjUpaCgueju","Cut To The Feeling","Carly Rae Jepsen","Cut To The Feeling","https://open.spotify.com/track/6EJiVf7U0p1BBfs0qqeb1f",0.71,0.909,2,-2.777,1,0.0639,0.0135,0.00123,0.303,0.648,115.001,207960,4
"S233","Groove Is in the Heart","Deee-Lite","2He3NOyqtLNE3RQPpeDdSb","4eQJIXFEujzhTVVS1gIfu5","Groove Is in the Heart","Deee-Lite","World Clique","https://open.spotify.com/track/2He3NOyqtLNE3RQPpeDdSb",0.694,0.881,1,-4.053,0,0.0701,0.0153,0.0196,0.0851,0.924,121.554,231787,4
"S234","New Attitude","Patti LaBelle","71DxDMPiElIeGgvJvtITXR","0ty0xha1dbprYIUAQufkFn","New Attitude","Patti LaBelle","Patti LaBelle's Greatest Hits","https://open.spotify.com/track/71DxDMPiElIeGgvJvtITXR",0.81,0.722,11,-7.101,0,0.0429,0.0877,0.000885,0.529,0.963,138.011,251160,4
"S258","The Best of Both Worlds","Hannah Montana","6Z0F3Mqj7tq1CBZo5qMlUg","7nU4hB040gTmHm45YYMvqc","The Best of Both Worlds - From ""Hannah Montana""/Soundtrack Version","Hannah Montana","Hannah Montana","https://open.spotify.com/track/6Z0F3Mqj7tq1CBZo5qMlUg",0.676,0.861,1,-3.645,1,0.0501,0.0512,0,0.0613,0.681,124.031,174120,3
"S271","No More Drama","Mary J. Blige","7nWsh14AHpnTzq1Xejz90U","1XkoF8ryArs86LZvFOkbyr","No More Drama","Mary J. Blige","No More Drama","https://open.spotify.com/track/7nWsh14AHpnTzq1Xejz90U",0.653,0.837,6,-6.818,0,0.124,0.534,7.12e-05,0.0784,0.64,97.914,326240,4
"S272","No Scrubs","TLC","1KGi9sZVMeszgZOWivFpxs","0TImkz4nPqjegtVSMZnMRq","No Scrubs","TLC","Fanmail","https://open.spotify.com/track/1KGi9sZVMeszgZOWivFpxs",0.743,0.675,8,-4.267,0,0.0953,0.0251,0.000717,0.0685,0.59,92.909,214400,4
"S273","Pride (A Deeper Love)","Aretha Franklin","28QaDWUgDnPPMBEhyn3OeF","7nwUJBm0HE4ZxD3f5cy5ok","A Deeper Love - A Deeper Mix","Aretha Franklin","Dance Vault Mixes - (Pride) A Deeper Love","https://open.spotify.com/track/28QaDWUgDnPPMBEhyn3OeF",0.75,0.923,11,-9.695,0,0.041,0.00771,0.000828,0.322,0.508,123.116,719507,4
"S274","SOS","Rihanna","30cSNer6TV8x2utjULVeQ5","5pKCCKE2ajJHZ9KAiaK11H","SOS","Rihanna","A Girl Like Me","https://open.spotify.com/track/30cSNer6TV8x2utjULVeQ5",0.677,0.671,7,-4.905,1,0.0361,0.004,5.07e-05,0.413,0.527,137.046,238920,4
"S275","Bootylicious","Destiny's Child","41nT1Sp6ChR65FbsdLlFHW","1Y8cdNmUJH7yBTd9yOvr5i","Bootylicious","Destiny's Child","Survivor","https://open.spotify.com/track/41nT1Sp6ChR65FbsdLlFHW",0.84,0.835,1,-4.386,0,0.275,0.00281,1.11e-06,0.152,0.637,103.376,207907,4
"S276","The Edge of Glory","Lady Gaga","0JNdS1n0ifOP25XvhwAMgM","1HY2Jd0NmPuamShAr6KMms","The Edge Of Glory","Lady Gaga","Born This Way","https://open.spotify.com/track/0JNdS1n0ifOP25XvhwAMgM",0.581,0.772,9,-6.544,1,0.0401,0.000343,0.0191,0.11,0.361,127.952,320587,4
"S260","Work Bitch","Britney Spears","3KliPMvk1EvFZu9cvkj8p1","26dSoYclwsYLMAKD3tpOr4","Work Bitch","Britney Spears","Britney Jean (Deluxe Version)","https://open.spotify.com/track/3KliPMvk1EvFZu9cvkj8p1",0.629,0.824,9,-6.53,1,0.159,0.155,0.000628,0.0651,0.852,128.01,247960,4
"S262","Waiting for Tonight (Hex Hector Mix)","Jennifer Lopez",NA,NA,NA,NA,NA,NA,NA,NA,NA,NA,NA,NA,NA,NA,NA,NA,NA,NA,NA
"S264","Living in America","James Brown","4Y5yjzs9FFw5qIgfZBd43I","7GaxyUddsPok8BuhxN6OUW","Living in America - From ""Rocky IV"" Soundtrack","James Brown","Rocky IV","https://open.spotify.com/track/4Y5yjzs9FFw5qIgfZBd43I",0.754,0.854,0,-7.114,1,0.0363,0.00148,0.00692,0.0675,0.761,113.908,282840,4
"S266","I'm Your Baby Tonight","Whitney Houston","3SmPl0CGxvvkQCrTv7edEE","6XpaIBNiVzIetEPCWDvAFP","I'm Your Baby Tonight","Whitney Houston","I'm Your Baby Tonight","https://open.spotify.com/track/3SmPl0CGxvvkQCrTv7edEE",0.665,0.899,6,-7.75,1,0.0877,0.303,2.21e-06,0.445,0.873,165.16,299427,3
"S267","Last Dance","Donna Summer","29RcVe2M9l8rHyWHffBmjf","2eogQKWWoohI3BSnoG7E2U","Last Dance - Single Version","Donna Summer","Walk Away - Collector's Edition The Best Of 1977-1980","https://open.spotify.com/track/29RcVe2M9l8rHyWHffBmjf",0.341,0.721,3,-10.311,1,0.0801,0.131,0.00029,0.216,0.237,126.351,199800,4
"S268","Strut","Sheena Easton","6gFIFMI3tsrM5QojcvVMfZ","5dcOK4stT4JDkP6Dqhbz5s","Strut","Sheena Easton","A Private Heaven [Bonus Tracks Version]","https://open.spotify.com/track/6gFIFMI3tsrM5QojcvVMfZ",0.91,0.751,1,-11.29,1,0.039,0.295,0.00214,0.141,0.975,114.659,240960,4
"S269","Sorry Not Sorry","Demi Lovato","0yvPEnB032fojLfVluFjUv","6S2OmqARrzebs0tKUEyXyp","Sorry Not Sorry","Demi Lovato","Tell Me You Love Me","https://open.spotify.com/track/0yvPEnB032fojLfVluFjUv",0.706,0.643,11,-6.929,0,0.234,0.0242,0,0.262,0.885,143.931,203760,4
"S270","Hood Boy","Fantasia","3nPR2jfaPoiVhdLREuAwvg","7xAcVHPiirnUqfdqo0USb1","Hood Boy (feat. Big Boi) - Radio Edit","Fantasia","Fantasia","https://open.spotify.com/track/3nPR2jfaPoiVhdLREuAwvg",0.661,0.871,5,-2.841,0,0.292,0.0127,0,0.251,0.728,90.812,214427,4
"S284","Starships","Nicki Minaj","1oHNvJVbFkexQc0BpQp7Y4","0hCNtLu0JehylgoiP8L4Gh","Starships","Nicki Minaj","Pink Friday ... Roman Reloaded","https://open.spotify.com/track/1oHNvJVbFkexQc0BpQp7Y4",0.747,0.716,11,-2.457,0,0.075,0.135,0,0.251,0.751,125.008,210627,4
"S293","Kill the Lights","Alex Newell, DJ Cassidy ft. Nile Rodgers","4iCKHGl4ij4YMwFrUZLGEQ","2vGaSKEDFsVPBgcnGxqlBN","Kill The Lights (with Nile Rodgers) - Audien Remix","Alex Newell","Kill The Lights (with Nile Rodgers) [Remixes]","https://open.spotify.com/track/4iCKHGl4ij4YMwFrUZLGEQ",0.647,0.879,7,-0.93,1,0.0831,0.0837,1.98e-06,0.538,0.427,126.042,224762,4
"S294","1999","Prince","2QSUyofqpGDCo026OPiTBQ","5a2EaR3hamoenG9rDuVn8j","1999 - 2019 Remaster","Prince","1999","https://open.spotify.com/track/2QSUyofqpGDCo026OPiTBQ",0.864,0.826,10,-5.496,1,0.0814,0.23,2.36e-06,0.0663,0.596,118.955,373747,4
"S295","On the Floor","Jennifer Lopez ft. Pitbull","3C0nOe05EIt1390bVABLyN","2DlGxzQSjYe5N6G9nkYghR","On The Floor","Jennifer Lopez","Love?","https://open.spotify.com/track/3C0nOe05EIt1390bVABLyN",0.73,0.777,3,-5.194,0,0.0496,0.105,0.000478,0.0691,0.575,130,284867,4
"S296","I'm Like a Bird","Nelly Furtado","2aGw77pZqli064JiPuXYRi","2jw70GZXlAI8QzWeY2bgRc","I'm Like A Bird","Nelly Furtado","Whoa, Nelly! (Expanded Edition)","https://open.spotify.com/track/2aGw77pZqli064JiPuXYRi",0.623,0.607,10,-5.113,1,0.0353,0.147,3.29e-06,0.227,0.614,89.654,243160,4
"S297","Bring Back My Girls","RuPaul","7IM8lvafzONUM3aV6NZogU","2SdOKxC1sSxEyv8JYERaNe","Bring Back My Girls","RuPaul","You're a Winner, Baby","https://open.spotify.com/track/7IM8lvafzONUM3aV6NZogU",0.913,0.729,6,-7.964,0,0.0515,0.0108,0.000725,0.0764,0.492,120.009,163893,4
"S298","Survivor","Destiny's Child","2Mpj1Ul5OFPyyP4wB62Rvi","1Y8cdNmUJH7yBTd9yOvr5i","Survivor","Destiny's Child","Survivor","https://open.spotify.com/track/2Mpj1Ul5OFPyyP4wB62Rvi",0.514,0.911,1,-2.027,0,0.41,0.0559,0,0.775,0.619,161.109,254027,4
"S299","Take On Me","A-ha","2WfaOiMkCvy7F5fcp2zZ8L","2jzc5TC5TVFLXQlBNiIUzE","Take on Me","a-ha","Hunting High and Low","https://open.spotify.com/track/2WfaOiMkCvy7F5fcp2zZ8L",0.573,0.902,6,-7.638,0,0.054,0.018,0.00125,0.0928,0.876,84.412,225280,4
"S300","Get Up","Ciara ft. Chamillionaire","3rKCDtV8UcF0RytSiXxypc","2NdeV5rLm47xAvogXrYhJX","Get Up (feat. Chamillionaire)","Ciara","The Evolution","https://open.spotify.com/track/3rKCDtV8UcF0RytSiXxypc",0.964,0.595,1,-6.887,0,0.109,0.0248,5.14e-06,0.0405,0.629,128.593,261880,4
"S285","Call Your Girlfriend","Robyn","2sCoROOlNQyFpRQEe6A5lv","6UE7nl9mha6s8z0wFQFIZ2","Call Your Girlfriend","Robyn","Body Talk","https://open.spotify.com/track/2sCoROOlNQyFpRQEe6A5lv",0.599,0.887,8,-2.377,1,0.11,0.00101,0.0545,0.0716,0.461,125.097,227347,4
"S286","Problem","Ariana Grande ft. Iggy Azalea","7vS3Y0IKjde7Xg85LWIEdP","66CXWjxzNUsdJxJ2JdwvnR","Problem","Ariana Grande","My Everything (Deluxe)","https://open.spotify.com/track/7vS3Y0IKjde7Xg85LWIEdP",0.66,0.805,1,-5.352,0,0.153,0.0192,8.83e-06,0.159,0.625,103.008,193920,4
"S287","S&M","Rihanna","7ySUcLPVX7KudhnmNcgY2D","5pKCCKE2ajJHZ9KAiaK11H","S&M","Rihanna","Loud (Japan Version)","https://open.spotify.com/track/7ySUcLPVX7KudhnmNcgY2D",0.769,0.684,1,-5.019,1,0.0411,0.0105,0.000125,0.0887,0.835,127.972,243600,4
"S288","Heart to Break","Kim Petras","1jFN0stMzLepoPxvPywGZj","3Xt3RrJMFv5SZkCfUE8C1J","Heart to Break","Kim Petras","Heart to Break","https://open.spotify.com/track/1jFN0stMzLepoPxvPywGZj",0.737,0.602,11,-5.292,1,0.204,0.0393,2.74e-06,0.236,0.88,109.039,225973,4
"S289","Let It Go","Caissie Levy","68qA74EO9cxzSWJwmOjmQR","4WpXr474F2fTdlgWL0034N","Let It Go - From ""Frozen: The Broadway Musical""","Caissie Levy","Frozen: The Broadway Musical (Original Broadway Cast Recording)","https://open.spotify.com/track/68qA74EO9cxzSWJwmOjmQR",0.584,0.431,7,-5.358,1,0.0315,0.32,0,0.137,0.123,137.032,226867,4
"S290","Burning Up","Madonna","48YZhmKL3aZKhQUfpvkelu","6tbjWDEIzxoDsBA1FuhfPW","Burning Up","Madonna","Madonna (Reissue)","https://open.spotify.com/track/48YZhmKL3aZKhQUfpvkelu",0.869,0.738,6,-4.566,0,0.11,0.0276,0.00102,0.262,0.988,138.329,225333,4
"S291","This Is My Night","Chaka Khan","1EZmeztCbpOM1vqDlGyJLQ","6mQfAAqZGBzIfrmlZCeaYT","This Is My Night","Chaka Khan","I Feel for You","https://open.spotify.com/track/1EZmeztCbpOM1vqDlGyJLQ",0.736,0.893,4,-11.104,0,0.0718,0.0136,0.0327,0.048,0.693,108.893,280627,4
"S292","Firework","Katy Perry","4r6eNCsrZnQWJzzvFh4nlg","6jJ0s89eD6GaHleKKya26X","Firework","Katy Perry","Teenage Dream","https://open.spotify.com/track/4r6eNCsrZnQWJzzvFh4nlg",0.638,0.832,8,-5.039,1,0.049,0.141,0,0.113,0.648,124.071,227893,4
"S323","Lady Marmalade","Christina Aguilera, Lil' Kim, Mýa, P!nk","7GQqj9jRtDkMp8zByehXQI","1l7ZsJRRS8wlW3WfJfPfNS","Lady Marmalade - From ""Moulin Rouge"" Soundtrack","Christina Aguilera","Moulin Rouge","https://open.spotify.com/track/7GQqj9jRtDkMp8zByehXQI",0.756,0.808,5,-3.655,1,0.0541,0.0175,3.67e-06,0.66,0.638,109.902,264847,4
"S324","Rumors","Lindsay Lohan","3KnjerEPMolLapVo2wdgz6","4vRSocKbGh7PsQrYRDVMEF","Rumors","Lindsay Lohan","Speak","https://open.spotify.com/track/3KnjerEPMolLapVo2wdgz6",0.892,0.764,10,-5.668,0,0.0547,0.0186,0.0358,0.332,0.856,115.014,196307,4
"S325","Call Me Maybe","Carly Rae Jepsen","3TGRqZ0a2l1LRblBkJoaDx","6sFIWsNpZYqfjUpaCgueju","Call Me Maybe","Carly Rae Jepsen","Kiss (Deluxe)","https://open.spotify.com/track/3TGRqZ0a2l1LRblBkJoaDx",0.783,0.58,7,-6.548,1,0.0408,0.0114,2.28e-06,0.108,0.66,120.021,193400,4
"S326","Ex's & Oh's","Elle King","70eDxAyAraNTiD6lx2ZEnH","3bhu7P5PfngueRHiB9hjcx","Ex's & Oh's","Elle King","Love Stuff","https://open.spotify.com/track/70eDxAyAraNTiD6lx2ZEnH",0.612,0.921,7,-2.882,1,0.085,0.0183,0,0.0576,0.446,139.988,202173,4
"S327","The Pleasure Principle","Janet Jackson","1krKp0OXeCH6SI5SXl8tu5","4qwGe91Bz9K2T8jXTZ815W","The Pleasure Principle","Janet Jackson","Control","https://open.spotify.com/track/1krKp0OXeCH6SI5SXl8tu5",0.661,0.711,0,-11.037,1,0.0514,0.428,0.0221,0.132,0.889,116.836,297973,4
"S346","My Humps","Black Eyed Peas","19JdbdEwQI7bCxefMokZO8","1yxSLGMDHlW21z4YXirZDS","My Humps","Black Eyed Peas","Monkey Business","https://open.spotify.com/track/19JdbdEwQI7bCxefMokZO8",0.801,0.682,1,-5.919,0,0.225,0.111,1.56e-05,0.109,0.586,123.95,326960,4
"S347","No Tears Left to Cry","Ariana Grande","2qT1uLXPVPzGgFOx4jtEuo","66CXWjxzNUsdJxJ2JdwvnR","no tears left to cry","Ariana Grande","Sweetener","https://open.spotify.com/track/2qT1uLXPVPzGgFOx4jtEuo",0.699,0.713,9,-5.507,0,0.0594,0.04,3.11e-06,0.294,0.354,121.993,205920,4
"S348","Strong Enough","Cher","144JMbvbR5txNzoZ112wo4","72OaDtakiy6yFqkt4TsiFt","Strong Enough","Cher","Believe","https://open.spotify.com/track/144JMbvbR5txNzoZ112wo4",0.593,0.923,0,-6.19,1,0.101,0.0495,0,0.29,0.587,124.862,224000,4
"S349","I Learned from the Best (HQ2 Radio Mix)","Whitney Houston","7Jilzv5KVTsFzBntCuXBYw","6XpaIBNiVzIetEPCWDvAFP","I Learned from the Best - HQ2 Radio Mix","Whitney Houston","Dance Vault Remixes - I Learned from the Best","https://open.spotify.com/track/7Jilzv5KVTsFzBntCuXBYw",0.685,0.91,8,-6.321,0,0.0887,0.0168,0.001,0.35,0.532,133.961,263573,4
"S350","How You Like That","BLACKPINK","4SFknyjLcyTLJFPKD2m96o","41MozSoPIsD1dJM0CLPjZF","How You Like That","BLACKPINK","THE ALBUM","https://open.spotify.com/track/4SFknyjLcyTLJFPKD2m96o",0.812,0.761,11,-5.222,1,0.0812,0.0465,0.000135,0.0601,0.344,130.032,182956,4
"S351","Be My Lover","La Bouche","7FoUzKTSQp25oe32pY9z5p","488v7rQzthLNK22r0UvMie","Be My Lover","La Bouche","Sweet Dreams","https://open.spotify.com/track/7FoUzKTSQp25oe32pY9z5p",0.669,0.941,1,-5.765,0,0.0313,0.00129,4.3e-06,0.886,0.841,134.809,240267,4
"S352","Hideaway","Kiesza","0c6xIDDpzE81m2q797ordA","4zxvC7CRGvggq9EWXOpwAo","Hideaway","Kiesza","Sound Of A Woman","https://open.spotify.com/track/0c6xIDDpzE81m2q797ordA",0.838,0.72,7,-4.135,0,0.0483,0.0862,0.00697,0.0772,0.204,122.99,251987,4
"S353","I Want You Back","NSYNC","221LRlPHPuevgE1tuUlof9","6Ff53KvcvAj5U7Z1vojB5o","I Want You Back - Radio Edit","*NSYNC","'N Sync UK Version","https://open.spotify.com/track/221LRlPHPuevgE1tuUlof9",0.751,0.939,8,-3.305,0,0.0466,0.0521,0.00056,0.477,0.905,112.041,200440,4
"S354","Something He Can Feel","En Vogue","4htbAEZWr53J08x3dUv00W","5fikk4h5qbEebqK2Fc6e48","Giving Him Something He Can Feel","En Vogue","Funky Divas","https://open.spotify.com/track/4htbAEZWr53J08x3dUv00W",0.496,0.298,9,-10.175,0,0.0405,0.306,1.72e-06,0.0875,0.705,203.824,235707,3
"S355","Bad Bitch Tip","LaLa Ri ft. Ocean Kelly","36LeNokJN38Sl2k6qkH5Or","5sOIZhuDe7GzTTdJMVLmNz","BAD BITCH TIP","LaLa Ri","BAD BITCH TIP","https://open.spotify.com/track/36LeNokJN38Sl2k6qkH5Or",0.775,0.865,2,-5.069,1,0.213,0.0423,0,0.149,0.559,104.068,189952,4
"S356","I'm Goin' Down","Mary J. Blige","0I5mUa3CZPcsrWwlUmTWkV","1XkoF8ryArs86LZvFOkbyr","I'm Goin' Down","Mary J. Blige","My Life","https://open.spotify.com/track/0I5mUa3CZPcsrWwlUmTWkV",0.572,0.324,0,-9.297,1,0.0512,0.737,0,0.124,0.234,94.048,222333,3
"S357","Arrogant","Tamisha Iman","6MmI4fwcClbnQJeIvtmJPm","2nkkdrHs13Onop9WadmkUK","Arrogant","DJ Mitch Ferrino","Arrogant","https://open.spotify.com/track/6MmI4fwcClbnQJeIvtmJPm",0.941,0.909,5,-2.456,0,0.198,0.0747,0.137,0.344,0.356,132.007,222159,4
"S358","Turn It & Burn It","Tina Burner","44DHUjNZI7ngY7qKeZeVY3","1iIQ6rqQj3EmQrPqdy9Dpr","Turn It And Burn It","Tina Burner","Turn It And Burn It","https://open.spotify.com/track/44DHUjNZI7ngY7qKeZeVY3",0.791,0.776,11,-8.662,0,0.367,0.245,0,0.305,0.482,123.801,139355,4
"S359","You Should Be Sad","Halsey","7lidXGPXPYLNThITAOTlkK","26VFTg2z8YR0cCuwLzESi2","You should be sad","Halsey","Manic","https://open.spotify.com/track/7lidXGPXPYLNThITAOTlkK",0.591,0.585,2,-6.35,1,0.0277,0.143,0,0.109,0.324,110.94,205473,4
"S360","Gimme More","Britney Spears","6ic8OlLUNEATToEFU3xmaH","26dSoYclwsYLMAKD3tpOr4","Gimme More","Britney Spears","Blackout","https://open.spotify.com/track/6ic8OlLUNEATToEFU3xmaH",0.788,0.844,2,-3.131,1,0.0334,0.25,0.000678,0.0723,0.382,113.324,251240,4
"S361","Till the World Ends","Britney Spears","38iU2jg98IZZEIJPrP7aWD","26dSoYclwsYLMAKD3tpOr4","Till the World Ends","Britney Spears","Femme Fatale (Deluxe Version)","https://open.spotify.com/track/38iU2jg98IZZEIJPrP7aWD",0.693,0.705,8,-5.747,1,0.0665,0.0228,0,0.202,0.45,131.951,237947,4
"S328","Break My Heart","Dua Lipa","017PF4Q3l4DBUiWoXk4OWT","6M2wZ9GZgrQXHCFfjv46we","Break My Heart","Dua Lipa","Future Nostalgia","https://open.spotify.com/track/017PF4Q3l4DBUiWoXk4OWT",0.73,0.729,4,-3.434,0,0.0884,0.167,1.39e-06,0.349,0.467,113.011,221820,4
"S330","If U Seek Amy","Britney Spears","2hdy9Wt9qp7M7d0U3ossu2","26dSoYclwsYLMAKD3tpOr4","If U Seek Amy","Britney Spears","Circus (Deluxe Version)","https://open.spotify.com/track/2hdy9Wt9qp7M7d0U3ossu2",0.717,0.587,4,-7.296,0,0.0339,0.0192,0,0.0523,0.544,129.954,216520,4
"S332","100% Pure Love","Crystal Waters","66X03EIfE1zm99rd4SfL71","2sd9Q3r0Jhqpe3w9WVuG43","100% Pure Love","Crystal Waters","Storyteller","https://open.spotify.com/track/66X03EIfE1zm99rd4SfL71",0.811,0.697,8,-8.019,1,0.0502,0.0923,0.0144,0.0784,0.712,120.242,280467,4
"S334","Fancy","Iggy Azalea ft. Charli XCX","3oiMJQAWVaxSubJ7b2VUtX","5yG7ZAZafVaAlMTeBybKAL","Fancy","Iggy Azalea","The New Classic (Deluxe Version)","https://open.spotify.com/track/3oiMJQAWVaxSubJ7b2VUtX",0.912,0.716,10,-4.141,0,0.0697,0.0904,0,0.0491,0.377,94.981,199938,4
"S336","Hit 'Em Up Style (Oops!)","Blu Cantrell","4zYTZvtcww7OWKie7fxA9E","6vytZ677lz4LzCrUDcDokM","Hit 'Em Up Style (Oops!)","Blu Cantrell","So Blu","https://open.spotify.com/track/4zYTZvtcww7OWKie7fxA9E",0.667,0.773,5,-4.983,0,0.0586,0.201,0,0.404,0.667,89.976,250707,4
"S338","Whole Lotta Woman","Kelly Clarkson","1nukLnD50ey3rfs6jNnMJa","3BmGtnKgCSGYIUhmivXKWX","Whole Lotta Woman","Kelly Clarkson","Meaning of Life","https://open.spotify.com/track/1nukLnD50ey3rfs6jNnMJa",0.838,0.683,10,-6.205,0,0.146,0.0369,0,0.638,0.458,119.982,173387,4
"S340","Boss","Fifth Harmony","1COvXs6jaykXC73h9OSBVM","1l8Fu6IkuTP0U5QetQJ5Xt","BO$$","Fifth Harmony","Reflection (Deluxe)","https://open.spotify.com/track/1COvXs6jaykXC73h9OSBVM",0.813,0.872,9,-5.224,1,0.107,0.00621,0,0.0498,0.736,103.016,171413,4
"S343","Fascinated","(Company B","1mk6Ts3Rl80ZiRuGdV8ydx","56qkRjq9qsAxK5fc7U5moa","Fascinated","Company B","Company B","https://open.spotify.com/track/1mk6Ts3Rl80ZiRuGdV8ydx",0.744,0.765,1,-12.174,1,0.0344,0.0393,0.707,0.258,0.831,119.743,326467,4
"S414","Water Me","Lizzo","4WbO3H3wFGUdrngpMMs4sF","56oDRnqbIiwx4mymNEv7dS","Water Me","Lizzo","Cuz I Love You (Super Deluxe)","https://open.spotify.com/track/4WbO3H3wFGUdrngpMMs4sF",0.67,0.966,3,-1.994,0,0.177,0.0292,0,0.185,0.77,113.046,185595,4
"S431","Love Don't Cost a Thing","Jennifer Lopez","1fgvJXlcZ7uIddMpqsqw0L","2DlGxzQSjYe5N6G9nkYghR","Love Don't Cost a Thing","Jennifer Lopez","J.Lo","https://open.spotify.com/track/1fgvJXlcZ7uIddMpqsqw0L",0.786,0.842,4,-5.115,0,0.0707,0.00305,3.54e-06,0.473,0.685,97.577,221227,4
"S432","Radio","Beyoncé","1l0LovwzqV3leLDHOz7zJ6","6vWDO969PvNqNYHIOW5v0m","Radio","Beyoncé","I AM...SASHA FIERCE","https://open.spotify.com/track/1l0LovwzqV3leLDHOz7zJ6",0.605,0.763,1,-5.949,1,0.0775,0.129,2.41e-06,0.0839,0.553,135.771,218787,4
"S433","Swept Away","Diana Ross","3U3eFYWcekCDDFnYYctCnp","3MdG05syQeRYPPcClLaUGl","Swept Away","Diana Ross","Swept Away (Expanded Edition)","https://open.spotify.com/track/3U3eFYWcekCDDFnYYctCnp",0.711,0.953,8,-7.872,1,0.0377,0.0194,0.0186,0.317,0.888,119.933,323533,4
"S434","Don't Let Go (Love)","En Vogue","06TuMCjDEYjTOJScCRzmjf","5fikk4h5qbEebqK2Fc6e48","Don't Let Go (Love)","En Vogue","EV3","https://open.spotify.com/track/06TuMCjDEYjTOJScCRzmjf",0.618,0.688,5,-5.867,0,0.0477,0.409,6.32e-06,0.3,0.561,78.311,291880,4
"S435","Never Too Much","Luther Vandross","3nFJbZCHP4d9vduKjJLdBL","19y5MFBH7gohEdGwKM7QsP","Never Too Much","Luther Vandross","Never Too Much","https://open.spotify.com/track/3nFJbZCHP4d9vduKjJLdBL",0.734,0.586,2,-11.866,1,0.129,0.125,0,0.0367,0.762,109.933,230467,4
"S436","Respect","Aretha Franklin","7s25THrKz86DM225dOYwnr","7nwUJBm0HE4ZxD3f5cy5ok","Respect","Aretha Franklin","I Never Loved a Man the Way I Love You","https://open.spotify.com/track/7s25THrKz86DM225dOYwnr",0.805,0.558,0,-5.226,1,0.041,0.164,2.2e-05,0.0546,0.965,114.95,147600,4
"S437","Heartbreak Hotel (Hex Hector Remix)","Whitney Houston ft. Faith Evans, Kelly Price","430gOpaoFqaSx7RyebR9WE","6XpaIBNiVzIetEPCWDvAFP","Heartbreak Hotel (feat. Faith Evans & Kelly Price) - Hex Hector Radio Mix","Whitney Houston","Dance Vault Mixes - Heartbreak Hotel (feat. Faith Evans & Kelly Price)","https://open.spotify.com/track/430gOpaoFqaSx7RyebR9WE",0.749,0.892,3,-6.13,0,0.0619,0.149,2.69e-05,0.121,0.821,130.041,261893,4
"S439","Good 4 U","Olivia Rodrigo","4ZtFanR9U6ndgddUvNcjcG","1McMsnEElThX1knmY4oliG","good 4 u","Olivia Rodrigo","SOUR","https://open.spotify.com/track/4ZtFanR9U6ndgddUvNcjcG",0.563,0.664,9,-5.044,1,0.154,0.335,0,0.0849,0.688,166.928,178147,4
"S441","Telephone","Lady Gaga ft. Beyoncé","7rl7ao5pb9BhvAzPdWStxi","1HY2Jd0NmPuamShAr6KMms","Telephone","Lady Gaga","The Fame Monster (Deluxe Edition)","https://open.spotify.com/track/7rl7ao5pb9BhvAzPdWStxi",0.825,0.832,5,-5.853,0,0.0403,0.00587,0.000789,0.114,0.713,122.021,220627,4
"S444","Gimme! Gimme! Gimme! (A Man After Midnight)","Cher","6dRj3dDseKfeIBfBMRboGN","72OaDtakiy6yFqkt4TsiFt","Gimme! Gimme! Gimme! (A Man After Midnight)","Cher","Gimme! Gimme! Gimme! (A Man After Midnight)","https://open.spotify.com/track/6dRj3dDseKfeIBfBMRboGN",0.616,0.695,9,-5.733,0,0.0423,0.0147,0,0.492,0.382,119.01,251293,4
"S415","Fallin'","Alicia Keys","0KQx6HOpJueiSkztcS0r7D","3DiDSECUqqY1AuBP8qtaIa","Fallin'","Alicia Keys","Songs In A Minor","https://open.spotify.com/track/0KQx6HOpJueiSkztcS0r7D",0.652,0.609,11,-7.519,0,0.037,0.263,0.00101,0.233,0.482,95.986,210200,3
"S416","I Love It","Kylie Minogue","6g225JcOUd88PRslWGsRD3","4RVnAU35WRWra6OZ3CbbMA","I Love It","Kylie Minogue","DISCO (Deluxe)","https://open.spotify.com/track/6g225JcOUd88PRslWGsRD3",0.573,0.85,0,-4.064,1,0.0559,0.00131,0.000571,0.411,0.665,119.873,230080,4
"S417","Play","Jennifer Lopez","7fFCnttacpotkyhTOxKv14","2DlGxzQSjYe5N6G9nkYghR","Play","Jennifer Lopez","J.Lo","https://open.spotify.com/track/7fFCnttacpotkyhTOxKv14",0.775,0.729,1,-4.229,0,0.162,0.0303,0.00247,0.0361,0.895,104.719,211493,4
"S419","My Head & My Heart","Ava Max","1KixkQVDUHggZMU9dUobgm","4npEfmQ6YuiwW1GpUmaq3F","My Head & My Heart","Ava Max","Heaven & Hell","https://open.spotify.com/track/1KixkQVDUHggZMU9dUobgm",0.614,0.934,9,-3.709,0,0.07,0.0697,0,0.121,0.436,116.001,174760,4
"S421","Suga Mama","Beyoncé","7hrrhtzmyTcULmNlYlcxJO","6vWDO969PvNqNYHIOW5v0m","Suga Mama","Beyoncé","B'Day","https://open.spotify.com/track/7hrrhtzmyTcULmNlYlcxJO",0.682,0.939,9,-4.054,0,0.284,0.226,0.000315,0.346,0.615,93.81,204813,4
"S423","One Way or Another","Blondie","59CLe8stbcx4XYBWdsfbwK","4tpUmLEVLCGFr93o8hFFIB","One Way Or Another","Blondie","Parallel Lines","https://open.spotify.com/track/59CLe8stbcx4XYBWdsfbwK",0.442,0.922,2,-5.086,1,0.0655,0.0532,3.86e-06,0.0768,0.855,162.272,217364,4
"S425","Un-Break My Heart (Hex Hector Remix)","Toni Braxton","18pF4zBSsZ8LhNyVUvWoTj","3X458ddYA2YcVWuVIGGOYe","Un-Break My Heart - Soul Hex Anthem Vocal","Toni Braxton","Un-Break My Heart: The Remix Collection","https://open.spotify.com/track/18pF4zBSsZ8LhNyVUvWoTj",0.752,0.916,2,-3.621,1,0.0412,0.0686,0.0779,0.0528,0.648,125.083,351200,4
"S427","Something's Got a Hold on Me","Etta James","6EAlFsajDK1PVgfhdJbS5Y","0iOVhN3tnSvgDbcg25JoJb","Something's Got A Hold On Me","Etta James","Heart & Soul: A Retrospective","https://open.spotify.com/track/6EAlFsajDK1PVgfhdJbS5Y",0.471,0.585,1,-6.105,1,0.0822,0.786,0,0.811,0.655,150.719,169747,4
"S217","รักยังไม่ต้องการ (I Don't Want Love Yet)","Marsha Vadhanapanich",NA,NA,NA,NA,NA,NA,NA,NA,NA,NA,NA,NA,NA,NA,NA,NA,NA,NA,NA
"S219","O.K.นะคะ (O.K. Yes)","Katreeya English",NA,NA,NA,NA,NA,NA,NA,NA,NA,NA,NA,NA,NA,NA,NA,NA,NA,NA,NA
"S221","Dhoom Dhoom","Tata Young","680su2851wO74z7uNBcAbF","1wRPtKGflJrBx9BmLsSwlU","Dhoom Dhoom","Pritam","Dhoom","https://open.spotify.com/track/680su2851wO74z7uNBcAbF",0.63,0.905,11,-6.043,0,0.0879,0.0208,0.258,0.377,0.512,101.431,261590,4
"S225","เพลงสุดท้าย (Last Song)","Suda Chuenban",NA,NA,NA,NA,NA,NA,NA,NA,NA,NA,NA,NA,NA,NA,NA,NA,NA,NA,NA
"S227","Crazy in Love","Beyoncé ft. Jay-Z","5IVuqXILoxVWvWEPm82Jxr","6vWDO969PvNqNYHIOW5v0m","Crazy In Love (feat. Jay-Z)","Beyoncé","Dangerously In Love","https://open.spotify.com/track/5IVuqXILoxVWvWEPm82Jxr",0.646,0.77,2,-6.596,0,0.226,0.00249,0,0.0715,0.681,99.165,236133,4
"S451","Born Naked","RuPaul","20GNVIllZWk2vF8p6Cz7uP","2SdOKxC1sSxEyv8JYERaNe","Born Naked (feat. Clairy Browne)","RuPaul","Born Naked","https://open.spotify.com/track/20GNVIllZWk2vF8p6Cz7uP",0.634,0.86,4,-3.55,1,0.206,0.0207,0,0.464,0.648,141.857,203253,4
"S263","This Is Me","Keala Settle","45aBsnKRWUzhwbcqOJLwfe","7HV2RI2qNug4EcQqLbCAKS","This Is Me","Keala Settle","The Greatest Showman (Original Motion Picture Soundtrack)","https://open.spotify.com/track/45aBsnKRWUzhwbcqOJLwfe",0.284,0.704,2,-7.276,1,0.186,0.00583,0.000115,0.0424,0.1,191.702,234707,4
"S265","Last Dance","Selena","2XDjnmKH1mocsuJhehyyMF","2QiFmdR414Dw9kTGW9LvrS","Save Me a Last Dance (feat. Selena)","Ell Dog","Views of the D","https://open.spotify.com/track/2XDjnmKH1mocsuJhehyyMF",0.774,0.929,9,-4.986,1,0.227,0.000811,1.22e-06,0.245,0.828,94.97,171311,4
"S245","I Will Survive หมอลำ (I Will Survive Mor Lam)","Saisunee Sukkrit",NA,NA,NA,NA,NA,NA,NA,NA,NA,NA,NA,NA,NA,NA,NA,NA,NA,NA,NA
"S249","ขอใจเธอแลกเบอร์โทร (Your Heart for My Number)","Yinglee Srijumpol",NA,NA,NA,NA,NA,NA,NA,NA,NA,NA,NA,NA,NA,NA,NA,NA,NA,NA,NA
"S251","จดหมายจากเมียเช่า (A Letter from a Wife)","Mani Maniwan",NA,NA,NA,NA,NA,NA,NA,NA,NA,NA,NA,NA,NA,NA,NA,NA,NA,NA,NA
"S253","สุดฤทธิ์สุดเดช (Suprit Suddet)","Mai Charoenpura",NA,NA,NA,NA,NA,NA,NA,NA,NA,NA,NA,NA,NA,NA,NA,NA,NA,NA,NA
"S255","เจ็บนิด...นิด (It Hurts a Little... a Little)","Rhatha Phongam",NA,NA,NA,NA,NA,NA,NA,NA,NA,NA,NA,NA,NA,NA,NA,NA,NA,NA,NA
"S257","กินจุ๊บจิ๊บ (Eat Kiss Jib)","Pornchita na Songkhla",NA,NA,NA,NA,NA,NA,NA,NA,NA,NA,NA,NA,NA,NA,NA,NA,NA,NA,NA
"S259","Lady Marmalade","Christina Aguilera, Lil' Kim, Mýa, Pink","7GQqj9jRtDkMp8zByehXQI","1l7ZsJRRS8wlW3WfJfPfNS","Lady Marmalade - From ""Moulin Rouge"" Soundtrack","Christina Aguilera","Moulin Rouge","https://open.spotify.com/track/7GQqj9jRtDkMp8zByehXQI",0.756,0.808,5,-3.655,1,0.0541,0.0175,3.67e-06,0.66,0.638,109.902,264847,4
"S261","หางเครื่อง (Dancer)","Sukanya Nakpradit",NA,NA,NA,NA,NA,NA,NA,NA,NA,NA,NA,NA,NA,NA,NA,NA,NA,NA,NA
"S277","New Rules","Dua Lipa","2ekn2ttSfGqwhhate0LSR0","6M2wZ9GZgrQXHCFfjv46we","New Rules","Dua Lipa","Dua Lipa (Deluxe)","https://open.spotify.com/track/2ekn2ttSfGqwhhate0LSR0",0.762,0.7,9,-6.021,0,0.0694,0.00261,1.56e-05,0.153,0.608,116.073,209320,4
"S278","Venus","Bananarama","4XX1pFUkQOZTYp6Hb6a6Ae","3sc7iUG1Wwpwx7bHeZolgx","Venus","Bananarama","True Confessions (Collector's Edition)","https://open.spotify.com/track/4XX1pFUkQOZTYp6Hb6a6Ae",0.722,0.961,9,-4.812,1,0.0514,0.0883,0.61,0.278,0.91,126.113,229165,4
"S279","Spice Up Your Life","Spice Girls","5qGwqO0lkbBXw4xNfzT7SF","0uq5PttqEjj3IH1bzwcrXF","Spice Up Your Life","Spice Girls","Spiceworld","https://open.spotify.com/track/5qGwqO0lkbBXw4xNfzT7SF",0.556,0.993,1,-5.067,1,0.0464,0.0105,0.0341,0.403,0.702,124.016,173667,4
"S280","Power","Little Mix","0lUSd7TCG8srh6HpIAEIWL","3e7awlrlDSwF3iM0WBjGMp","Power","Little Mix","Glory Days (Expanded Edition)","https://open.spotify.com/track/0lUSd7TCG8srh6HpIAEIWL",0.566,0.855,7,-4.016,1,0.211,0.0372,0.000157,0.181,0.517,172.966,247840,4
"S281","Call My Name (Wideboys Remix)","Cheryl",NA,NA,NA,NA,NA,NA,NA,NA,NA,NA,NA,NA,NA,NA,NA,NA,NA,NA,NA
"S282","Tears Dry on Their Own","Amy Winehouse","7MDfN1ldfTMtuXXdVz2Pzc","6Q192DXotxtaysaqNPy5yR","Tears Dry On Their Own","Amy Winehouse","Back To Black (Deluxe Edition)","https://open.spotify.com/track/7MDfN1ldfTMtuXXdVz2Pzc",0.634,0.543,1,-13.391,0,0.181,0.525,0,0.232,0.467,121.557,186440,4
"S283","I'm Your Man","Wham!","2gG7E5OZi5D5QLRIctv63z","5lpH0xAS4fVfLkACg9DAuM","I'm Your Man","Wham!","The Final","https://open.spotify.com/track/2gG7E5OZi5D5QLRIctv63z",0.756,0.837,2,-6.943,1,0.051,0.297,0,0.0567,0.588,132.146,243093,4
"S329","Relax","Frankie Goes to Hollywood","2K22nUTdyr48JDwI5t906t","1mZu3rO7qSD09GdDpePHhY","Relax","Frankie Goes To Hollywood","Welcome To The Pleasuredome","https://open.spotify.com/track/2K22nUTdyr48JDwI5t906t",0.676,0.695,11,-13.395,0,0.0392,0.326,1.09e-05,0.0462,0.691,114.93,236800,4
"S345","I'm Still Standing","Elton John","1jDJFeK9x3OZboIAHsY9k2","3PhoLpVuITZKcymswpck5b","I'm Still Standing","Elton John","Too Low For Zero","https://open.spotify.com/track/1jDJFeK9x3OZboIAHsY9k2",0.504,0.904,6,-6.863,1,0.179,0.356,0.121,0.14,0.772,176.808,183440,4
"S331","Memory","Elaine Paige","6wNNhduAv04cytUxHgYv1F","7KckozT8XPOqtgJjpAcrnA","Memory","Elaine Paige","Stages","https://open.spotify.com/track/6wNNhduAv04cytUxHgYv1F",0.198,0.155,3,-15.993,1,0.0358,0.743,0.00149,0.344,0.086,175.152,251693,3
"S333","Don't Start Now","Dua Lipa","3PfIrDoz19wz7qK7tYeu62","6M2wZ9GZgrQXHCFfjv46we","Don't Start Now","Dua Lipa","Future Nostalgia","https://open.spotify.com/track/3PfIrDoz19wz7qK7tYeu62",0.793,0.793,11,-4.521,0,0.083,0.0123,0,0.0951,0.679,123.95,183290,4
"S335","You Keep Me Hangin' On","Kim Wilde","1wEeNtO7z41aUqC80shxqK","73a6pNH4YtLNgDbPQwXveo","You Keep Me Hangin On","Kim Wilde","Another Step","https://open.spotify.com/track/1wEeNtO7z41aUqC80shxqK",0.686,0.682,7,-12.154,0,0.033,0.0806,0.000155,0.14,0.708,123.44,255220,4
"S337","Don't Leave Me This Way","The Communards","0ire4j2mcGovF5JA1D2cTp","17U2ImH5IyYMvjkCfPhMHT","Don't Leave Me This Way (with Sarah Jane Morris)","The Communards","Communards","https://open.spotify.com/track/0ire4j2mcGovF5JA1D2cTp",0.64,0.926,3,-5.597,1,0.0322,0.135,2.04e-06,0.134,0.901,131.997,271067,4
"S339","Touch Me (All Night Long)","Cathy Dennis","1XF7umKqStpKnL2d2YZ53V","2zVsfeSyFbCey7rq7PasHp","Touch Me (All Night Long) - 7"" Mix","Cathy Dennis","Move To This (Polydor Expanded Edition)","https://open.spotify.com/track/1XF7umKqStpKnL2d2YZ53V",0.655,0.776,10,-10.298,0,0.0326,0.00326,0.081,0.307,0.454,118.01,209067,4
"S341","Don't Be So Hard on Yourself","Jess Glynne","6jF1nHIMESqft9p33tQYPn","4ScCswdRlyA23odg9thgIO","Don't Be so Hard on Yourself","Jess Glynne","I Cry When I Laugh","https://open.spotify.com/track/6jF1nHIMESqft9p33tQYPn",0.571,0.815,6,-3.267,1,0.0321,0.0608,0,0.163,0.664,120.008,211460,4
"S342","You Don't Have to Say You Love Me","Dusty Springfield","0q8nQ0H4ad4KYcZdrTZPux","5zaXYwewAXedKNCff45U5l","You Don't Have To Say You Love Me","Dusty Springfield","You Don't Have To Say You Love Me","https://open.spotify.com/track/0q8nQ0H4ad4KYcZdrTZPux",0.317,0.513,2,-9.24,0,0.0339,0.455,0,0.0719,0.627,111.5,170440,3
"S344","Last Thing on My Mind","Steps","2al4aCEf88iUKzM2LpMo3V","17UkABEasVRlCcIFZ3wHb7","Last Thing on My Mind","Steps","Step One","https://open.spotify.com/track/2al4aCEf88iUKzM2LpMo3V",0.725,0.935,9,-4.6,1,0.0307,0.266,0.0397,0.119,0.635,130.321,184427,4
"S396","Sweet Melody","Little Mix","76Tuo484SLohJakHLnGI3B","3e7awlrlDSwF3iM0WBjGMp","Sweet Melody","Little Mix","Confetti","https://open.spotify.com/track/76Tuo484SLohJakHLnGI3B",0.448,0.824,5,-4.249,0,0.057,0.0739,0,0.113,0.419,119.965,213693,4
"S397","Total Eclipse of the Heart","Bonnie Tyler","7wuJGgpTNzbUyn26IOY6rj","0SD4eZCN4Kr0wQk56hCdh2","Total Eclipse of the Heart","Bonnie Tyler","The Very Best of Bonnie Tyler","https://open.spotify.com/track/7wuJGgpTNzbUyn26IOY6rj",0.431,0.723,8,-5.887,1,0.0568,0.145,0,0.374,0.19,130.141,267360,4
"S407","You Don't Own Me","(Dusty Springfield","0UW3PzFqmfDW3sAqLwC8PY","5zaXYwewAXedKNCff45U5l","You Don't Own Me","Dusty Springfield","Stay Awhile / I Only Want To Be With You","https://open.spotify.com/track/0UW3PzFqmfDW3sAqLwC8PY",0.353,0.66,7,-6.101,1,0.034,0.754,0,0.0793,0.559,100.278,149400,3
"S398","Moving on Up","M People","6vGW3d8X48CBaLdU0PQbey","3lcbKPLl0ci2mKRdcP5Etf","Moving on Up","M People","The Best Of M People","https://open.spotify.com/track/6vGW3d8X48CBaLdU0PQbey",0.899,0.857,0,-6.128,0,0.037,0.0499,0.0299,0.112,0.961,125.072,215533,4
"S399","I've Got the Music in Me","The Kiki Dee Band","56Hj2uB2lrzgVNXw43UndV","4Z6WehLCUZYmz0RJL8CXCw","I've Got the Music in Me (In the Style of Kiki Dee Band) - Karaoke Version","ProSource Karaoke","I've Got the Music in Me (In the Style of Kiki Dee Band) [Karaoke Version] - Single","https://open.spotify.com/track/56Hj2uB2lrzgVNXw43UndV",0.565,0.542,7,-7.722,1,0.0299,0.165,0.0411,0.644,0.399,121.494,307866,4
"S400","Who Do You Think You Are","Spice Girls","1jI1aLmm5HTwiMtvsbwDJw","0uq5PttqEjj3IH1bzwcrXF","Who Do You Think You Are","Spice Girls","Spice","https://open.spotify.com/track/1jI1aLmm5HTwiMtvsbwDJw",0.727,0.83,6,-6.658,0,0.0376,0.0226,0.00356,0.73,0.899,118.002,240707,4
"S401","Big Spender","Shirley Bassey","3wFxvVpzsOJ4Ag54i2Nr5A","090VebphoycdEyH165iMqc","Big Spender","Shirley Bassey","Diamonds: The Best of Shirley Bassey","https://open.spotify.com/track/3wFxvVpzsOJ4Ag54i2Nr5A",0.711,0.375,7,-9.149,1,0.0981,0.721,0,0.082,0.619,126.243,110267,4
"S402","Shout","Lulu and The Luvvers","0fRtV3nteuYNhpYrOEWKaD","4N3yBX8wmW8uAXW7MdXwdb","Shout","Lulu And The Luvvers","Something To Shout About","https://open.spotify.com/track/0fRtV3nteuYNhpYrOEWKaD",0.465,0.728,9,-11.116,1,0.0377,0.534,0.000252,0.37,0.87,143.744,173827,4
"S403","Scandalous","(Mis-Teeq","3stnrhzN0lzZFskbaZ5sEw","6csA2rxNLkQJXeEa7lyGXn","Scandalous - U.S. Radio Edit","Mis-Teeq","Mis-Teeq","https://open.spotify.com/track/3stnrhzN0lzZFskbaZ5sEw",0.734,0.668,0,-3.935,0,0.0349,0.0526,0,0.0925,0.651,99.971,238840,4
"S404","Something New","Girls Aloud","31a7zOMhffLZ0i2vbHSTeH","12EtLdLfJ41vUOoVzPZIUy","Something New","Girls Aloud","Ten","https://open.spotify.com/track/31a7zOMhffLZ0i2vbHSTeH",0.626,0.915,6,-3.123,0,0.0825,0.011,0,0.108,0.763,119.993,201042,4
"S405","Hallucinate","Dua Lipa","1nYeVF5vIBxMxfPoL0SIWg","6M2wZ9GZgrQXHCFfjv46we","Hallucinate","Dua Lipa","Future Nostalgia","https://open.spotify.com/track/1nYeVF5vIBxMxfPoL0SIWg",0.627,0.69,10,-5.396,0,0.139,0.033,0,0.0742,0.627,122.053,208505,4
"S305","I Really Like You","Carly Rae Jepsen","2hHLbkatPwOOmrNxTiD41L","6sFIWsNpZYqfjUpaCgueju","I Really Like You","Carly Rae Jepsen","Emotion (Deluxe Expanded Edition)","https://open.spotify.com/track/2hHLbkatPwOOmrNxTiD41L",0.62,0.805,5,-5.538,1,0.0417,0.00564,9.15e-05,0.285,0.586,122.062,204764,4
"S318","You're a Superstar","Love Inc.","0F7HW6u4LdXDxuCJynN9bF","3l92Uh3rqMSv8blPDWNTZx","You're a Superstar - Radio Edit","Love Inc.","00s Party Mixtape","https://open.spotify.com/track/0F7HW6u4LdXDxuCJynN9bF",0.727,0.783,1,-9.971,1,0.0325,0.371,0.0166,0.11,0.649,135.022,210613,4
"S307","If You Could Read My Mind","Ultra Naté, Amber, Jocelyn Enriquez","4l4s3IARxPjby8OOaRrFbg","1cK2Abwkni7m51wJCSGllN","If You Could Read My Mind","Ultra Naté","If You Could Read My Mind","https://open.spotify.com/track/4l4s3IARxPjby8OOaRrFbg",0.61,0.88,3,-7.407,1,0.0741,0.0399,0,0.284,0.39,126.981,206773,4
"S309","Absolutely Not (Chanel Club Mix)","Deborah Cox","2Qo9jlq1X3luf3ueow7ZGR","601893mmW5hl1FBOykWZHG","Absolutely Not - Chanel Club Extended Mix Edit","Deborah Cox","The Morning After","https://open.spotify.com/track/2Qo9jlq1X3luf3ueow7ZGR",0.738,0.908,1,-4.899,0,0.0425,0.0129,5.8e-05,0.153,0.762,130.012,246400,4
"S311","Girlfriend","Avril Lavigne","45hOioMDJktr86iKDHC8gr","0p4nmQO2msCgU4IF37Wi3j","Girlfriend","Avril Lavigne","The Best Damn Thing (Expanded Edition)","https://open.spotify.com/track/45hOioMDJktr86iKDHC8gr",0.56,0.959,7,-2.433,1,0.102,0.000722,0.000221,0.209,0.669,163.983,216600,4
"S313","I Drove All Night","Céline Dion","3zN4OLeBAN7LwAr442bB8E","4S9EykWXhStSc15wEx8QFK","I Drove All Night","Céline Dion","One Heart","https://open.spotify.com/track/3zN4OLeBAN7LwAr442bB8E",0.566,0.912,11,-4.198,1,0.0629,0.00051,0,0.215,0.644,134.994,240600,4
"S314","Scars to Your Beautiful","Alessia Cara","0wI7QkCcs8FUQE1OkXUIqd","2wUjUUtkb5lvLKcGKsKqsR","Scars To Your Beautiful","Alessia Cara","Know-It-All","https://open.spotify.com/track/0wI7QkCcs8FUQE1OkXUIqd",0.573,0.739,0,-5.74,1,0.129,0.0285,0,0.111,0.451,97.085,230240,4
"S315","Hello","Allie X","5s1VKglR9uPZL6H3VVNK9P","0wnYgCeP013HkKoOyC5V32","Hello","Allie X","Collxtion I","https://open.spotify.com/track/5s1VKglR9uPZL6H3VVNK9P",0.63,0.815,9,-2.752,1,0.0351,0.0128,1.19e-05,0.114,0.515,140.002,228299,4
"S316","You Oughta Know","Alanis Morissette","3jS7bB0oXVOwGFZn3aE5NV","6ogn9necmbUdCppmNnGOdi","You Oughta Know - 2015 Remaster","Alanis Morissette","Jagged Little Pill (2015 Remaster)","https://open.spotify.com/track/3jS7bB0oXVOwGFZn3aE5NV",0.665,0.834,4,-7.737,1,0.0576,0.21,0,0.452,0.411,105.292,249493,4
"S317","Closer","Tegan and Sara","4dTVgHZFPlaq9nPbLVVLSG","5e1BZulIiYWPRm8yogwUYH","Closer","Tegan and Sara","Heartthrob","https://open.spotify.com/track/4dTVgHZFPlaq9nPbLVVLSG",0.588,0.751,0,-7.588,1,0.0328,0.00174,6.57e-05,0.353,0.52,136.979,209280,4
"S319","Why Tell Me, Why","Anita Meyer","1bYgVuthr7VOXDpH6fGfcm","7xxVm0cM4x7TUBadZQuz3S","Why Tell Me Why","Anita Meyer","Alle 40 Goed - Anita Meyer","https://open.spotify.com/track/1bYgVuthr7VOXDpH6fGfcm",0.642,0.675,1,-8.476,0,0.0483,0.0524,0,0.0918,0.416,112.334,211827,4
"S320","I Wanna Dance with Somebody (Who Loves Me)","Whitney Houston","2tUBqZG2AbRi7Q0BIrVrEj","6XpaIBNiVzIetEPCWDvAFP","I Wanna Dance with Somebody (Who Loves Me)","Whitney Houston","Whitney","https://open.spotify.com/track/2tUBqZG2AbRi7Q0BIrVrEj",0.709,0.824,1,-8.824,1,0.0453,0.207,0.000307,0.0888,0.867,118.818,291293,4
"S321","Girl","Anouk","5zhee6Apgg8QqeJObO4k1d","6ltVunYjAAD70YtVO6rxvX","Girl","Anouk","Hotel New York","https://open.spotify.com/track/5zhee6Apgg8QqeJObO4k1d",0.672,0.803,4,-4.693,1,0.0285,0.00753,0,0.0597,0.794,136.007,210733,4
"S322","9 to 5","Dolly Parton","4w3tQBXhn5345eUXDGBWZG","32vWCbZh0xZ4o9gkz4PsEU","9 to 5","Dolly Parton","9 To 5 And Odd Jobs","https://open.spotify.com/track/4w3tQBXhn5345eUXDGBWZG",0.554,0.783,6,-5.852,1,0.0457,0.416,1.54e-06,0.631,0.813,105.39,162467,4
"S362","Tragedy","Bee Gees","6UXXeFqMBGiqjkzQzkMT3E","1LZEQNv7sE11VDY3SdxQeN","Tragedy","Bee Gees","Spirits Having Flown","https://open.spotify.com/track/6UXXeFqMBGiqjkzQzkMT3E",0.665,0.532,2,-10.793,1,0.0277,0.0889,0.0109,0.296,0.81,117.955,303333,4
"S363","I'm That Bitch","RuPaul","1f2cBGbsFTyMH1LwlrE4kB","082jBeu8MzgcpEAYU56yJt","I'm That Bitch","The Cast of RuPaul's Drag Race, Season 12","I'm That Bitch","https://open.spotify.com/track/1f2cBGbsFTyMH1LwlrE4kB",0.872,0.732,5,-7.043,0,0.146,0.00826,0,0.0256,0.605,98.085,250054,4
"S364","Shake Your Groove Thing","Peaches & Herb","5o89Bf80t8ko3uNXJkYoVs","6qI4LTzMRpTxRzMZPvv2C6","Shake Your Groove Thing","Peaches & Herb","2 Hot!","https://open.spotify.com/track/5o89Bf80t8ko3uNXJkYoVs",0.863,0.726,9,-6.649,1,0.0494,0.415,0.0299,0.0735,0.93,132.574,346133,4
"S365","I Begin to Wonder","Dannii Minogue","5OKjyuulniceXswXHLYZqV","6XCS9JCn56Q252cMOTbeq6","I Begin to Wonder","Dannii Minogue","Neon Nights (Deluxe Version)","https://open.spotify.com/track/5OKjyuulniceXswXHLYZqV",0.77,0.741,1,-9.252,0,0.0417,0.0234,7.2e-05,0.242,0.951,125.056,220000,4
"S366","Absolutely Everybody","Vanessa Amorosi","1uMBrZjBfELQuCpw2p4q5G","5M0fvL9GMc2zTuIIQwresj","Absolutely Everybody","Vanessa Amorosi","Shine","https://open.spotify.com/track/1uMBrZjBfELQuCpw2p4q5G",0.672,0.956,1,-5.253,1,0.0827,0.283,0,0.192,0.85,122.994,222440,4
"S368","Better the Devil You Know","Kylie Minogue","3dpvfWZYPcPGz8vRZN2yUt","4RVnAU35WRWra6OZ3CbbMA","Better the Devil You Know","Kylie Minogue","Rhythm of Love","https://open.spotify.com/track/3dpvfWZYPcPGz8vRZN2yUt",0.579,0.98,10,-4.937,0,0.051,0.0215,0.241,0.0255,0.606,120.029,233680,4
"S370","Untouched","The Veronicas","0KlahhzNb98zyN83Vwae0l","1dIdBZaaHRW2bDTkHNfWln","Untouched","The Veronicas","Hook Me Up","https://open.spotify.com/track/0KlahhzNb98zyN83Vwae0l",0.557,0.783,6,-4.893,0,0.234,0.0171,0.0172,0.151,0.442,177.008,255360,4
"S372","Physical","Olivia Newton-John","4gitetlGHZ9LfuJhwUhEhF","4BoRxUdrcgbbq1rxJvvhg9","Physical - Remastered 2021","Olivia Newton-John","Physical (Deluxe Edition)","https://open.spotify.com/track/4gitetlGHZ9LfuJhwUhEhF",0.84,0.728,4,-8.473,0,0.0436,0.127,0.00114,0.114,0.74,124.066,225993,4
"S367","Sobreviviré","Mónica Naranjo","5WovBMPS14QCqKgBEM1PaO","0zGM73sadbAOBLev02P8LO","Sobreviviré","Monica Naranjo","Renaissance (Boxset)","https://open.spotify.com/track/5WovBMPS14QCqKgBEM1PaO",0.582,0.835,4,-4.962,1,0.0361,0.0123,6.25e-06,0.149,0.376,132.077,296507,4
"S369","Veneno pa tu piel","La Veneno","0L200jJnjlpQPmK9x6fd7j","3W9RxQ28bGM5QyBO7iFO2I","Veneno Pa Tu Piel - Remastered","Cristina ""La Veneno""","Veneno Pa Tu Piel","https://open.spotify.com/track/0L200jJnjlpQPmK9x6fd7j",0.689,0.941,7,-7.181,0,0.0439,0.0246,0.0181,0.191,0.702,125.025,238666,4
"S371","Mocatriz","Ojete Calor","4FpRhJ7lOtetHL1zwZSYuP","39OG2j99BjXdZbgj9mgF9x","Mocatriz","Ojete Calor","Mocatriz","https://open.spotify.com/track/4FpRhJ7lOtetHL1zwZSYuP",0.738,0.879,8,-4.984,0,0.0409,0.00177,0.000293,0.133,0.635,136.97,237228,4
"S373","Pussy","Bad Gyal","2b3lUT9emXS3GudBXk9Br2","4F4pp8NUW08JuXwnoxglpN","Pussy","Bad Gyal","Pussy","https://open.spotify.com/track/2b3lUT9emXS3GudBXk9Br2",0.868,0.67,11,-6.453,0,0.0738,0.0883,4.72e-05,0.159,0.593,94.067,137533,4
"S376","Espectacular","Fangoria","36JGdAr8Ode1yaAKn4fy3L","7CJiKj8TrQSms0WSCKbHm4","Espectacular","Fangoria","Miscelánea de canciones para robótica avanzada","https://open.spotify.com/track/36JGdAr8Ode1yaAKn4fy3L",0.628,0.953,8,-4.857,1,0.0526,0.0543,0.000763,0.121,0.631,125.034,237310,4
"S378","Aute Cuture","Rosalía","7dQFpbs34ufIEU745DVclf","7ltDVBr6mKbRvohxheJ9h1","Aute Cuture","ROSALÍA","Aute Cuture","https://open.spotify.com/track/7dQFpbs34ufIEU745DVclf",0.747,0.643,7,-6.991,1,0.178,0.0756,0.00894,0.355,0.538,99.981,147626,4
"S380","Cuando tú vas","Chenoa","4dnulY0BYSEyoSTd6Op24y","0i3ypO6G38iZmANDHWZxlY","Cuando Tú Vas","Chenoa","Básicos","https://open.spotify.com/track/4dnulY0BYSEyoSTd6Op24y",0.7,0.837,11,-5.555,0,0.217,0.0844,0,0.628,0.665,136.035,198133,4
"S383","La gata bajo la lluvia","Rocío Dúrcal","2kfSFdq2h0xLXq01em1zc7","2uyweLa0mvPZH6eRzDddeB","La Gata Bajo la Lluvia","Rocío Dúrcal","Sus 16 Grandes Exitos","https://open.spotify.com/track/2kfSFdq2h0xLXq01em1zc7",0.499,0.648,7,-5.812,1,0.0331,0.723,0,0.576,0.464,88.14,219107,4
"S438","Todos me miran","Gloria Trevi","4pmRDyDRRiZ5Pq7hm4WTpb","1Db5GsIoVWYktPoD2nnPZZ","Todos Me Miran","Gloria Trevi","La Trayectoria","https://open.spotify.com/track/4pmRDyDRRiZ5Pq7hm4WTpb",0.745,0.844,3,-6.709,0,0.0609,0.0216,0,0.0617,0.829,125.042,204907,4
"S450","Ni tú ni nadie","Alaska y Dinarama","7LpS82vPDLgZAHWRtWBBRj","2mDlFcPtgXtLF1gEshEInh","Ni tú ni nadie","Alaska Y Dinarama","Deseo Carnal","https://open.spotify.com/track/7LpS82vPDLgZAHWRtWBBRj",0.601,0.677,7,-10.564,1,0.0285,0.519,2.77e-06,0.153,0.677,137.813,217000,4
"S440","Yo quiero bailar","Sonia & Selena","4rFCPjKfgbEeNvs1Ku4nbd","0wWRxCuyckZOJQVEGqE1f8","Yo Quiero Bailar","Sonia Y Selena","Yo Quiero Bailar","https://open.spotify.com/track/4rFCPjKfgbEeNvs1Ku4nbd",0.628,0.948,11,-5.982,1,0.0828,0.161,0.000166,0.316,0.909,133.952,213067,4
"S442","Un año de amor","Luz Casal","7EANhLnU0DW0SZf8e4dPDm","1HUbv0v2f9HNE6qIbB35El","Un año de amor","Luz Casal","A Contraluz","https://open.spotify.com/track/7EANhLnU0DW0SZf8e4dPDm",0.385,0.32,9,-6.203,0,0.0298,0.394,2.7e-05,0.0916,0.452,189.148,201387,3
"S443","Baloncesto","La Prohibida","3kKZjk2p2j3O7iARjoxeam","1sHPujXeed3zTvHlpbqdtl","Baloncesto","La Prohibida","100k Años de Luz","https://open.spotify.com/track/3kKZjk2p2j3O7iARjoxeam",0.599,0.718,10,-6.392,1,0.0288,0.000324,6.86e-05,0.194,0.777,126.005,281187,4
"S445","Arrasando","Thalía","261VBtny8MLOitxnb8CqMI","23wEWD21D4TPYiJugoXmYb","Arrasando","Thalia","El Orgullo Va Primero","https://open.spotify.com/track/261VBtny8MLOitxnb8CqMI",0.727,0.985,2,-5.949,1,0.0564,0.052,0.0112,0.663,0.912,131.943,239733,4
"S446","Se nos rompió el amor","Rocío Jurado","5V8MiatwmSYw80Teq4d3li","1FlYevYLENR3IMgMlnMvf9","Se nos rompió el amor","Rocío Jurado","Tan Solo Una Mujer","https://open.spotify.com/track/5V8MiatwmSYw80Teq4d3li",0.302,0.461,4,-10.694,0,0.0374,0.3,0,0.157,0.242,176.166,271693,3
"S447","Qué dolor","Raffaella Carrà","01GkZgsAJH7vYvkI0a7nC5","6EVyI0S0b1Ld2nm37m5x85","Qué dolor","Raffaella Carrà","'82 (en español)","https://open.spotify.com/track/01GkZgsAJH7vYvkI0a7nC5",0.72,0.951,0,-6.545,1,0.0637,0.627,0,0.263,0.968,157.468,206800,4
"S448","Fuego","Eleni Foureira","4TwWOcvjY1qt3QJvtveAGm","39E15l8zeCDYpSZwFNX4G2","Fuego","Eleni Foureira","Fuego","https://open.spotify.com/track/4TwWOcvjY1qt3QJvtveAGm",0.586,0.739,11,-4.584,0,0.105,0.0558,0,0.579,0.522,101.033,183397,4
"S449","El Anillo","Jennifer Lopez","2SpfMQ5TuKsMj1trNwrLVA","2DlGxzQSjYe5N6G9nkYghR","El Anillo","Jennifer Lopez","El Anillo","https://open.spotify.com/track/2SpfMQ5TuKsMj1trNwrLVA",0.87,0.691,2,-4.11,0,0.18,0.0248,0,0.0861,0.469,130.056,176816,4
"S406","Occhi di gatto","Cristina D'Avena","3zNSti1KhGpc41OkIgaoAU","1IPsn7d84HQ5V311bDHNrq","Occhi di gatto","Cristina D'Avena","Cristina d'Avena e i tuoi amici in tv 16","https://open.spotify.com/track/3zNSti1KhGpc41OkIgaoAU",0.564,0.932,2,-3.113,1,0.0441,0.0388,0.203,0.111,0.961,150.681,202347,4
"S408","Comprami","Viola Valentino","7K7iBR3rCpmBn4TFmhjnQ9","7y7fXMf0viI4KxjcPQaNSR","Comprami","Viola Valentino","Le più belle canzoni di Viola Valentino","https://open.spotify.com/track/7K7iBR3rCpmBn4TFmhjnQ9",0.784,0.863,10,-8.433,1,0.065,0.375,0.0401,0.0938,0.841,130.275,237560,4
"S409","Fiesta (Spanish version)","Raffaella Carrà","1pYCSG5fIUBiiJ1KAfvih2","6EVyI0S0b1Ld2nm37m5x85","Fiesta - Spanish version","Raffaella Carrà","JOY (Spanish Version)","https://open.spotify.com/track/1pYCSG5fIUBiiJ1KAfvih2",0.743,0.835,11,-6.545,1,0.0773,0.142,0,0.102,0.838,113.314,201027,4
"S410","Kobra","Donatella Rettore","7mHsKepJwoP9zieWBclpVW","7eIqewR3PiwQDItf5G2SyV","Kobra","Donatella Rettore","Magnifico delirio (Gli Indimenticabili)","https://open.spotify.com/track/7mHsKepJwoP9zieWBclpVW",0.822,0.517,0,-11.347,0,0.0957,0.713,0.00647,0.155,0.763,117.377,207160,4
"S411","Champion","RuPaul","2s42bLtj1KAAqFXqPHKr8t","2SdOKxC1sSxEyv8JYERaNe","Champion","RuPaul","Champion","https://open.spotify.com/track/2s42bLtj1KAAqFXqPHKr8t",0.842,0.855,1,-6.044,0,0.112,0.0659,6.58e-05,0.087,0.773,125.027,216640,4
"S412","Cicale","Heather Parisi","4c2ypSbxlEtTNcyJ6uZcdn","1HgVjrg402nAvOjDlXXA2n","Cicale","Heather Parisi","Disco Bambina","https://open.spotify.com/track/4c2ypSbxlEtTNcyJ6uZcdn",0.824,0.897,7,-5.587,1,0.0526,0.0823,0.334,0.0269,0.962,138.459,234067,4
"S413","Non sono una signora","Loredana Bertè","1zj7vlb9EFZ8NqbSHofkGT","2XpUprTohaksHpVjUtTvlx","Non sono una signora","Loredana Bertè","Traslocando","https://open.spotify.com/track/1zj7vlb9EFZ8NqbSHofkGT",0.744,0.737,2,-8.587,1,0.0347,0.0874,2.65e-06,0.742,0.585,128.357,209467,4
"S141","Opposites Attract","Paula Abdul","7z38bideBRvGAgjXe2SECm","4PpmBoqphQusNFsxuVKb6j","Opposites Attract","Paula Abdul","Forever Your Girl","https://open.spotify.com/track/7z38bideBRvGAgjXe2SECm",0.783,0.842,1,-8.838,1,0.054,0.0337,2.57e-06,0.0519,0.933,117.79,265373,4
"S142","There's No Business Like Show Business","Ethel Merman","5heiTautAti5rDVU1OhneA","4Kgu9tJgtNXTWMjefKahs9","There's No Business Like Show Business - From ""Annie Get Your Gun""","Ethel Merman","Annie Get Your Gun (Original Broadway Cast / Bonus Tracks)","https://open.spotify.com/track/5heiTautAti5rDVU1OhneA",0.668,0.291,1,-11.906,1,0.0718,0.968,0,0.187,0.685,135.245,191293,4
"S144","Don't Cha","The Pussycat Dolls ft. Busta Rhymes","1gZ7i4qxXkHZb1r6eioaAP","6wPhSqRtPu1UhRCDX5yaDJ","Don't Cha","The Pussycat Dolls","PCD","https://open.spotify.com/track/1gZ7i4qxXkHZb1r6eioaAP",0.877,0.637,1,-3.493,0,0.101,0.00516,2.5e-06,0.0959,0.569,119.988,272080,4
"S145","Dancing on My Own","Robyn","7g13jf3zqlP5S68Voo5v9m","6UE7nl9mha6s8z0wFQFIZ2","Dancing On My Own - Radio Edit","Robyn","Body Talk","https://open.spotify.com/track/7g13jf3zqlP5S68Voo5v9m",0.573,0.926,6,-6.045,1,0.0342,0.00202,0.0117,0.127,0.219,117.047,278080,4
"S146","Responsitrannity (Matt Pop Remix)","RuPaul",NA,NA,NA,NA,NA,NA,NA,NA,NA,NA,NA,NA,NA,NA,NA,NA,NA,NA,NA
"S192","Shake It Off","Taylor Swift","5xTtaWoae3wi06K5WfVUUH","06HL4z0CvFAxyc27GXpf02","Shake It Off","Taylor Swift","1989","https://open.spotify.com/track/5xTtaWoae3wi06K5WfVUUH",0.647,0.785,7,-5.414,1,0.165,0.0561,0,0.148,0.943,160.015,219200,4
"S193","Le Freak","Chic","7Kszjzps0xbQXyo1pO4KfE","0Xf8oDAJYd2D0k3NLI19OV","Le Freak - 2018 Remaster","CHIC","C'est Chic (2018 Remaster)","https://open.spotify.com/track/7Kszjzps0xbQXyo1pO4KfE",0.91,0.641,7,-11.316,1,0.0589,0.0258,6.42e-05,0.0642,0.903,118.533,331360,4
"S194","Tell It to My Heart","Taylor Dayne","3YVPpVJvJG2EauXurPA90F","32lVGr0fSRGT6okLKHiP68","Tell It to My Heart","Taylor Dayne","Tell It to My Heart (Expanded Edition)","https://open.spotify.com/track/3YVPpVJvJG2EauXurPA90F",0.638,0.988,1,-5.042,1,0.0921,0.0302,1.16e-05,0.371,0.723,117.955,220880,4
"S195","Got to Be Real","Cheryl Lynn","58r4JuwHhXLAkttkaUZfLw","6UfoTQXaV3DuqtDVjZIxwZ","Got to Be Real","Cheryl Lynn","Cheryl Lynn (Expanded Edition)","https://open.spotify.com/track/58r4JuwHhXLAkttkaUZfLw",0.836,0.626,9,-10.143,0,0.0335,0.0943,0.742,0.153,0.898,114.657,307947,4
"S196","Shut Up and Drive","Rihanna","4Tn2llBm1g0UlWctmgPL8Z","5pKCCKE2ajJHZ9KAiaK11H","Shut Up And Drive","Rihanna","Good Girl Gone Bad: Reloaded","https://open.spotify.com/track/4Tn2llBm1g0UlWctmgPL8Z",0.735,0.826,1,-4.902,1,0.0349,0.00101,0.129,0.197,0.74,132.964,212280,4
"S197","Cherry Bomb","Joan Jett & The Blackhearts","5Eald1GAoLr6NNtOkgOaMO","1Fmb52lZ6Jv7FMWXXTPO3K","Cherry Bomb","Joan Jett & the Blackhearts","Glorious Results of a Misspent Youth (Expanded Edition)","https://open.spotify.com/track/5Eald1GAoLr6NNtOkgOaMO",0.533,0.926,11,-6.139,1,0.0525,0.225,4.8e-05,0.0572,0.401,128.51,155747,4
"S198","Step It Up","RuPaul ft. Dave Audé","42tJz92MbgBVpy0jmNR9gD","2SdOKxC1sSxEyv8JYERaNe","Step It Up (feat. Dave Audé)","RuPaul","Realness","https://open.spotify.com/track/42tJz92MbgBVpy0jmNR9gD",0.683,0.956,4,-4.569,0,0.0857,0.00218,0.00124,0.299,0.828,124.988,213920,4
"S199","If I Were Your Woman","Gladys Knight & the Pips","3FWqBK4ZKpAdffVPvPFJjB","0TF2NxkJZPQoX1H53rEFM1","If I Were Your Woman - Single Version","Gladys Knight & The Pips","If I Were Your Woman","https://open.spotify.com/track/3FWqBK4ZKpAdffVPvPFJjB",0.472,0.492,6,-10.435,1,0.0583,0.711,0.107,0.679,0.555,74.09,194533,4
"S213","Anaconda","Nicki Minaj","794F99D5BQHS5ZGRXAs7I5","0hCNtLu0JehylgoiP8L4Gh","Anaconda","Nicki Minaj","The Pinkprint (Deluxe)","https://open.spotify.com/track/794F99D5BQHS5ZGRXAs7I5",0.964,0.605,9,-6.223,1,0.179,0.0668,7.78e-06,0.214,0.646,129.994,260240,4
"S214","Jump (For My Love)","The Pointer Sisters","3L9ClO1W5KmebIXTrlKShF","2kreKea2n96dXjcyAU9j5N","Jump (For My Love)","The Pointer Sisters","Break Out","https://open.spotify.com/track/3L9ClO1W5KmebIXTrlKShF",0.842,0.697,10,-13.796,0,0.0654,0.161,0.000101,0.583,0.916,134.533,267227,4
"S215","Green Light","Lorde","6ie2Bw3xLj2JcGowOlcMhb","163tK9Wjr9P9DmM0AVK7lm","Green Light","Lorde","Melodrama","https://open.spotify.com/track/6ie2Bw3xLj2JcGowOlcMhb",0.594,0.721,2,-7.812,1,0.0957,0.0209,8.55e-06,0.0879,0.253,128.942,234653,4
"S216","I Kissed a Girl","Katy Perry","005lwxGU1tms6HGELIcUv9","6jJ0s89eD6GaHleKKya26X","I Kissed A Girl","Katy Perry","One Of The Boys","https://open.spotify.com/track/005lwxGU1tms6HGELIcUv9",0.699,0.76,5,-3.173,1,0.0677,0.00223,0,0.132,0.696,129.996,179640,4
"S218","The Boss","Diana Ross","5kfQK1Vb1mKSwzVn32Tarj","3MdG05syQeRYPPcClLaUGl","The Boss","Diana Ross","The Boss (Expanded Edition)","https://open.spotify.com/track/5kfQK1Vb1mKSwzVn32Tarj",0.639,0.905,4,-4.215,0,0.0543,0.235,4.93e-05,0.206,0.825,123.66,241333,4
"S220","Nobody's Supposed to Be Here (Hex Hector Dance Mix)","Deborah Cox","0OdiAlnSN0k39jarFqVTY8","601893mmW5hl1FBOykWZHG","Nobody's Supposed to Be Here - Dance Mix","Deborah Cox","One Wish","https://open.spotify.com/track/0OdiAlnSN0k39jarFqVTY8",0.73,0.918,9,-4.052,1,0.0553,0.0522,0.0112,0.0887,0.705,127.964,254467,4
"S222","Freaky Money","RuPaul ft. Big Freedia","5AuF8YEo34zM8IP7uhipDN","2SdOKxC1sSxEyv8JYERaNe","Freaky Money (feat. Big Freedia)","RuPaul","Born Naked","https://open.spotify.com/track/5AuF8YEo34zM8IP7uhipDN",0.745,0.623,2,-4.008,1,0.111,0.000587,0,0.237,0.399,103.677,183333,4
"S223","Wrecking Ball","Miley Cyrus","2vwlzO0Qp8kfEtzTsCXfyE","5YGY8feqx7naU7z4HrwZM6","Wrecking Ball","Miley Cyrus","Bangerz (Deluxe Version)","https://open.spotify.com/track/2vwlzO0Qp8kfEtzTsCXfyE",0.53,0.422,5,-6.262,1,0.0342,0.407,0,0.107,0.349,119.964,221360,4
"S240","Emotions","Mariah Carey","0cELvuwJW1acISUHYB6suj","4iHNK0tOyZPYnBU7nGAgpQ","Emotions","Mariah Carey","Emotions","https://open.spotify.com/track/0cELvuwJW1acISUHYB6suj",0.74,0.752,9,-7.008,0,0.0359,0.0409,0.00125,0.0233,0.939,114.851,248093,4
"S241","Into You","Ariana Grande","63y6xWR4gXz7bnUGOk8iI6","66CXWjxzNUsdJxJ2JdwvnR","Into You","Ariana Grande","Dangerous Woman","https://open.spotify.com/track/63y6xWR4gXz7bnUGOk8iI6",0.623,0.734,9,-5.948,1,0.107,0.0162,1.75e-06,0.145,0.37,107.853,244453,4
"S242","How Will I Know","Whitney Houston","79wbJeLkXOlJh4AzaWCWfL","6XpaIBNiVzIetEPCWDvAFP","How Will I Know","Whitney Houston","How Will I Know","https://open.spotify.com/track/79wbJeLkXOlJh4AzaWCWfL",0.761,0.739,6,-3.591,1,0.0369,0.178,3.35e-06,0.23,0.656,118.997,213436,4
"S243","The Bitch Is Back","Tina Turner",NA,NA,NA,NA,NA,NA,NA,NA,NA,NA,NA,NA,NA,NA,NA,NA,NA,NA,NA
"S244","Jump to It","Aretha Franklin","1DWTFcfjHR8I98KSRk2ntW","7nwUJBm0HE4ZxD3f5cy5ok","Jump to It - Single Version","Aretha Franklin","Jump to It (Expanded Edition)","https://open.spotify.com/track/1DWTFcfjHR8I98KSRk2ntW",0.788,0.605,8,-9.003,0,0.185,0.141,1.56e-06,0.0844,0.898,119.74,257653,4
"S246","Kitty Girl","RuPaul","6ecG7zlvn65piigZIjEgFc","2SdOKxC1sSxEyv8JYERaNe","Kitty Girl (feat. The Cast of Rupaul's Drag Race All Stars, Season 3)","RuPaul","Kitty Girl (feat. The Cast of Rupaul's Drag Race All Stars, Season 3)","https://open.spotify.com/track/6ecG7zlvn65piigZIjEgFc",0.824,0.792,8,-4.078,1,0.0415,0.00358,0,0.102,0.777,124.993,195850,4
"S247","Adrenaline","RuPaul ft. Myah Marie","1gM6c6WMFnzdzKuR4L9WWf","2SdOKxC1sSxEyv8JYERaNe","Adrenaline (feat. Myah Marie)","RuPaul","Born Naked","https://open.spotify.com/track/1gM6c6WMFnzdzKuR4L9WWf",0.8,0.647,2,-5.637,1,0.165,0.049,1.3e-06,0.0821,0.486,127.988,272827,4
"S248","Peanut Butter","RuPaul ft. Big Freedia","3Y3K9KOHuH3ZXsNNI2AibB","2SdOKxC1sSxEyv8JYERaNe","Peanut Butter (feat. Big Freedia)","RuPaul","Peanut Butter (feat. Big Freedia)","https://open.spotify.com/track/3Y3K9KOHuH3ZXsNNI2AibB",0.75,0.696,7,-3.903,1,0.136,0.0459,0,0.315,0.503,106.068,203314,4
"S250","You Spin Me Round (Like a Record)","Dead or Alive","1ChulFMnwxoD74Me8eX2TU","5WWSL6rElJeUk3Uc1S2RyD","You Spin Me Round (Like a Record)","Dead Or Alive","Evolution: The Hits","https://open.spotify.com/track/1ChulFMnwxoD74Me8eX2TU",0.554,0.963,6,-3.762,0,0.035,0.000244,0.0702,0.431,0.918,128.175,195147,4
"S252","Come Rain or Come Shine","Judy Garland","1rtzABisO0N3DL9S3WQ2Z1","0hItVPjwJLVZrFqOyIsxPf","Come Rain Or Come Shine","Judy Garland","Judy","https://open.spotify.com/track/1rtzABisO0N3DL9S3WQ2Z1",0.456,0.285,7,-13.676,1,0.0858,0.766,0,0.0786,0.516,83.435,221293,4
"S254","When I Think of You","Janet Jackson","3mJ6pNcFM2CkykCYSREdKT","4qwGe91Bz9K2T8jXTZ815W","When I Think Of You","Janet Jackson","Control","https://open.spotify.com/track/3mJ6pNcFM2CkykCYSREdKT",0.759,0.639,9,-11.386,1,0.0425,0.084,0.0331,0.0518,0.706,116.207,235493,4
"S256","Fighter","Christina Aguilera","7nXq1vaZiz7PdbfojpPjW5","1l7ZsJRRS8wlW3WfJfPfNS","Fighter","Christina Aguilera","Stripped","https://open.spotify.com/track/7nXq1vaZiz7PdbfojpPjW5",0.435,0.92,4,-1.357,0,0.201,0.235,0.000353,0.552,0.45,188.899,245960,4
"S301","Livin' la Vida Loca","Ricky Martin","0Ph6L4l8dYUuXFmb71Ajnd","7slfeZO9LsJbWgpkIoXBUJ","Livin' la Vida Loca","Ricky Martin","Ricky Martin","https://open.spotify.com/track/0Ph6L4l8dYUuXFmb71Ajnd",0.425,0.954,1,-3.756,0,0.0476,0.00414,0,0.0555,0.933,178.043,243160,4
"S302","Neutron Dance","The Pointer Sisters","3Uyxe1fbF4zWSEwy38qgMw","2kreKea2n96dXjcyAU9j5N","Neutron Dance","The Pointer Sisters","Break Out (1983 Version - Expanded Edition)","https://open.spotify.com/track/3Uyxe1fbF4zWSEwy38qgMw",0.752,0.839,9,-6.879,1,0.0503,0.0236,0,0.263,0.864,104.794,253413,4
"S303","Juice","Lizzo","0k664IuFwVP557Gnx7RhIl","56oDRnqbIiwx4mymNEv7dS","Juice","Lizzo","Cuz I Love You","https://open.spotify.com/track/0k664IuFwVP557Gnx7RhIl",0.767,0.889,7,-2.988,1,0.0963,0.00611,0,0.402,0.843,119.93,195145,4
"S304","Where Have You Been","Rihanna","5WQQIDU3HRaMyPkob8mpFb","5pKCCKE2ajJHZ9KAiaK11H","Where Have You Been","Rihanna","Talk That Talk","https://open.spotify.com/track/5WQQIDU3HRaMyPkob8mpFb",0.719,0.847,0,-6.34,0,0.0916,0.00201,0.0204,0.221,0.444,127.963,242680,4
"S306","Open Your Heart","Madonna","3kme5Qos8h04yrKxsgur79","6tbjWDEIzxoDsBA1FuhfPW","Open Your Heart","Madonna","Celebration (double disc version)","https://open.spotify.com/track/3kme5Qos8h04yrKxsgur79",0.656,0.899,5,-5.039,1,0.0565,0.0261,0,0.0936,0.865,113.239,229280,4
"S308","One Last Time","Ariana Grande","7xoUc6faLbCqZO6fQEYprd","66CXWjxzNUsdJxJ2JdwvnR","One Last Time","Ariana Grande","My Everything (Deluxe)","https://open.spotify.com/track/7xoUc6faLbCqZO6fQEYprd",0.628,0.593,8,-5.036,1,0.0323,0.093,1.65e-06,0.096,0.104,125.026,197267,4
"S310","Fancy","Reba McEntire","0FtV0YbnnjD7PXpLHFHPhn","02rd0anEWfMtF7iMku9uor","Fancy","Reba McEntire","Rumor Has It","https://open.spotify.com/track/0FtV0YbnnjD7PXpLHFHPhn",0.674,0.517,11,-11.225,1,0.0726,0.226,0,0.0697,0.482,94.98,299733,4
"S312","Make Me Feel","Janelle Monáe","5gW5dSy3vXJxgzma4rQuzH","6ueGR6SWhUJfvEhqkvMsVs","Make Me Feel","Janelle Monáe","Dirty Computer","https://open.spotify.com/track/5gW5dSy3vXJxgzma4rQuzH",0.859,0.413,1,-7.399,1,0.182,0.132,0,0.334,0.697,115.035,194230,4
"S374","Uptown Funk","Mark Ronson ft. Bruno Mars","32OlwWuMpZ6b0aN2RZOeMS","3hv9jJF3adDNsBSIQDqcjp","Uptown Funk (feat. Bruno Mars)","Mark Ronson","Uptown Special","https://open.spotify.com/track/32OlwWuMpZ6b0aN2RZOeMS",0.856,0.609,0,-7.223,1,0.0824,0.00801,8.15e-05,0.0344,0.928,114.988,269667,4
"S375","Miss You Much","Janet Jackson","4r5VaK6H1bq0cTGPMTN97Z","4qwGe91Bz9K2T8jXTZ815W","Miss You Much","Janet Jackson","Rhythm Nation 1814","https://open.spotify.com/track/4r5VaK6H1bq0cTGPMTN97Z",0.702,0.975,6,-7.968,0,0.0396,0.0305,0.000134,0.165,0.646,115.185,252333,4
"S377","Physical","Dua Lipa","37NeHfIrkZbC05win7NE0A","6M2wZ9GZgrQXHCFfjv46we","Physical","Dua Lipa","Pride By Jessie James Decker","https://open.spotify.com/track/37NeHfIrkZbC05win7NE0A",0.647,0.844,0,-3.756,1,0.0457,0.0137,0.000658,0.102,0.746,146.967,193829,4
"S379","Womanizer","Britney Spears","4fixebDZAVToLbUCuEloa2","26dSoYclwsYLMAKD3tpOr4","Womanizer","Britney Spears","Circus (Deluxe Version)","https://open.spotify.com/track/4fixebDZAVToLbUCuEloa2",0.724,0.695,11,-5.226,1,0.0622,0.073,0,0.0889,0.235,139,224400,4
"S381","Phone","Lizzo","61yntOSHzW2kTeEsLhOH9c","56oDRnqbIiwx4mymNEv7dS","Phone","Lizzo","Phone","https://open.spotify.com/track/61yntOSHzW2kTeEsLhOH9c",0.914,0.526,2,-3.698,1,0.299,0.0868,1.7e-05,0.053,0.819,140.005,169043,4
"S382","Dirrty","Christina Aguilera ft. Redman","59ZTxQo8rBycIXPLUIKvE2","1l7ZsJRRS8wlW3WfJfPfNS","Dirrty (feat. Redman)","Christina Aguilera","Stripped","https://open.spotify.com/track/59ZTxQo8rBycIXPLUIKvE2",0.64,0.889,2,-3.073,1,0.322,0.107,0,0.339,0.436,99.931,298853,4
"S384","Dance Again","Jennifer Lopez ft. Pitbull","4d2hD63oUGU3s7L66JD0BE","2DlGxzQSjYe5N6G9nkYghR","Dance Again","Jennifer Lopez","Dance Again...The Hits","https://open.spotify.com/track/4d2hD63oUGU3s7L66JD0BE",0.792,0.856,11,-5.236,0,0.067,0.0159,2.88e-06,0.0981,0.714,127.988,237267,4
"S385","Sugar Walls","Sheena Easton","4kVE7IVF3ZlD1d7k08dmVY","5dcOK4stT4JDkP6Dqhbz5s","Sugar Walls","Sheena Easton","A Private Heaven [Bonus Tracks Version]","https://open.spotify.com/track/4kVE7IVF3ZlD1d7k08dmVY",0.744,0.55,10,-12.689,1,0.0554,0.0746,4.2e-05,0.0353,0.853,126.51,241600,4
"S386","Boom Clap","Charli XCX","0Y1MWB026LYxGvhq4EcMiC","25uiPmTg16RbhZWAqwLBy5","Boom Clap","Charli XCX","SUCKER","https://open.spotify.com/track/0Y1MWB026LYxGvhq4EcMiC",0.659,0.911,4,-2.28,1,0.0786,0.154,0.000304,0.191,0.576,91.999,169866,4
"S387","Since U Been Gone","Kelly Clarkson","3xrn9i8zhNZsTtcoWgQEAd","3BmGtnKgCSGYIUhmivXKWX","Since U Been Gone","Kelly Clarkson","Breakaway","https://open.spotify.com/track/3xrn9i8zhNZsTtcoWgQEAd",0.662,0.741,0,-5.406,1,0.0334,0.00165,0.0303,0.114,0.404,131,188960,4
"S388","Heartbreaker","Pat Benatar","22ML0MuFKfw16WejbxsLOy","43mhFhQ4JAknA7Ik1bOZuV","Heartbreaker","Pat Benatar","In The Heat Of The Night","https://open.spotify.com/track/22ML0MuFKfw16WejbxsLOy",0.466,0.588,5,-10.666,0,0.0812,0.285,9.94e-06,0.0535,0.882,156.131,209360,4
"S389","Free Your Mind","En Vogue","2vG1yrWSMiL6egg6w4e9ma","5fikk4h5qbEebqK2Fc6e48","Free Your Mind","En Vogue","Funky Divas","https://open.spotify.com/track/2vG1yrWSMiL6egg6w4e9ma",0.765,0.831,7,-6.522,1,0.0565,0.0894,0,0.393,0.809,100.026,293106,4
"S390","Girls Just Want to Have Fun","Cyndi Lauper","4y1LsJpmMti1PfRQV9AWWe","2BTZIqw0ntH9MvilQ3ewNY","Girls Just Want to Have Fun","Cyndi Lauper","She's So Unusual","https://open.spotify.com/track/4y1LsJpmMti1PfRQV9AWWe",0.71,0.799,6,-4.897,1,0.0328,0.22,0.000602,0.349,0.725,120.372,238267,4
"S391","Focus","Ariana Grande","1cdzfFjEbUbgTm5nv3FgXR","66CXWjxzNUsdJxJ2JdwvnR","Focus","Ariana Grande","Focus","https://open.spotify.com/track/1cdzfFjEbUbgTm5nv3FgXR",0.671,0.876,6,-6.034,1,0.239,0.266,0,0.444,0.8,100.016,211360,4
"S392","Song for the Lonely","Cher","1nu7ec0zCNvyHRrFXZsFHy","72OaDtakiy6yFqkt4TsiFt","Song for the Lonely","Cher","Living Proof","https://open.spotify.com/track/1nu7ec0zCNvyHRrFXZsFHy",0.548,0.915,0,-7.01,1,0.0556,0.00528,0,0.186,0.38,129.972,202600,4
"S393","Barbie Girl","Aqua","2RSOzvKUnfDDrb2nQPfpQU","6kBjAFKyd0he7LiA5GQ3Gz","Barbie Girl","Aqua","Aquarium","https://open.spotify.com/track/2RSOzvKUnfDDrb2nQPfpQU",0.81,0.957,1,-6.049,0,0.0364,0.0165,0.284,0.248,0.962,129.985,197773,4
"S394","Good Golly, Miss Molly","Little Richard","0ZvgXNstN4o2ZXPomtBYVp","4xls23Ye9WR9yy3yYMpAMm","Good Golly, Miss Molly","Little Richard","Good Golly!","https://open.spotify.com/track/0ZvgXNstN4o2ZXPomtBYVp",0.563,0.741,7,-11.947,1,0.0486,0.602,0.00251,0.325,0.967,164.15,129133,4
"S395","Stupid Love","Lady Gaga","7yBbV2k2S2uhaQc24NF2xt","1HY2Jd0NmPuamShAr6KMms","Stupid Love","Lady Gaga","Chromatica","https://open.spotify.com/track/7yBbV2k2S2uhaQc24NF2xt",0.68,0.825,8,-4.296,1,0.0702,0.00173,0.000122,0.27,0.784,117.987,193533,4
"S418","Say You'll Be There","Spice Girls","1yTQ39my3MoNROlFw3RDNy","0uq5PttqEjj3IH1bzwcrXF","Say You'll Be There","Spice Girls","Spice","https://open.spotify.com/track/1yTQ39my3MoNROlFw3RDNy",0.726,0.679,1,-6.219,1,0.0473,0.0149,1.49e-06,0.0837,0.751,107.02,235973,4
"S420","Supermodel (You Better Work) (El Lay Toya Jam)","RuPaul","3js5CwbiivgUzJbZINBAZA","2SdOKxC1sSxEyv8JYERaNe","SuperModel f/Shirley Q. Liquor - El Lay Toya Jam","RuPaul","RuPaul. SuperModel (You Better Work) ReMixes","https://open.spotify.com/track/3js5CwbiivgUzJbZINBAZA",0.816,0.844,11,-8.153,0,0.0687,0.0147,0.0028,0.103,0.712,128.01,237760,4
"S422","We Like to Party! (The Vengabus)","Vengaboys","3UL6Lzsocv9Ucizgzid2B0","0cwmNvclzPd8mQnoHuIksj","We like to Party! (The Vengabus)","Vengaboys","Greatest Hits!","https://open.spotify.com/track/3UL6Lzsocv9Ucizgzid2B0",0.785,0.931,8,-4.813,1,0.0465,0.0152,0.641,0.046,0.969,135.993,222459,4
"S424","Let It Go","Alexandra Burke","2yLzM5woheXDk3K9XelcbH","6yZoNdsPrYLviaEOOzbZt8","Let It Go","Alexandra Burke","Heartbreak On Hold (Expanded Edition)","https://open.spotify.com/track/2yLzM5woheXDk3K9XelcbH",0.728,0.719,0,-5.202,1,0.0373,0.0142,0,0.185,0.745,127.944,204907,4
"S426","Toy","Netta","6n2eIfLj0wOOUkUfNmYzlh","4Z4afeDmHFxPmJorIwupbZ","Toy","Netta","Toy","https://open.spotify.com/track/6n2eIfLj0wOOUkUfNmYzlh",0.786,0.712,3,-5.349,0,0.0678,0.0706,0,0.236,0.795,130.144,180231,4
"S428","Domino","Jessie J","6MAdEUilV2p9RQUqE5bMAK","2gsggkzM5R49q6jpPvazou","Domino","Jessie J","Who You Are (Platinum Edition)","https://open.spotify.com/track/6MAdEUilV2p9RQUqE5bMAK",0.757,0.547,7,-4.573,1,0.0355,0.0115,0,0.0445,0.793,126.977,231693,4
"S429","The Reflex","Duran Duran","4sz1Ng2Cgidfqqiy0pNL6R","0lZoBs4Pzo7R89JM9lxwoT","The Reflex - Single Version; 2010 Remaster","Duran Duran","Seven and the Ragged Tiger (Deluxe Edition)","https://open.spotify.com/track/4sz1Ng2Cgidfqqiy0pNL6R",0.554,0.888,0,-6.664,1,0.087,0.107,0,0.291,0.82,126.701,267427,4
"S430","Supernova","Kylie Minogue","2kYDYNJcZyEADRXwoZgQUk","4RVnAU35WRWra6OZ3CbbMA","Supernova","Kylie Minogue","DISCO (Deluxe)","https://open.spotify.com/track/2kYDYNJcZyEADRXwoZgQUk",0.568,0.929,4,-3.274,0,0.0845,0.00188,0.165,0.39,0.557,124,197880,4
